[2026-05-09T09:31:38+09:00] using node: C:\Program Files\nodejs\node.exe
[2026-05-09T09:31:38+09:00] scheduled run started
[2026-05-09T09:31:40+09:00] fetched listing via Invoke-WebRequest: https://www.esthe-ranking.jp/nagoya/asian/
[2026-05-09T09:31:41+09:00] fetched listing via Invoke-WebRequest: https://www.esthe-ranking.jp/sakae/asian/
[2026-05-09T09:31:43+09:00] fetched listing via Invoke-WebRequest: https://www.esthe-ranking.jp/shinsakae/asian/
[2026-05-09T09:31:44+09:00] fetched listing via Invoke-WebRequest: https://www.esthe-ranking.jp/kanayama/asian/
[2026-05-09T09:31:45+09:00] fetched listing via Invoke-WebRequest: https://www.esthe-ranking.jp/kurokawa/asian/
[2026-05-09T10:30:59+09:00] Invoke-WebRequest failed: 転送接続からデータを読み取れません: 既存の接続はリモート ホストに強制的に切断されました。。
[2026-05-09T10:31:00+09:00] fetched listing via curl.exe: https://www.esthe-ranking.jp/hoshigaoka/asian/
[2026-05-09T10:31:01+09:00] fetched listing via Invoke-WebRequest: https://www.esthe-ranking.jp/moriyama/asian/
[2026-05-09T10:31:02+09:00] fetched listing via Invoke-WebRequest: https://www.esthe-ranking.jp/otai/asian/
[2026-05-09T10:31:03+09:00] fetched listing via Invoke-WebRequest: https://www.esthe-ranking.jp/tokaidori/asian/
[2026-05-09T10:31:04+09:00] fetched listing via Invoke-WebRequest: https://www.esthe-ranking.jp/kasadera/asian/
[2026-05-09T11:31:02+09:00] Invoke-WebRequest failed: 転送接続からデータを読み取れません: 既存の接続はリモート ホストに強制的に切断されました。。
[2026-05-09T11:31:06+09:00] fetched listing via curl.exe: https://www.esthe-ranking.jp/toyota/asian/
[2026-05-09T11:31:09+09:00] fetched listing via Invoke-WebRequest: https://www.esthe-ranking.jp/horita/asian/
[2026-05-09T11:31:10+09:00] fetched listing via Invoke-WebRequest: https://www.esthe-ranking.jp/tsurumai/asian/
[2026-05-09T11:31:12+09:00] fetched listing via Invoke-WebRequest: https://www.esthe-ranking.jp/showa/asian/
[2026-05-09T12:25:25+09:00] Invoke-WebRequest failed: 転送接続からデータを読み取れません: 既存の接続はリモート ホストに強制的に切断されました。。
[2026-05-09T12:25:27+09:00] fetched listing via curl.exe: https://www.esthe-ranking.jp/komaki/asian/
[2026-05-09T12:25:31+09:00] fetched listing via Invoke-WebRequest: https://www.esthe-ranking.jp/owari/asian/
[2026-05-09T12:25:34+09:00] fetched listing via Invoke-WebRequest: https://www.esthe-ranking.jp/chita/asian/
[2026-05-09T12:25:37+09:00] fetched listing via Invoke-WebRequest: https://www.esthe-ranking.jp/toyohashi/asian/
[2026-05-09T12:25:41+09:00] found detail urls: 897
[2026-05-09T12:25:42+09:00] found municipality urls: 185
[2026-05-09T12:25:43+09:00] fetched municipality via Invoke-WebRequest: https://www.esthe-ranking.jp/nagoya/nagoya-station/asian/
[2026-05-09T12:25:44+09:00] fetched municipality via Invoke-WebRequest: https://www.esthe-ranking.jp/nagoya/nakamurakoen-station/asian/
[2026-05-09T12:25:45+09:00] fetched municipality via Invoke-WebRequest: https://www.esthe-ranking.jp/nagoya/iwatsuka-station/asian/
[2026-05-09T12:25:46+09:00] fetched municipality via Invoke-WebRequest: https://www.esthe-ranking.jp/nagoya/hatta-station/asian/
[2026-05-09T12:25:47+09:00] fetched municipality via Invoke-WebRequest: https://www.esthe-ranking.jp/nagoya/sako-station/asian/
[2026-05-09T12:25:48+09:00] fetched municipality via Invoke-WebRequest: https://www.esthe-ranking.jp/nagoya/kamejima-station/asian/
[2026-05-09T12:25:49+09:00] fetched municipality via Invoke-WebRequest: https://www.esthe-ranking.jp/nagoya/taikoudori-station/asian/
[2026-05-09T12:25:50+09:00] fetched municipality via Invoke-WebRequest: https://www.esthe-ranking.jp/nagoya/kokusaicenter-station/asian/
[2026-05-09T12:25:51+09:00] fetched municipality via Invoke-WebRequest: https://www.esthe-ranking.jp/nagoya/honjin-station/asian/
[2026-05-09T12:25:52+09:00] fetched municipality via Invoke-WebRequest: https://www.esthe-ranking.jp/nagoya/nagoya-haken/asian/
[2026-05-09T12:25:54+09:00] fetched municipality via Invoke-WebRequest: https://www.esthe-ranking.jp/schedule/nagoya/asian/
[2026-05-09T12:25:56+09:00] fetched municipality via Invoke-WebRequest: https://www.esthe-ranking.jp/video/nagoya/asian/
[2026-05-09T12:25:57+09:00] fetched municipality via Invoke-WebRequest: https://www.esthe-ranking.jp/girlsranking/nagoya/asian/
[2026-05-09T12:25:59+09:00] fetched municipality via Invoke-WebRequest: https://www.esthe-ranking.jp/sakae/sakae-station/asian/
[2026-05-09T12:26:01+09:00] fetched municipality via Invoke-WebRequest: https://www.esthe-ranking.jp/sakae/marunouchi-station/asian/
[2026-05-09T12:26:02+09:00] fetched municipality via Invoke-WebRequest: https://www.esthe-ranking.jp/sakae/yabacho-station/asian/
[2026-05-09T12:26:03+09:00] fetched municipality via Invoke-WebRequest: https://www.esthe-ranking.jp/sakae/sakae-haken/asian/
[2026-05-09T12:26:05+09:00] fetched municipality via Invoke-WebRequest: https://www.esthe-ranking.jp/sakae/marunouchi-haken/asian/
[2026-05-09T12:26:06+09:00] fetched municipality via Invoke-WebRequest: https://www.esthe-ranking.jp/schedule/sakae/asian/
[2026-05-09T12:26:08+09:00] fetched municipality via Invoke-WebRequest: https://www.esthe-ranking.jp/video/sakae/asian/
[2026-05-09T12:26:09+09:00] fetched municipality via Invoke-WebRequest: https://www.esthe-ranking.jp/girlsranking/sakae/asian/
[2026-05-09T12:26:11+09:00] fetched municipality via Invoke-WebRequest: https://www.esthe-ranking.jp/shinsakae/shinsakaemachi-station/asian/
[2026-05-09T12:26:12+09:00] fetched municipality via Invoke-WebRequest: https://www.esthe-ranking.jp/shinsakae/chikusa-station/asian/
[2026-05-09T12:26:14+09:00] fetched municipality via Invoke-WebRequest: https://www.esthe-ranking.jp/shinsakae/imaike-station/asian/
[2026-05-09T12:26:16+09:00] fetched municipality via Invoke-WebRequest: https://www.esthe-ranking.jp/shinsakae/takaoka-station/asian/
[2026-05-09T12:26:17+09:00] fetched municipality via Invoke-WebRequest: https://www.esthe-ranking.jp/shinsakae/ikeshita-station/asian/
[2026-05-09T12:26:18+09:00] fetched municipality via Invoke-WebRequest: https://www.esthe-ranking.jp/shinsakae/higashiyamakouen-station/asian/
[2026-05-09T12:26:20+09:00] fetched municipality via Invoke-WebRequest: https://www.esthe-ranking.jp/shinsakae/shinsakaemachi-haken/asian/
[2026-05-09T12:26:21+09:00] fetched municipality via Invoke-WebRequest: https://www.esthe-ranking.jp/shinsakae/imaike-haken/asian/
[2026-05-09T12:26:23+09:00] fetched municipality via Invoke-WebRequest: https://www.esthe-ranking.jp/shinsakae/takaoka-haken/asian/
[2026-05-09T12:26:24+09:00] fetched municipality via Invoke-WebRequest: https://www.esthe-ranking.jp/schedule/shinsakae/asian/
[2026-05-09T12:26:25+09:00] fetched municipality via Invoke-WebRequest: https://www.esthe-ranking.jp/video/shinsakae/asian/
[2026-05-09T12:26:27+09:00] fetched municipality via Invoke-WebRequest: https://www.esthe-ranking.jp/girlsranking/shinsakae/asian/
[2026-05-09T12:26:28+09:00] fetched municipality via Invoke-WebRequest: https://www.esthe-ranking.jp/kanayama/kanayama-station/asian/
[2026-05-09T12:26:29+09:00] fetched municipality via Invoke-WebRequest: https://www.esthe-ranking.jp/kanayama/higashibetsuin-station/asian/
[2026-05-09T12:26:30+09:00] fetched municipality via Invoke-WebRequest: https://www.esthe-ranking.jp/kanayama/otobashi-station/asian/
[2026-05-09T12:26:31+09:00] fetched municipality via Invoke-WebRequest: https://www.esthe-ranking.jp/kanayama/hibino-station/asian/
[2026-05-09T12:26:32+09:00] fetched municipality via Invoke-WebRequest: https://www.esthe-ranking.jp/kanayama/rokubancho-station/asian/
[2026-05-09T12:26:33+09:00] fetched municipality via Invoke-WebRequest: https://www.esthe-ranking.jp/schedule/kanayama/asian/
[2026-05-09T12:26:34+09:00] fetched municipality via Invoke-WebRequest: https://www.esthe-ranking.jp/video/kanayama/asian/
[2026-05-09T12:26:36+09:00] fetched municipality via Invoke-WebRequest: https://www.esthe-ranking.jp/girlsranking/kanayama/asian/
[2026-05-09T12:26:37+09:00] fetched municipality via Invoke-WebRequest: https://www.esthe-ranking.jp/kurokawa/ozone-station/asian/
[2026-05-09T12:26:38+09:00] fetched municipality via Invoke-WebRequest: https://www.esthe-ranking.jp/kurokawa/kurokawa-station/asian/
[2026-05-09T12:26:39+09:00] fetched municipality via Invoke-WebRequest: https://www.esthe-ranking.jp/kurokawa/shigahondori-station/asian/
[2026-05-09T12:26:41+09:00] fetched municipality via Invoke-WebRequest: https://www.esthe-ranking.jp/kurokawa/kamiida-station/asian/
[2026-05-09T12:26:42+09:00] fetched municipality via Invoke-WebRequest: https://www.esthe-ranking.jp/kurokawa/heiandori-station/asian/
[2026-05-09T12:26:43+09:00] fetched municipality via Invoke-WebRequest: https://www.esthe-ranking.jp/kurokawa/chayagasaka-station/asian/
[2026-05-09T12:26:44+09:00] fetched municipality via Invoke-WebRequest: https://www.esthe-ranking.jp/kurokawa/aichi-jiyugaoka-station/asian/
[2026-05-09T12:26:47+09:00] fetched municipality via Invoke-WebRequest: https://www.esthe-ranking.jp/schedule/kurokawa/asian/
[2026-05-09T12:26:51+09:00] fetched municipality via Invoke-WebRequest: https://www.esthe-ranking.jp/video/kurokawa/asian/
[2026-05-09T12:26:52+09:00] fetched municipality via Invoke-WebRequest: https://www.esthe-ranking.jp/girlsranking/kurokawa/asian/
[2026-05-09T12:26:53+09:00] fetched municipality via Invoke-WebRequest: https://www.esthe-ranking.jp/hoshigaoka/issha-station/asian/
[2026-05-09T12:26:54+09:00] fetched municipality via Invoke-WebRequest: https://www.esthe-ranking.jp/hoshigaoka/kamiyashiro-station/asian/
[2026-05-09T12:26:55+09:00] fetched municipality via Invoke-WebRequest: https://www.esthe-ranking.jp/hoshigaoka/hongo-station/asian/
[2026-05-09T12:26:57+09:00] fetched municipality via Invoke-WebRequest: https://www.esthe-ranking.jp/hoshigaoka/fujigaoka-station/asian/
[2026-05-09T12:26:59+09:00] fetched municipality via Invoke-WebRequest: https://www.esthe-ranking.jp/schedule/hoshigaoka/asian/
[2026-05-09T12:27:00+09:00] fetched municipality via Invoke-WebRequest: https://www.esthe-ranking.jp/video/hoshigaoka/asian/
[2026-05-09T12:27:02+09:00] fetched municipality via Invoke-WebRequest: https://www.esthe-ranking.jp/girlsranking/hoshigaoka/asian/
[2026-05-09T12:27:03+09:00] fetched municipality via Invoke-WebRequest: https://www.esthe-ranking.jp/moriyama/shinmoriyama-station/asian/
[2026-05-09T12:27:05+09:00] fetched municipality via Invoke-WebRequest: https://www.esthe-ranking.jp/moriyama/obata-station/asian/
[2026-05-09T12:27:06+09:00] fetched municipality via Invoke-WebRequest: https://www.esthe-ranking.jp/moriyama/kitayama-station/asian/
[2026-05-09T12:27:07+09:00] fetched municipality via Invoke-WebRequest: https://www.esthe-ranking.jp/moriyama/omorikinjogakuinmae-station/asian/
[2026-05-09T12:27:08+09:00] fetched municipality via Invoke-WebRequest: https://www.esthe-ranking.jp/moriyama/inba-station/asian/
[2026-05-09T12:27:09+09:00] fetched municipality via Invoke-WebRequest: https://www.esthe-ranking.jp/schedule/moriyama/asian/
[2026-05-09T12:27:11+09:00] fetched municipality via Invoke-WebRequest: https://www.esthe-ranking.jp/video/moriyama/asian/
[2026-05-09T12:27:13+09:00] fetched municipality via Invoke-WebRequest: https://www.esthe-ranking.jp/girlsranking/moriyama/asian/
[2026-05-09T12:27:14+09:00] fetched municipality via Invoke-WebRequest: https://www.esthe-ranking.jp/otai/otai-station/asian/
[2026-05-09T12:27:16+09:00] fetched municipality via Invoke-WebRequest: https://www.esthe-ranking.jp/otai/hira-station/asian/
[2026-05-09T12:27:17+09:00] fetched municipality via Invoke-WebRequest: https://www.esthe-ranking.jp/otai/ajima-station/asian/
[2026-05-09T12:27:17+09:00] fetched municipality via Invoke-WebRequest: https://www.esthe-ranking.jp/otai/ajiyoshi-station/asian/
[2026-05-09T12:27:18+09:00] fetched municipality via Invoke-WebRequest: https://www.esthe-ranking.jp/otai/shonaidori-station/asian/
[2026-05-09T12:27:19+09:00] fetched municipality via Invoke-WebRequest: https://www.esthe-ranking.jp/otai/joshin-station/asian/
[2026-05-09T12:27:20+09:00] fetched municipality via Invoke-WebRequest: https://www.esthe-ranking.jp/schedule/otai/asian/
[2026-05-09T12:27:21+09:00] fetched municipality via Invoke-WebRequest: https://www.esthe-ranking.jp/video/otai/asian/
[2026-05-09T12:27:21+09:00] fetched municipality via Invoke-WebRequest: https://www.esthe-ranking.jp/girlsranking/otai/asian/
[2026-05-09T12:27:22+09:00] fetched municipality via Invoke-WebRequest: https://www.esthe-ranking.jp/tokaidori/tokaidori-station/asian/
[2026-05-09T12:27:23+09:00] fetched municipality via Invoke-WebRequest: https://www.esthe-ranking.jp/tokaidori/kohoku-station/asian/
[2026-05-09T12:27:24+09:00] fetched municipality via Invoke-WebRequest: https://www.esthe-ranking.jp/tokaidori/takabata-station/asian/
[2026-05-09T12:31:02+09:00] fetched municipality via Invoke-WebRequest: https://www.esthe-ranking.jp/tokaidori/minamiarako-station/asian/
[2026-05-09T12:31:04+09:00] fetched municipality via Invoke-WebRequest: https://www.esthe-ranking.jp/tokaidori/minatokuyakusho-station/asian/
[2026-05-09T12:31:05+09:00] fetched municipality via Invoke-WebRequest: https://www.esthe-ranking.jp/tokaidori/tsukijiguchi-station/asian/
[2026-05-09T12:31:06+09:00] fetched municipality via Invoke-WebRequest: https://www.esthe-ranking.jp/tokaidori/arakogawakoen-station/asian/
[2026-05-09T12:31:07+09:00] fetched municipality via Invoke-WebRequest: https://www.esthe-ranking.jp/tokaidori/toda-station/asian/
[2026-05-09T12:31:08+09:00] fetched municipality via Invoke-WebRequest: https://www.esthe-ranking.jp/tokaidori/nakajima-station/asian/
[2026-05-09T14:31:36+09:00] Invoke-WebRequest failed: 転送接続からデータを読み取れません: 既存の接続はリモート ホストに強制的に切断されました。。
[2026-05-09T14:31:38+09:00] fetched municipality via curl.exe: https://www.esthe-ranking.jp/schedule/tokaidori/asian/
[2026-05-09T14:31:40+09:00] fetched municipality via Invoke-WebRequest: https://www.esthe-ranking.jp/video/tokaidori/asian/
[2026-05-09T14:31:42+09:00] fetched municipality via Invoke-WebRequest: https://www.esthe-ranking.jp/girlsranking/tokaidori/asian/
[2026-05-09T14:31:44+09:00] fetched municipality via Invoke-WebRequest: https://www.esthe-ranking.jp/kasadera/kasadera-station/asian/
[2026-05-09T16:32:01+09:00] Invoke-WebRequest failed: 転送接続からデータを読み取れません: 既存の接続はリモート ホストに強制的に切断されました。。
[2026-05-09T16:32:03+09:00] fetched municipality via curl.exe: https://www.esthe-ranking.jp/kasadera/shibata-station/asian/
[2026-05-09T16:32:05+09:00] fetched municipality via Invoke-WebRequest: https://www.esthe-ranking.jp/kasadera/dotoku-station/asian/
[2026-05-09T17:31:22+09:00] fetched municipality via Invoke-WebRequest: https://www.esthe-ranking.jp/kasadera/oe-station/asian/
[2026-05-09T17:31:25+09:00] fetched municipality via Invoke-WebRequest: https://www.esthe-ranking.jp/kasadera/motohoshizaki-station/asian/
[2026-05-09T17:31:27+09:00] fetched municipality via Invoke-WebRequest: https://www.esthe-ranking.jp/kasadera/narumi-station/asian/
[2026-05-09T17:31:30+09:00] fetched municipality via Invoke-WebRequest: https://www.esthe-ranking.jp/kasadera/odaka-station/asian/
[2026-05-09T18:20:37+09:00] Invoke-WebRequest failed: 転送接続からデータを読み取れません: 既存の接続はリモート ホストに強制的に切断されました。。
[2026-05-09T18:20:39+09:00] fetched municipality via curl.exe: https://www.esthe-ranking.jp/kasadera/arimatsu-station/asian/
[2026-05-09T18:20:40+09:00] fetched municipality via Invoke-WebRequest: https://www.esthe-ranking.jp/kasadera/sakyoyama-station/asian/
[2026-05-09T18:20:43+09:00] fetched municipality via Invoke-WebRequest: https://www.esthe-ranking.jp/kasadera/chukyokeibajomae-station/asian/
[2026-05-09T19:18:13+09:00] Invoke-WebRequest failed: 転送接続からデータを読み取れません: 既存の接続はリモート ホストに強制的に切断されました。。
[2026-05-09T19:18:15+09:00] fetched municipality via curl.exe: https://www.esthe-ranking.jp/schedule/kasadera/asian/
[2026-05-09T19:18:18+09:00] fetched municipality via Invoke-WebRequest: https://www.esthe-ranking.jp/video/kasadera/asian/
[2026-05-09T19:18:20+09:00] fetched municipality via Invoke-WebRequest: https://www.esthe-ranking.jp/girlsranking/kasadera/asian/
[2026-05-09T19:18:28+09:00] fetched municipality via Invoke-WebRequest: https://www.esthe-ranking.jp/toyota/toyota-city/asian/
[2026-05-09T19:18:34+09:00] fetched municipality via Invoke-WebRequest: https://www.esthe-ranking.jp/toyota/okazaki-city/asian/
[2026-05-09T19:18:41+09:00] fetched municipality via Invoke-WebRequest: https://www.esthe-ranking.jp/toyota/kariya-city/asian/
[2026-05-09T19:18:45+09:00] fetched municipality via Invoke-WebRequest: https://www.esthe-ranking.jp/toyota/chiryu-city/asian/
[2026-05-09T19:18:48+09:00] fetched municipality via Invoke-WebRequest: https://www.esthe-ranking.jp/toyota/anjo-city/asian/
[2026-05-09T19:18:51+09:00] fetched municipality via Invoke-WebRequest: https://www.esthe-ranking.jp/toyota/takahama-city/asian/
[2026-05-09T19:18:54+09:00] fetched municipality via Invoke-WebRequest: https://www.esthe-ranking.jp/toyota/hekinan-city/asian/
[2026-05-09T19:18:57+09:00] fetched municipality via Invoke-WebRequest: https://www.esthe-ranking.jp/toyota/miyoshi-city/asian/
[2026-05-09T19:18:59+09:00] fetched municipality via Invoke-WebRequest: https://www.esthe-ranking.jp/toyota/nishio-city/asian/
[2026-05-09T19:19:04+09:00] fetched municipality via Invoke-WebRequest: https://www.esthe-ranking.jp/schedule/toyota/asian/
[2026-05-09T19:19:07+09:00] fetched municipality via Invoke-WebRequest: https://www.esthe-ranking.jp/video/toyota/asian/
[2026-05-09T19:19:09+09:00] fetched municipality via Invoke-WebRequest: https://www.esthe-ranking.jp/girlsranking/toyota/asian/
[2026-05-09T19:19:11+09:00] fetched municipality via Invoke-WebRequest: https://www.esthe-ranking.jp/horita/horita-station/asian/
[2026-05-09T19:19:13+09:00] fetched municipality via Invoke-WebRequest: https://www.esthe-ranking.jp/horita/aratamabashi-station/asian/
[2026-05-09T19:19:14+09:00] fetched municipality via Invoke-WebRequest: https://www.esthe-ranking.jp/horita/tsurusato-station/asian/
[2026-05-09T19:19:16+09:00] fetched municipality via Invoke-WebRequest: https://www.esthe-ranking.jp/horita/nonami-station/asian/
[2026-05-09T19:19:17+09:00] fetched municipality via Invoke-WebRequest: https://www.esthe-ranking.jp/horita/mizuhoundojohigashi-station/asian/
[2026-05-09T19:19:19+09:00] fetched municipality via Invoke-WebRequest: https://www.esthe-ranking.jp/horita/mizuhoundojonishi-station/asian/
[2026-05-09T19:19:20+09:00] fetched municipality via Invoke-WebRequest: https://www.esthe-ranking.jp/horita/aioiyama-station/asian/
[2026-05-09T19:19:22+09:00] fetched municipality via Invoke-WebRequest: https://www.esthe-ranking.jp/horita/tokushige-station/asian/
[2026-05-09T19:19:23+09:00] fetched municipality via Invoke-WebRequest: https://www.esthe-ranking.jp/horita/kamisawa-station/asian/
[2026-05-09T19:19:25+09:00] fetched municipality via Invoke-WebRequest: https://www.esthe-ranking.jp/schedule/horita/asian/
[2026-05-09T19:19:26+09:00] fetched municipality via Invoke-WebRequest: https://www.esthe-ranking.jp/video/horita/asian/
[2026-05-09T19:19:28+09:00] fetched municipality via Invoke-WebRequest: https://www.esthe-ranking.jp/girlsranking/horita/asian/
[2026-05-09T19:19:29+09:00] fetched municipality via Invoke-WebRequest: https://www.esthe-ranking.jp/tsurumai/osukannon-station/asian/
[2026-05-09T19:19:30+09:00] fetched municipality via Invoke-WebRequest: https://www.esthe-ranking.jp/tsurumai/kamimaezu-station/asian/
[2026-05-09T19:19:31+09:00] fetched municipality via Invoke-WebRequest: https://www.esthe-ranking.jp/tsurumai/tsurumai-station/asian/
[2026-05-09T19:19:33+09:00] fetched municipality via Invoke-WebRequest: https://www.esthe-ranking.jp/schedule/tsurumai/asian/
[2026-05-09T19:19:35+09:00] fetched municipality via Invoke-WebRequest: https://www.esthe-ranking.jp/video/tsurumai/asian/
[2026-05-09T19:19:37+09:00] fetched municipality via Invoke-WebRequest: https://www.esthe-ranking.jp/girlsranking/tsurumai/asian/
[2026-05-09T19:19:39+09:00] fetched municipality via Invoke-WebRequest: https://www.esthe-ranking.jp/showa/gokiso-station/asian/
[2026-05-09T19:19:41+09:00] fetched municipality via Invoke-WebRequest: https://www.esthe-ranking.jp/showa/shiogamaguchi-station/asian/
[2026-05-09T19:19:44+09:00] fetched municipality via Invoke-WebRequest: https://www.esthe-ranking.jp/showa/kawana-station/asian/
[2026-05-09T19:19:46+09:00] fetched municipality via Invoke-WebRequest: https://www.esthe-ranking.jp/showa/ueda-station/asian/
[2026-05-09T19:19:48+09:00] fetched municipality via Invoke-WebRequest: https://www.esthe-ranking.jp/showa/hara-station/asian/
[2026-05-09T19:19:52+09:00] fetched municipality via Invoke-WebRequest: https://www.esthe-ranking.jp/showa/hirabari-station/asian/
[2026-05-09T19:19:54+09:00] fetched municipality via Invoke-WebRequest: https://www.esthe-ranking.jp/showa/arahata-station/asian/
[2026-05-09T19:19:57+09:00] fetched municipality via Invoke-WebRequest: https://www.esthe-ranking.jp/schedule/showa/asian/
[2026-05-09T19:19:59+09:00] fetched municipality via Invoke-WebRequest: https://www.esthe-ranking.jp/video/showa/asian/
[2026-05-09T19:20:01+09:00] fetched municipality via Invoke-WebRequest: https://www.esthe-ranking.jp/girlsranking/showa/asian/
[2026-05-09T19:20:05+09:00] fetched municipality via Invoke-WebRequest: https://www.esthe-ranking.jp/komaki/komaki-city/asian/
[2026-05-09T19:20:10+09:00] fetched municipality via Invoke-WebRequest: https://www.esthe-ranking.jp/komaki/kasugai-city/asian/
[2026-05-09T19:20:13+09:00] fetched municipality via Invoke-WebRequest: https://www.esthe-ranking.jp/komaki/seto-city/asian/
[2026-05-09T19:20:18+09:00] fetched municipality via Invoke-WebRequest: https://www.esthe-ranking.jp/komaki/toyoake-city/asian/
[2026-05-09T19:20:21+09:00] fetched municipality via Invoke-WebRequest: https://www.esthe-ranking.jp/komaki/nisshin-city/asian/
[2026-05-09T19:20:24+09:00] fetched municipality via Invoke-WebRequest: https://www.esthe-ranking.jp/komaki/inuyama-city/asian/
[2026-05-09T19:20:27+09:00] fetched municipality via Invoke-WebRequest: https://www.esthe-ranking.jp/komaki/nagakute-city/asian/
[2026-05-09T19:20:31+09:00] fetched municipality via Invoke-WebRequest: https://www.esthe-ranking.jp/schedule/komaki/asian/
[2026-05-09T19:20:34+09:00] fetched municipality via Invoke-WebRequest: https://www.esthe-ranking.jp/video/komaki/asian/
[2026-05-09T19:20:36+09:00] fetched municipality via Invoke-WebRequest: https://www.esthe-ranking.jp/girlsranking/komaki/asian/
[2026-05-09T19:20:40+09:00] fetched municipality via Invoke-WebRequest: https://www.esthe-ranking.jp/owari/ichinomiya-city/asian/
[2026-05-09T19:20:45+09:00] fetched municipality via Invoke-WebRequest: https://www.esthe-ranking.jp/owari/inazawa-city/asian/
[2026-05-09T19:20:49+09:00] fetched municipality via Invoke-WebRequest: https://www.esthe-ranking.jp/owari/kounan-city/asian/
[2026-05-09T19:20:52+09:00] fetched municipality via Invoke-WebRequest: https://www.esthe-ranking.jp/owari/kitanagoya-city/asian/
[2026-05-09T19:20:55+09:00] fetched municipality via Invoke-WebRequest: https://www.esthe-ranking.jp/owari/kiyosu-city/asian/
[2026-05-09T19:20:58+09:00] fetched municipality via Invoke-WebRequest: https://www.esthe-ranking.jp/owari/iwakura-city/asian/
[2026-05-09T19:21:02+09:00] fetched municipality via Invoke-WebRequest: https://www.esthe-ranking.jp/owari/aisai-city/asian/
[2026-05-09T19:21:05+09:00] fetched municipality via Invoke-WebRequest: https://www.esthe-ranking.jp/owari/owariasahi-city/asian/
[2026-05-09T19:21:08+09:00] fetched municipality via Invoke-WebRequest: https://www.esthe-ranking.jp/owari/yatomi-city/asian/
[2026-05-09T19:21:10+09:00] fetched municipality via Invoke-WebRequest: https://www.esthe-ranking.jp/owari/tsushima-city/asian/
[2026-05-09T19:21:13+09:00] fetched municipality via Invoke-WebRequest: https://www.esthe-ranking.jp/owari/ama-city/asian/
[2026-05-09T19:21:16+09:00] fetched municipality via Invoke-WebRequest: https://www.esthe-ranking.jp/owari/kanie-town/asian/
[2026-05-09T19:21:19+09:00] fetched municipality via Invoke-WebRequest: https://www.esthe-ranking.jp/owari/oharu-town/asian/
[2026-05-09T19:21:22+09:00] fetched municipality via Invoke-WebRequest: https://www.esthe-ranking.jp/owari/fuso-town/asian/
[2026-05-09T19:21:26+09:00] fetched municipality via Invoke-WebRequest: https://www.esthe-ranking.jp/schedule/owari/asian/
[2026-05-09T19:21:30+09:00] fetched municipality via Invoke-WebRequest: https://www.esthe-ranking.jp/video/owari/asian/
[2026-05-09T19:21:34+09:00] fetched municipality via Invoke-WebRequest: https://www.esthe-ranking.jp/girlsranking/owari/asian/
[2026-05-09T19:21:37+09:00] fetched municipality via Invoke-WebRequest: https://www.esthe-ranking.jp/chita/chita-city/asian/
[2026-05-09T19:21:41+09:00] fetched municipality via Invoke-WebRequest: https://www.esthe-ranking.jp/chita/obu-city/asian/
[2026-05-09T19:21:46+09:00] fetched municipality via Invoke-WebRequest: https://www.esthe-ranking.jp/chita/handa-city/asian/
[2026-05-09T19:21:54+09:00] fetched municipality via Invoke-WebRequest: https://www.esthe-ranking.jp/chita/tokai-city/asian/
[2026-05-09T19:21:56+09:00] fetched municipality via Invoke-WebRequest: https://www.esthe-ranking.jp/chita/taketoyo-town/asian/
[2026-05-09T19:21:59+09:00] fetched municipality via Invoke-WebRequest: https://www.esthe-ranking.jp/chita/agui-town/asian/
[2026-05-09T19:22:02+09:00] fetched municipality via Invoke-WebRequest: https://www.esthe-ranking.jp/chita/higashiura-town/asian/
[2026-05-09T19:22:07+09:00] fetched municipality via Invoke-WebRequest: https://www.esthe-ranking.jp/schedule/chita/asian/
[2026-05-09T19:22:10+09:00] fetched municipality via Invoke-WebRequest: https://www.esthe-ranking.jp/video/chita/asian/
[2026-05-09T19:22:14+09:00] fetched municipality via Invoke-WebRequest: https://www.esthe-ranking.jp/girlsranking/chita/asian/
[2026-05-09T19:22:17+09:00] fetched municipality via Invoke-WebRequest: https://www.esthe-ranking.jp/toyohashi/toyohashi-city/asian/
[2026-05-09T19:22:20+09:00] fetched municipality via Invoke-WebRequest: https://www.esthe-ranking.jp/toyohashi/toyokawa-city/asian/
[2026-05-09T19:22:22+09:00] fetched municipality via Invoke-WebRequest: https://www.esthe-ranking.jp/toyohashi/shinshiro-city/asian/
[2026-05-09T19:22:25+09:00] fetched municipality via Invoke-WebRequest: https://www.esthe-ranking.jp/toyohashi/gamagori-city/asian/
[2026-05-09T19:22:27+09:00] fetched municipality via Invoke-WebRequest: https://www.esthe-ranking.jp/toyohashi/tahara-city/asian/
[2026-05-09T19:22:30+09:00] fetched municipality via Invoke-WebRequest: https://www.esthe-ranking.jp/schedule/toyohashi/asian/
[2026-05-09T19:22:32+09:00] fetched municipality via Invoke-WebRequest: https://www.esthe-ranking.jp/video/toyohashi/asian/
[2026-05-09T19:22:34+09:00] fetched municipality via Invoke-WebRequest: https://www.esthe-ranking.jp/girlsranking/toyohashi/asian/
[2026-05-09T19:22:34+09:00] municipality fetch summary: success=185 failure=0
[2026-05-09T19:22:36+09:00] fetched detail via Invoke-WebRequest: e27445ff-b474-4531-87a4-f0104eeec18c
[2026-05-09T19:22:37+09:00] fetched detail access via Invoke-WebRequest: e27445ff-b474-4531-87a4-f0104eeec18c
[2026-05-09T19:22:39+09:00] fetched detail via Invoke-WebRequest: a3fc4ce8-f56d-442e-b2d8-994526db0898
[2026-05-09T19:22:41+09:00] fetched detail access via Invoke-WebRequest: a3fc4ce8-f56d-442e-b2d8-994526db0898
[2026-05-09T19:22:42+09:00] fetched detail via Invoke-WebRequest: f569977a-eb93-4b68-84bc-90c91f50e8a1
[2026-05-09T19:22:43+09:00] fetched detail access via Invoke-WebRequest: f569977a-eb93-4b68-84bc-90c91f50e8a1
[2026-05-09T19:22:45+09:00] fetched detail via Invoke-WebRequest: e62ff5a2-42a0-4232-a404-268dac09767a
[2026-05-09T19:22:46+09:00] fetched detail access via Invoke-WebRequest: e62ff5a2-42a0-4232-a404-268dac09767a
[2026-05-09T19:22:48+09:00] fetched detail via Invoke-WebRequest: dcf3c53e-3e52-4e34-a879-8f59075c68b2
[2026-05-09T19:22:49+09:00] fetched detail access via Invoke-WebRequest: dcf3c53e-3e52-4e34-a879-8f59075c68b2
[2026-05-09T19:22:51+09:00] fetched detail via Invoke-WebRequest: a1e4c6fa-32c0-484c-a506-1df8e7fb9f3c
[2026-05-09T19:22:52+09:00] fetched detail access via Invoke-WebRequest: a1e4c6fa-32c0-484c-a506-1df8e7fb9f3c
[2026-05-09T19:22:54+09:00] fetched detail via Invoke-WebRequest: ccf5fa1d-68e6-4161-a04e-aaed55ed8293
[2026-05-09T19:22:55+09:00] fetched detail access via Invoke-WebRequest: ccf5fa1d-68e6-4161-a04e-aaed55ed8293
[2026-05-09T19:22:57+09:00] fetched detail via Invoke-WebRequest: d03dc580-cf26-4802-9a80-cfa492cbd1c3
[2026-05-09T19:22:58+09:00] fetched detail access via Invoke-WebRequest: d03dc580-cf26-4802-9a80-cfa492cbd1c3
[2026-05-09T19:23:00+09:00] fetched detail via Invoke-WebRequest: cb0a2195-ee86-4c86-b4fb-2b0370c640bd
[2026-05-09T19:23:01+09:00] fetched detail access via Invoke-WebRequest: cb0a2195-ee86-4c86-b4fb-2b0370c640bd
[2026-05-09T19:23:03+09:00] fetched detail via Invoke-WebRequest: 9abfa567-86da-4b7e-afd3-7785ad6b92e9
[2026-05-09T19:23:05+09:00] fetched detail access via Invoke-WebRequest: 9abfa567-86da-4b7e-afd3-7785ad6b92e9
[2026-05-09T19:23:06+09:00] fetched detail via Invoke-WebRequest: 0d3b7de5-d516-4390-9666-44befc759da9
[2026-05-09T19:23:08+09:00] fetched detail access via Invoke-WebRequest: 0d3b7de5-d516-4390-9666-44befc759da9
[2026-05-09T19:23:09+09:00] fetched detail via Invoke-WebRequest: 18bbe7d5-32bd-4c35-95a1-d5ff2f842846
[2026-05-09T19:23:10+09:00] fetched detail access via Invoke-WebRequest: 18bbe7d5-32bd-4c35-95a1-d5ff2f842846
[2026-05-09T19:23:12+09:00] fetched detail via Invoke-WebRequest: 3068ac06-fada-4eec-b174-af5761fa885d
[2026-05-09T19:23:14+09:00] fetched detail access via Invoke-WebRequest: 3068ac06-fada-4eec-b174-af5761fa885d
[2026-05-09T19:23:15+09:00] fetched detail via Invoke-WebRequest: 9108274c-051d-4802-ac32-205c27bab3da
[2026-05-09T19:23:16+09:00] fetched detail access via Invoke-WebRequest: 9108274c-051d-4802-ac32-205c27bab3da
[2026-05-09T19:23:18+09:00] fetched detail via Invoke-WebRequest: 7674ffff-35cc-42fc-9618-374b774bed19
[2026-05-09T19:23:19+09:00] fetched detail access via Invoke-WebRequest: 7674ffff-35cc-42fc-9618-374b774bed19
[2026-05-09T19:23:21+09:00] fetched detail via Invoke-WebRequest: dad10edf-f545-4f85-81ae-5239775a377e
[2026-05-09T19:23:22+09:00] fetched detail access via Invoke-WebRequest: dad10edf-f545-4f85-81ae-5239775a377e
[2026-05-09T19:23:24+09:00] fetched detail via Invoke-WebRequest: 1d83649d-2dc1-442a-b09a-6241c2970df1
[2026-05-09T19:23:26+09:00] fetched detail access via Invoke-WebRequest: 1d83649d-2dc1-442a-b09a-6241c2970df1
[2026-05-09T19:23:28+09:00] fetched detail via Invoke-WebRequest: 60869aee-cf70-46a0-a154-406d557a6ce7
[2026-05-09T19:23:29+09:00] fetched detail access via Invoke-WebRequest: 60869aee-cf70-46a0-a154-406d557a6ce7
[2026-05-09T19:23:31+09:00] fetched detail via Invoke-WebRequest: c3f7a355-21cd-4f74-a7c6-fc0f94d327e9
[2026-05-09T19:23:32+09:00] fetched detail access via Invoke-WebRequest: c3f7a355-21cd-4f74-a7c6-fc0f94d327e9
[2026-05-09T19:23:34+09:00] fetched detail via Invoke-WebRequest: 2e55bcf1-7187-4ca9-8216-cfd681da6d5b
[2026-05-09T19:23:36+09:00] fetched detail access via Invoke-WebRequest: 2e55bcf1-7187-4ca9-8216-cfd681da6d5b
[2026-05-09T19:23:37+09:00] fetched detail via Invoke-WebRequest: daa53a00-2430-4859-a242-14a28dc0c237
[2026-05-09T19:23:38+09:00] fetched detail access via Invoke-WebRequest: daa53a00-2430-4859-a242-14a28dc0c237
[2026-05-09T19:23:40+09:00] fetched detail via Invoke-WebRequest: a812caed-d8ba-485e-bc71-e62ab9c480c9
[2026-05-09T19:23:41+09:00] fetched detail access via Invoke-WebRequest: a812caed-d8ba-485e-bc71-e62ab9c480c9
[2026-05-09T19:23:43+09:00] fetched detail via Invoke-WebRequest: 18b453f1-97a4-4a1d-bd18-e982e5eb9222
[2026-05-09T19:23:44+09:00] fetched detail access via Invoke-WebRequest: 18b453f1-97a4-4a1d-bd18-e982e5eb9222
[2026-05-09T19:23:46+09:00] fetched detail via Invoke-WebRequest: bf7477d2-7e8a-447f-a6c7-9f318e8f4e17
[2026-05-09T19:23:47+09:00] fetched detail access via Invoke-WebRequest: bf7477d2-7e8a-447f-a6c7-9f318e8f4e17
[2026-05-09T19:23:49+09:00] fetched detail via Invoke-WebRequest: 466266d4-7d06-45cb-92c2-9b210df39922
[2026-05-09T19:23:51+09:00] fetched detail access via Invoke-WebRequest: 466266d4-7d06-45cb-92c2-9b210df39922
[2026-05-09T19:23:52+09:00] fetched detail via Invoke-WebRequest: 812d1b13-c480-4d7d-ba5a-9279487cda88
[2026-05-09T19:23:54+09:00] fetched detail access via Invoke-WebRequest: 812d1b13-c480-4d7d-ba5a-9279487cda88
[2026-05-09T19:23:55+09:00] fetched detail via Invoke-WebRequest: c3a8e41b-8598-40cb-a0fc-dacc7182b752
[2026-05-09T19:23:57+09:00] fetched detail access via Invoke-WebRequest: c3a8e41b-8598-40cb-a0fc-dacc7182b752
[2026-05-09T19:23:58+09:00] fetched detail via Invoke-WebRequest: ab6a66a1-b30a-4065-9add-7c5c646ca747
[2026-05-09T19:24:00+09:00] fetched detail access via Invoke-WebRequest: ab6a66a1-b30a-4065-9add-7c5c646ca747
[2026-05-09T19:24:01+09:00] fetched detail via Invoke-WebRequest: 201c0504-ac88-40a3-b9d9-c20fd04c310d
[2026-05-09T19:24:02+09:00] fetched detail access via Invoke-WebRequest: 201c0504-ac88-40a3-b9d9-c20fd04c310d
[2026-05-09T19:24:04+09:00] fetched detail via Invoke-WebRequest: 0c3719b5-1e74-4741-acf3-8210e61c7d49
[2026-05-09T19:24:05+09:00] fetched detail access via Invoke-WebRequest: 0c3719b5-1e74-4741-acf3-8210e61c7d49
[2026-05-09T19:24:07+09:00] fetched detail via Invoke-WebRequest: 09b9be21-6180-4580-a4e9-77c934728916
[2026-05-09T19:24:09+09:00] fetched detail access via Invoke-WebRequest: 09b9be21-6180-4580-a4e9-77c934728916
[2026-05-09T19:24:11+09:00] fetched detail via Invoke-WebRequest: 40520c25-4ab7-4590-9444-3c3fe0122265
[2026-05-09T19:24:13+09:00] fetched detail access via Invoke-WebRequest: 40520c25-4ab7-4590-9444-3c3fe0122265
[2026-05-09T19:24:15+09:00] fetched detail via Invoke-WebRequest: be4871b4-63f0-4c8a-9dcc-8145aa833b63
[2026-05-09T19:24:17+09:00] fetched detail access via Invoke-WebRequest: be4871b4-63f0-4c8a-9dcc-8145aa833b63
[2026-05-09T19:24:18+09:00] fetched detail via Invoke-WebRequest: b4338013-9118-4127-ae0f-38b06177d35b
[2026-05-09T19:24:20+09:00] fetched detail access via Invoke-WebRequest: b4338013-9118-4127-ae0f-38b06177d35b
[2026-05-09T19:24:21+09:00] fetched detail via Invoke-WebRequest: 62baa064-5f50-4230-93fe-78b4aba91cba
[2026-05-09T19:24:23+09:00] fetched detail access via Invoke-WebRequest: 62baa064-5f50-4230-93fe-78b4aba91cba
[2026-05-09T19:24:24+09:00] fetched detail via Invoke-WebRequest: 9bcff6ea-67c8-45dd-9aa0-5c6407fae37b
[2026-05-09T19:24:25+09:00] fetched detail access via Invoke-WebRequest: 9bcff6ea-67c8-45dd-9aa0-5c6407fae37b
[2026-05-09T19:24:27+09:00] fetched detail via Invoke-WebRequest: 9efdbcb5-9ebd-4ddc-8c21-d1f2fc2a113a
[2026-05-09T19:24:28+09:00] fetched detail access via Invoke-WebRequest: 9efdbcb5-9ebd-4ddc-8c21-d1f2fc2a113a
[2026-05-09T19:24:30+09:00] fetched detail via Invoke-WebRequest: 6c9d34e6-c984-4b2a-97f1-3e2c6d9f997d
[2026-05-09T19:24:31+09:00] fetched detail access via Invoke-WebRequest: 6c9d34e6-c984-4b2a-97f1-3e2c6d9f997d
[2026-05-09T19:24:33+09:00] fetched detail via Invoke-WebRequest: 9bef27a5-04b7-4ac0-9d51-875aa03c4f86
[2026-05-09T19:24:34+09:00] fetched detail access via Invoke-WebRequest: 9bef27a5-04b7-4ac0-9d51-875aa03c4f86
[2026-05-09T19:24:36+09:00] fetched detail via Invoke-WebRequest: 4040cbab-ad13-4b28-91ad-4ca8de6d1769
[2026-05-09T19:24:37+09:00] fetched detail access via Invoke-WebRequest: 4040cbab-ad13-4b28-91ad-4ca8de6d1769
[2026-05-09T19:24:39+09:00] fetched detail via Invoke-WebRequest: 3728b4c5-b6fe-4744-94a5-7e67160217cd
[2026-05-09T19:24:40+09:00] fetched detail access via Invoke-WebRequest: 3728b4c5-b6fe-4744-94a5-7e67160217cd
[2026-05-09T19:24:42+09:00] fetched detail via Invoke-WebRequest: bd7000e0-04de-4558-8df5-bcf635b99f0b
[2026-05-09T19:24:43+09:00] fetched detail access via Invoke-WebRequest: bd7000e0-04de-4558-8df5-bcf635b99f0b
[2026-05-09T19:24:45+09:00] fetched detail via Invoke-WebRequest: 4b770438-e332-46ec-8944-92b2d288b6d4
[2026-05-09T19:24:46+09:00] fetched detail access via Invoke-WebRequest: 4b770438-e332-46ec-8944-92b2d288b6d4
[2026-05-09T19:24:48+09:00] fetched detail via Invoke-WebRequest: 550aa65f-b517-4d6c-b7cd-0726c98a25c2
[2026-05-09T19:24:49+09:00] fetched detail access via Invoke-WebRequest: 550aa65f-b517-4d6c-b7cd-0726c98a25c2
[2026-05-09T19:24:51+09:00] fetched detail via Invoke-WebRequest: 2a450109-1279-454b-94b8-bcc5e1c41355
[2026-05-09T19:24:52+09:00] fetched detail access via Invoke-WebRequest: 2a450109-1279-454b-94b8-bcc5e1c41355
[2026-05-09T19:24:54+09:00] fetched detail via Invoke-WebRequest: abad391f-a612-46ad-871b-442bdab7914c
[2026-05-09T19:24:55+09:00] fetched detail access via Invoke-WebRequest: abad391f-a612-46ad-871b-442bdab7914c
[2026-05-09T19:24:57+09:00] fetched detail via Invoke-WebRequest: bd05d2af-0f57-4945-ab6b-ffb3fd958b35
[2026-05-09T19:24:58+09:00] fetched detail access via Invoke-WebRequest: bd05d2af-0f57-4945-ab6b-ffb3fd958b35
[2026-05-09T19:25:00+09:00] fetched detail via Invoke-WebRequest: 5e1da938-cbbf-428a-b773-47c998e52bc4
[2026-05-09T19:25:01+09:00] fetched detail access via Invoke-WebRequest: 5e1da938-cbbf-428a-b773-47c998e52bc4
[2026-05-09T19:25:03+09:00] fetched detail via Invoke-WebRequest: ad5e6114-9a89-4c94-9bce-3175da3449e1
[2026-05-09T19:25:04+09:00] fetched detail access via Invoke-WebRequest: ad5e6114-9a89-4c94-9bce-3175da3449e1
[2026-05-09T19:25:06+09:00] fetched detail via Invoke-WebRequest: 7b3e006b-a2b7-48f3-a0f7-be2bc92f2c7c
[2026-05-09T19:25:07+09:00] fetched detail access via Invoke-WebRequest: 7b3e006b-a2b7-48f3-a0f7-be2bc92f2c7c
[2026-05-09T19:25:09+09:00] fetched detail via Invoke-WebRequest: bb537ece-2aaf-428e-9a65-487a6f055ad8
[2026-05-09T19:25:10+09:00] fetched detail access via Invoke-WebRequest: bb537ece-2aaf-428e-9a65-487a6f055ad8
[2026-05-09T19:25:12+09:00] fetched detail via Invoke-WebRequest: 20bfbf86-b1bc-4506-b00e-6ff6991e1fea
[2026-05-09T19:25:13+09:00] fetched detail access via Invoke-WebRequest: 20bfbf86-b1bc-4506-b00e-6ff6991e1fea
[2026-05-09T19:25:15+09:00] fetched detail via Invoke-WebRequest: f2e48aef-65d9-4065-8b47-e367232c1384
[2026-05-09T19:25:16+09:00] fetched detail access via Invoke-WebRequest: f2e48aef-65d9-4065-8b47-e367232c1384
[2026-05-09T19:25:18+09:00] fetched detail via Invoke-WebRequest: e2631e13-60e8-4775-9b7e-cd771b81cec2
[2026-05-09T19:25:19+09:00] fetched detail access via Invoke-WebRequest: e2631e13-60e8-4775-9b7e-cd771b81cec2
[2026-05-09T19:25:21+09:00] fetched detail via Invoke-WebRequest: 7d4a520b-618f-4ee1-917a-4089ae65c32a
[2026-05-09T19:25:22+09:00] fetched detail access via Invoke-WebRequest: 7d4a520b-618f-4ee1-917a-4089ae65c32a
[2026-05-09T19:25:24+09:00] fetched detail via Invoke-WebRequest: 64a0516d-960f-4c96-a81a-9ceb11fa3078
[2026-05-09T19:25:25+09:00] fetched detail access via Invoke-WebRequest: 64a0516d-960f-4c96-a81a-9ceb11fa3078
[2026-05-09T19:25:28+09:00] fetched detail via Invoke-WebRequest: ab582b1d-551d-4347-9f6d-fedf6be90a6d
[2026-05-09T19:25:30+09:00] fetched detail access via Invoke-WebRequest: ab582b1d-551d-4347-9f6d-fedf6be90a6d
[2026-05-09T19:25:31+09:00] fetched detail via Invoke-WebRequest: 611dedc5-d1a5-4933-8771-5219398ffd87
[2026-05-09T19:25:33+09:00] fetched detail access via Invoke-WebRequest: 611dedc5-d1a5-4933-8771-5219398ffd87
[2026-05-09T19:25:34+09:00] fetched detail via Invoke-WebRequest: 331ee2d7-5e76-4aeb-b0fe-e58ea5a7b0cd
[2026-05-09T19:25:36+09:00] fetched detail access via Invoke-WebRequest: 331ee2d7-5e76-4aeb-b0fe-e58ea5a7b0cd
[2026-05-09T19:25:37+09:00] fetched detail via Invoke-WebRequest: 6d7bbd86-f276-4037-bf89-91c1e5ce7bda
[2026-05-09T19:25:39+09:00] fetched detail access via Invoke-WebRequest: 6d7bbd86-f276-4037-bf89-91c1e5ce7bda
[2026-05-09T19:25:40+09:00] fetched detail via Invoke-WebRequest: dbf69920-4615-4aca-9216-2afe2d8333df
[2026-05-09T19:25:42+09:00] fetched detail access via Invoke-WebRequest: dbf69920-4615-4aca-9216-2afe2d8333df
[2026-05-09T19:25:44+09:00] fetched detail via Invoke-WebRequest: 43038042-ea03-44ab-abd6-fe8762637a69
[2026-05-09T19:25:45+09:00] fetched detail access via Invoke-WebRequest: 43038042-ea03-44ab-abd6-fe8762637a69
[2026-05-09T19:25:47+09:00] fetched detail via Invoke-WebRequest: 53ed41d4-c464-49f1-af89-82609bbbe064
[2026-05-09T19:25:50+09:00] fetched detail access via Invoke-WebRequest: 53ed41d4-c464-49f1-af89-82609bbbe064
[2026-05-09T19:25:51+09:00] fetched detail via Invoke-WebRequest: f8f5a6d8-8646-46f8-b84f-921dd62e0646
[2026-05-09T19:25:52+09:00] fetched detail access via Invoke-WebRequest: f8f5a6d8-8646-46f8-b84f-921dd62e0646
[2026-05-09T19:25:54+09:00] fetched detail via Invoke-WebRequest: ece044bb-b112-422f-ae72-0c1c92166a27
[2026-05-09T19:25:55+09:00] fetched detail access via Invoke-WebRequest: ece044bb-b112-422f-ae72-0c1c92166a27
[2026-05-09T19:25:57+09:00] fetched detail via Invoke-WebRequest: 2832ac96-946e-46e8-8953-6b40fc59e437
[2026-05-09T19:25:59+09:00] fetched detail access via Invoke-WebRequest: 2832ac96-946e-46e8-8953-6b40fc59e437
[2026-05-09T19:26:00+09:00] fetched detail via Invoke-WebRequest: 5c9b1dd2-bdf1-4534-998f-73d62f22603f
[2026-05-09T19:26:01+09:00] fetched detail access via Invoke-WebRequest: 5c9b1dd2-bdf1-4534-998f-73d62f22603f
[2026-05-09T19:26:03+09:00] fetched detail via Invoke-WebRequest: 6da1effd-2bad-4a2e-9580-752ac02a4eb4
[2026-05-09T19:26:05+09:00] fetched detail access via Invoke-WebRequest: 6da1effd-2bad-4a2e-9580-752ac02a4eb4
[2026-05-09T19:26:07+09:00] fetched detail via Invoke-WebRequest: 4f96e237-040d-4d11-9f0b-a76cdbdceca3
[2026-05-09T19:26:08+09:00] fetched detail access via Invoke-WebRequest: 4f96e237-040d-4d11-9f0b-a76cdbdceca3
[2026-05-09T19:26:10+09:00] fetched detail via Invoke-WebRequest: 4f33e775-ef89-47f0-bb62-c362cdebaa79
[2026-05-09T19:26:11+09:00] fetched detail access via Invoke-WebRequest: 4f33e775-ef89-47f0-bb62-c362cdebaa79
[2026-05-09T19:26:13+09:00] fetched detail via Invoke-WebRequest: f5c6b953-e7f1-4e32-9d3e-c9212e8e4a11
[2026-05-09T19:26:14+09:00] fetched detail access via Invoke-WebRequest: f5c6b953-e7f1-4e32-9d3e-c9212e8e4a11
[2026-05-09T19:26:16+09:00] fetched detail via Invoke-WebRequest: 3c18ff4f-e291-4310-aa9b-9f2df73b7267
[2026-05-09T19:26:17+09:00] fetched detail access via Invoke-WebRequest: 3c18ff4f-e291-4310-aa9b-9f2df73b7267
[2026-05-09T19:26:19+09:00] fetched detail via Invoke-WebRequest: e539d48a-ce4f-4bc8-8455-9b47c730b4d7
[2026-05-09T19:26:20+09:00] fetched detail access via Invoke-WebRequest: e539d48a-ce4f-4bc8-8455-9b47c730b4d7
[2026-05-09T19:26:22+09:00] fetched detail via Invoke-WebRequest: de904870-9a68-4d25-8aaf-f79f7727012c
[2026-05-09T19:26:23+09:00] fetched detail access via Invoke-WebRequest: de904870-9a68-4d25-8aaf-f79f7727012c
[2026-05-09T19:26:24+09:00] fetched detail via Invoke-WebRequest: 7884ee75-0b07-40a4-8a20-560f145070cb
[2026-05-09T19:26:26+09:00] fetched detail access via Invoke-WebRequest: 7884ee75-0b07-40a4-8a20-560f145070cb
[2026-05-09T19:26:28+09:00] fetched detail via Invoke-WebRequest: c54cf877-fe40-40e3-98d2-57df6762b990
[2026-05-09T19:26:29+09:00] fetched detail access via Invoke-WebRequest: c54cf877-fe40-40e3-98d2-57df6762b990
[2026-05-09T19:26:31+09:00] fetched detail via Invoke-WebRequest: d953881d-e792-4b42-81f1-9bc5c03857dd
[2026-05-09T19:26:32+09:00] fetched detail access via Invoke-WebRequest: d953881d-e792-4b42-81f1-9bc5c03857dd
[2026-05-09T19:26:34+09:00] fetched detail via Invoke-WebRequest: 04a65f9b-1d83-4983-88ca-3e3eae7f5b72
[2026-05-09T19:26:35+09:00] fetched detail access via Invoke-WebRequest: 04a65f9b-1d83-4983-88ca-3e3eae7f5b72
[2026-05-09T19:26:37+09:00] fetched detail via Invoke-WebRequest: a84977bf-6b6a-4238-b0af-4be83b90ded0
[2026-05-09T19:26:38+09:00] fetched detail access via Invoke-WebRequest: a84977bf-6b6a-4238-b0af-4be83b90ded0
[2026-05-09T19:26:40+09:00] fetched detail via Invoke-WebRequest: 9b4ccf49-1b75-4660-8c1c-578d14c0ed2f
[2026-05-09T19:26:41+09:00] fetched detail access via Invoke-WebRequest: 9b4ccf49-1b75-4660-8c1c-578d14c0ed2f
[2026-05-09T19:26:43+09:00] fetched detail via Invoke-WebRequest: 6495b7c9-0c09-4270-9ba2-7664299909ed
[2026-05-09T19:26:44+09:00] fetched detail access via Invoke-WebRequest: 6495b7c9-0c09-4270-9ba2-7664299909ed
[2026-05-09T19:26:46+09:00] fetched detail via Invoke-WebRequest: 0ea1b538-d46e-4a97-a349-9ca3a112efe0
[2026-05-09T19:26:47+09:00] fetched detail access via Invoke-WebRequest: 0ea1b538-d46e-4a97-a349-9ca3a112efe0
[2026-05-09T19:26:48+09:00] fetched detail via Invoke-WebRequest: 1c63f63b-17c6-4c02-9957-72470c2e7a79
[2026-05-09T19:26:50+09:00] fetched detail access via Invoke-WebRequest: 1c63f63b-17c6-4c02-9957-72470c2e7a79
[2026-05-09T19:26:52+09:00] fetched detail via Invoke-WebRequest: 59912775-ceb9-4444-a75a-88356f1928fb
[2026-05-09T19:26:53+09:00] fetched detail access via Invoke-WebRequest: 59912775-ceb9-4444-a75a-88356f1928fb
[2026-05-09T19:26:55+09:00] fetched detail via Invoke-WebRequest: a41c56ff-55ce-400e-92d2-328248a92d07
[2026-05-09T19:26:56+09:00] fetched detail access via Invoke-WebRequest: a41c56ff-55ce-400e-92d2-328248a92d07
[2026-05-09T19:26:58+09:00] fetched detail via Invoke-WebRequest: a15eb68d-0534-48a6-9179-6ed77e78b985
[2026-05-09T19:26:59+09:00] fetched detail access via Invoke-WebRequest: a15eb68d-0534-48a6-9179-6ed77e78b985
[2026-05-09T19:27:01+09:00] fetched detail via Invoke-WebRequest: 26df4ffd-a3ca-4fd2-bb4e-8e3135e7688e
[2026-05-09T19:27:02+09:00] fetched detail access via Invoke-WebRequest: 26df4ffd-a3ca-4fd2-bb4e-8e3135e7688e
[2026-05-09T19:27:04+09:00] fetched detail via Invoke-WebRequest: 0e21f6da-38b3-4680-a7d7-c9445afae9bd
[2026-05-09T19:27:05+09:00] fetched detail access via Invoke-WebRequest: 0e21f6da-38b3-4680-a7d7-c9445afae9bd
[2026-05-09T19:27:07+09:00] fetched detail via Invoke-WebRequest: 17da5bea-a0ce-4084-97bf-4c243a322c9b
[2026-05-09T19:27:08+09:00] fetched detail access via Invoke-WebRequest: 17da5bea-a0ce-4084-97bf-4c243a322c9b
[2026-05-09T19:27:09+09:00] fetched detail via Invoke-WebRequest: 768c05f0-ef55-4f9d-add3-1d87d22fdec4
[2026-05-09T19:27:11+09:00] fetched detail access via Invoke-WebRequest: 768c05f0-ef55-4f9d-add3-1d87d22fdec4
[2026-05-09T19:27:12+09:00] fetched detail via Invoke-WebRequest: a3672e48-1b2f-45b8-8313-a3be34928590
[2026-05-09T19:27:14+09:00] fetched detail access via Invoke-WebRequest: a3672e48-1b2f-45b8-8313-a3be34928590
[2026-05-09T19:27:15+09:00] fetched detail via Invoke-WebRequest: 9edd41e7-7cdc-42a0-a87a-e3b9605e499a
[2026-05-09T19:27:17+09:00] fetched detail access via Invoke-WebRequest: 9edd41e7-7cdc-42a0-a87a-e3b9605e499a
[2026-05-09T19:27:18+09:00] fetched detail via Invoke-WebRequest: 77ec5472-9e93-4cb2-92b6-d2e834bc9d50
[2026-05-09T19:27:20+09:00] fetched detail access via Invoke-WebRequest: 77ec5472-9e93-4cb2-92b6-d2e834bc9d50
[2026-05-09T19:27:21+09:00] fetched detail via Invoke-WebRequest: c8f07e22-e9ec-43c0-93a9-f99c8fe9a360
[2026-05-09T19:27:23+09:00] fetched detail access via Invoke-WebRequest: c8f07e22-e9ec-43c0-93a9-f99c8fe9a360
[2026-05-09T19:27:24+09:00] fetched detail via Invoke-WebRequest: 268ebb9e-a1fa-4b1a-a54e-2a98342fceb6
[2026-05-09T19:27:25+09:00] fetched detail access via Invoke-WebRequest: 268ebb9e-a1fa-4b1a-a54e-2a98342fceb6
[2026-05-09T19:27:27+09:00] fetched detail via Invoke-WebRequest: a0960231-9ec5-459e-9a64-99c7be798875
[2026-05-09T19:27:28+09:00] fetched detail access via Invoke-WebRequest: a0960231-9ec5-459e-9a64-99c7be798875
[2026-05-09T19:27:30+09:00] fetched detail via Invoke-WebRequest: e923357e-2605-46b1-8b4e-aacf0ae6dc53
[2026-05-09T19:27:31+09:00] fetched detail access via Invoke-WebRequest: e923357e-2605-46b1-8b4e-aacf0ae6dc53
[2026-05-09T19:27:33+09:00] fetched detail via Invoke-WebRequest: 170ec30d-0e28-412c-9c9d-b2348e9205e5
[2026-05-09T19:27:34+09:00] fetched detail access via Invoke-WebRequest: 170ec30d-0e28-412c-9c9d-b2348e9205e5
[2026-05-09T19:27:35+09:00] fetched detail via Invoke-WebRequest: c6d6176b-008c-47b9-a59a-7f223cbe30f8
[2026-05-09T19:27:37+09:00] fetched detail access via Invoke-WebRequest: c6d6176b-008c-47b9-a59a-7f223cbe30f8
[2026-05-09T19:27:38+09:00] fetched detail via Invoke-WebRequest: 3e6d0228-8989-4b48-8893-198d9a3b0f5c
[2026-05-09T19:27:40+09:00] fetched detail access via Invoke-WebRequest: 3e6d0228-8989-4b48-8893-198d9a3b0f5c
[2026-05-09T19:27:42+09:00] fetched detail via Invoke-WebRequest: 8df24e0f-3b93-45ad-bbe7-3fac1cdb39b7
[2026-05-09T19:27:43+09:00] fetched detail access via Invoke-WebRequest: 8df24e0f-3b93-45ad-bbe7-3fac1cdb39b7
[2026-05-09T19:27:45+09:00] fetched detail via Invoke-WebRequest: e1846238-3cf8-4fde-9572-37f3685f1689
[2026-05-09T19:27:46+09:00] fetched detail access via Invoke-WebRequest: e1846238-3cf8-4fde-9572-37f3685f1689
[2026-05-09T19:27:48+09:00] fetched detail via Invoke-WebRequest: 53b0c389-be3b-4e78-bc41-d5abae0934f0
[2026-05-09T19:27:49+09:00] fetched detail access via Invoke-WebRequest: 53b0c389-be3b-4e78-bc41-d5abae0934f0
[2026-05-09T19:27:51+09:00] fetched detail via Invoke-WebRequest: 8bf7f595-3f35-4f84-a6eb-04dcab4efeb4
[2026-05-09T19:27:52+09:00] fetched detail access via Invoke-WebRequest: 8bf7f595-3f35-4f84-a6eb-04dcab4efeb4
[2026-05-09T19:27:54+09:00] fetched detail via Invoke-WebRequest: 95c59dae-b9a0-401a-ac22-5ef69276bcf8
[2026-05-09T19:27:55+09:00] fetched detail access via Invoke-WebRequest: 95c59dae-b9a0-401a-ac22-5ef69276bcf8
[2026-05-09T19:27:57+09:00] fetched detail via Invoke-WebRequest: daeb73f5-f585-4962-8e8c-3c6576079b19
[2026-05-09T19:27:58+09:00] fetched detail access via Invoke-WebRequest: daeb73f5-f585-4962-8e8c-3c6576079b19
[2026-05-09T19:27:59+09:00] fetched detail via Invoke-WebRequest: 5cc87748-542f-45e2-8be2-319ce688825f
[2026-05-09T19:28:01+09:00] fetched detail access via Invoke-WebRequest: 5cc87748-542f-45e2-8be2-319ce688825f
[2026-05-09T19:28:02+09:00] fetched detail via Invoke-WebRequest: 77b61032-9822-434a-8868-99b602e6e025
[2026-05-09T19:28:04+09:00] fetched detail access via Invoke-WebRequest: 77b61032-9822-434a-8868-99b602e6e025
[2026-05-09T19:28:05+09:00] fetched detail via Invoke-WebRequest: cc0378f3-0b2b-4503-8452-21c71e4fe0b3
[2026-05-09T19:28:07+09:00] fetched detail access via Invoke-WebRequest: cc0378f3-0b2b-4503-8452-21c71e4fe0b3
[2026-05-09T19:28:08+09:00] fetched detail via Invoke-WebRequest: 4e8391b7-0645-4127-87da-3fd15b201034
[2026-05-09T19:28:10+09:00] fetched detail access via Invoke-WebRequest: 4e8391b7-0645-4127-87da-3fd15b201034
[2026-05-09T19:28:11+09:00] fetched detail via Invoke-WebRequest: 78f396e9-f456-4ef3-9d41-25315a0ecaaf
[2026-05-09T19:28:13+09:00] fetched detail access via Invoke-WebRequest: 78f396e9-f456-4ef3-9d41-25315a0ecaaf
[2026-05-09T19:28:15+09:00] fetched detail via Invoke-WebRequest: d739ebdc-6756-4a0d-afc2-a2b690efa2df
[2026-05-09T19:28:16+09:00] fetched detail access via Invoke-WebRequest: d739ebdc-6756-4a0d-afc2-a2b690efa2df
[2026-05-09T19:28:17+09:00] fetched detail via Invoke-WebRequest: f430cafe-2fe5-4fc4-9f1f-31c755a00224
[2026-05-09T19:28:20+09:00] fetched detail access via Invoke-WebRequest: f430cafe-2fe5-4fc4-9f1f-31c755a00224
[2026-05-09T19:28:23+09:00] fetched detail via Invoke-WebRequest: 519ccce4-351f-4b01-9615-4623a26c4ead
[2026-05-09T19:28:25+09:00] fetched detail access via Invoke-WebRequest: 519ccce4-351f-4b01-9615-4623a26c4ead
[2026-05-09T19:28:26+09:00] fetched detail via Invoke-WebRequest: 019afceb-29ad-485e-bb24-ab0454a10582
[2026-05-09T19:28:28+09:00] fetched detail access via Invoke-WebRequest: 019afceb-29ad-485e-bb24-ab0454a10582
[2026-05-09T19:28:29+09:00] fetched detail via Invoke-WebRequest: 6d523317-3db2-43dd-8928-288a2b2ee10d
[2026-05-09T19:28:31+09:00] fetched detail access via Invoke-WebRequest: 6d523317-3db2-43dd-8928-288a2b2ee10d
[2026-05-09T19:28:32+09:00] fetched detail via Invoke-WebRequest: 67e50056-d862-498b-9993-d9ec012221c8
[2026-05-09T19:28:34+09:00] fetched detail access via Invoke-WebRequest: 67e50056-d862-498b-9993-d9ec012221c8
[2026-05-09T19:28:35+09:00] fetched detail via Invoke-WebRequest: 9715d370-ca63-4b4d-b2ff-f2f59a0d7938
[2026-05-09T19:28:36+09:00] fetched detail access via Invoke-WebRequest: 9715d370-ca63-4b4d-b2ff-f2f59a0d7938
[2026-05-09T19:28:38+09:00] fetched detail via Invoke-WebRequest: 1fe59982-5900-4693-bb5b-cf7f3f6cf7bc
[2026-05-09T19:28:39+09:00] fetched detail access via Invoke-WebRequest: 1fe59982-5900-4693-bb5b-cf7f3f6cf7bc
[2026-05-09T19:28:41+09:00] fetched detail via Invoke-WebRequest: 8f5b4473-4003-4a39-b225-91f4554875eb
[2026-05-09T19:28:42+09:00] fetched detail access via Invoke-WebRequest: 8f5b4473-4003-4a39-b225-91f4554875eb
[2026-05-09T19:28:44+09:00] fetched detail via Invoke-WebRequest: b38cfa32-8fac-4202-8aca-66519642b030
[2026-05-09T19:28:45+09:00] fetched detail access via Invoke-WebRequest: b38cfa32-8fac-4202-8aca-66519642b030
[2026-05-09T19:28:47+09:00] fetched detail via Invoke-WebRequest: 974e991c-1f71-43a1-88c7-18f5e5043bff
[2026-05-09T19:28:48+09:00] fetched detail access via Invoke-WebRequest: 974e991c-1f71-43a1-88c7-18f5e5043bff
[2026-05-09T19:28:49+09:00] fetched detail via Invoke-WebRequest: 08297bf5-5cd7-4555-91ff-cc5d23e03e59
[2026-05-09T19:28:51+09:00] fetched detail access via Invoke-WebRequest: 08297bf5-5cd7-4555-91ff-cc5d23e03e59
[2026-05-09T19:28:52+09:00] fetched detail via Invoke-WebRequest: 2414d4fe-3fd9-41a7-a1a4-5a3e274aea9a
[2026-05-09T19:28:54+09:00] fetched detail access via Invoke-WebRequest: 2414d4fe-3fd9-41a7-a1a4-5a3e274aea9a
[2026-05-09T19:28:55+09:00] fetched detail via Invoke-WebRequest: 53206256-faa2-4de8-ae1f-8fd3d4693aa9
[2026-05-09T19:28:57+09:00] fetched detail access via Invoke-WebRequest: 53206256-faa2-4de8-ae1f-8fd3d4693aa9
[2026-05-09T19:28:58+09:00] fetched detail via Invoke-WebRequest: 16ba92e7-5d43-482d-bbb3-89a9542dfdb6
[2026-05-09T19:29:00+09:00] fetched detail access via Invoke-WebRequest: 16ba92e7-5d43-482d-bbb3-89a9542dfdb6
[2026-05-09T19:29:01+09:00] fetched detail via Invoke-WebRequest: 9a06fe5f-5049-4f35-94a0-ca97cf94a18b
[2026-05-09T19:29:03+09:00] fetched detail access via Invoke-WebRequest: 9a06fe5f-5049-4f35-94a0-ca97cf94a18b
[2026-05-09T19:29:04+09:00] fetched detail via Invoke-WebRequest: e8a9af54-61d9-4ffd-ba23-ac2b25cf8d93
[2026-05-09T19:29:06+09:00] fetched detail access via Invoke-WebRequest: e8a9af54-61d9-4ffd-ba23-ac2b25cf8d93
[2026-05-09T19:29:07+09:00] fetched detail via Invoke-WebRequest: e802eae5-543e-473d-800a-9a4c212f1a38
[2026-05-09T19:29:09+09:00] fetched detail access via Invoke-WebRequest: e802eae5-543e-473d-800a-9a4c212f1a38
[2026-05-09T19:29:10+09:00] fetched detail via Invoke-WebRequest: 383a60c9-f123-49bc-90e7-e2a435c453dc
[2026-05-09T19:29:11+09:00] fetched detail access via Invoke-WebRequest: 383a60c9-f123-49bc-90e7-e2a435c453dc
[2026-05-09T19:29:13+09:00] fetched detail via Invoke-WebRequest: 93bc2673-f7a5-46ea-8d4a-66626c908d00
[2026-05-09T19:29:14+09:00] fetched detail access via Invoke-WebRequest: 93bc2673-f7a5-46ea-8d4a-66626c908d00
[2026-05-09T19:29:16+09:00] fetched detail via Invoke-WebRequest: 1e582370-0cb8-48f4-991d-676a970c0c1b
[2026-05-09T19:29:17+09:00] fetched detail access via Invoke-WebRequest: 1e582370-0cb8-48f4-991d-676a970c0c1b
[2026-05-09T19:29:19+09:00] fetched detail via Invoke-WebRequest: 4bdd9fcb-d1dd-459f-90a8-ca880619c0d7
[2026-05-09T19:29:20+09:00] fetched detail access via Invoke-WebRequest: 4bdd9fcb-d1dd-459f-90a8-ca880619c0d7
[2026-05-09T19:29:22+09:00] fetched detail via Invoke-WebRequest: 0ad804b6-3c65-4e60-b7bd-23d043170449
[2026-05-09T19:29:23+09:00] fetched detail access via Invoke-WebRequest: 0ad804b6-3c65-4e60-b7bd-23d043170449
[2026-05-09T19:29:25+09:00] fetched detail via Invoke-WebRequest: a1e3e522-3bfe-4ece-bfcf-3a3713cf5740
[2026-05-09T19:29:26+09:00] fetched detail access via Invoke-WebRequest: a1e3e522-3bfe-4ece-bfcf-3a3713cf5740
[2026-05-09T19:29:28+09:00] fetched detail via Invoke-WebRequest: d75568b0-9e76-4b4f-88ef-a832b102adbf
[2026-05-09T19:29:30+09:00] fetched detail access via Invoke-WebRequest: d75568b0-9e76-4b4f-88ef-a832b102adbf
[2026-05-09T19:29:31+09:00] fetched detail via Invoke-WebRequest: f608e877-e611-461e-9be2-9764feda8f5b
[2026-05-09T19:29:33+09:00] fetched detail access via Invoke-WebRequest: f608e877-e611-461e-9be2-9764feda8f5b
[2026-05-09T19:29:34+09:00] fetched detail via Invoke-WebRequest: f56acc80-358b-4beb-9552-98461494f967
[2026-05-09T19:29:36+09:00] fetched detail access via Invoke-WebRequest: f56acc80-358b-4beb-9552-98461494f967
[2026-05-09T19:29:37+09:00] fetched detail via Invoke-WebRequest: 4d0efaec-5335-44c4-904b-f509e6f89cc2
[2026-05-09T19:29:39+09:00] fetched detail access via Invoke-WebRequest: 4d0efaec-5335-44c4-904b-f509e6f89cc2
[2026-05-09T19:29:41+09:00] fetched detail via Invoke-WebRequest: 27438801-2d50-4c10-b5ed-8da986d2266c
[2026-05-09T19:29:43+09:00] fetched detail access via Invoke-WebRequest: 27438801-2d50-4c10-b5ed-8da986d2266c
[2026-05-09T19:29:44+09:00] fetched detail via Invoke-WebRequest: f149e211-9d88-44d2-a9e4-8957a1a22db0
[2026-05-09T19:29:45+09:00] fetched detail access via Invoke-WebRequest: f149e211-9d88-44d2-a9e4-8957a1a22db0
[2026-05-09T19:29:47+09:00] fetched detail via Invoke-WebRequest: a30c6dbb-a01e-4a17-b84f-9e35fc5b9861
[2026-05-09T19:29:48+09:00] fetched detail access via Invoke-WebRequest: a30c6dbb-a01e-4a17-b84f-9e35fc5b9861
[2026-05-09T19:29:50+09:00] fetched detail via Invoke-WebRequest: b5efad58-1457-4e90-b01e-8d88abf05b84
[2026-05-09T19:29:51+09:00] fetched detail access via Invoke-WebRequest: b5efad58-1457-4e90-b01e-8d88abf05b84
[2026-05-09T19:29:53+09:00] fetched detail via Invoke-WebRequest: 41eb6478-d6d5-46f6-8ed3-dc51f265e684
[2026-05-09T19:29:54+09:00] fetched detail access via Invoke-WebRequest: 41eb6478-d6d5-46f6-8ed3-dc51f265e684
[2026-05-09T19:29:56+09:00] fetched detail via Invoke-WebRequest: fe7f36f0-bd4a-4f6b-a2f7-7b7ddfbfbd98
[2026-05-09T19:29:57+09:00] fetched detail access via Invoke-WebRequest: fe7f36f0-bd4a-4f6b-a2f7-7b7ddfbfbd98
[2026-05-09T19:29:59+09:00] fetched detail via Invoke-WebRequest: d26e9db3-c9fa-48b2-ad8a-2d93c5429d95
[2026-05-09T19:30:00+09:00] fetched detail access via Invoke-WebRequest: d26e9db3-c9fa-48b2-ad8a-2d93c5429d95
[2026-05-09T19:30:02+09:00] fetched detail via Invoke-WebRequest: c3dfbaf8-bb3a-4f66-b4fb-f5581c8279dc
[2026-05-09T19:30:03+09:00] fetched detail access via Invoke-WebRequest: c3dfbaf8-bb3a-4f66-b4fb-f5581c8279dc
[2026-05-09T19:30:05+09:00] fetched detail via Invoke-WebRequest: 094253b4-194b-4980-a37c-33f85506fe6c
[2026-05-09T19:30:07+09:00] fetched detail access via Invoke-WebRequest: 094253b4-194b-4980-a37c-33f85506fe6c
[2026-05-09T19:30:08+09:00] fetched detail via Invoke-WebRequest: 72127e5c-2891-4af9-9174-72dbb894487e
[2026-05-09T19:30:09+09:00] fetched detail access via Invoke-WebRequest: 72127e5c-2891-4af9-9174-72dbb894487e
[2026-05-09T19:30:11+09:00] fetched detail via Invoke-WebRequest: bf45d6d4-7277-4f12-8f95-ced08c001777
[2026-05-09T19:30:13+09:00] fetched detail access via Invoke-WebRequest: bf45d6d4-7277-4f12-8f95-ced08c001777
[2026-05-09T19:30:14+09:00] fetched detail via Invoke-WebRequest: 930d6540-ad9b-4892-96e5-98efc2d9f984
[2026-05-09T19:30:15+09:00] fetched detail access via Invoke-WebRequest: 930d6540-ad9b-4892-96e5-98efc2d9f984
[2026-05-09T19:30:17+09:00] fetched detail via Invoke-WebRequest: 594a6b65-f165-4387-8362-1c6666974b2c
[2026-05-09T19:30:18+09:00] fetched detail access via Invoke-WebRequest: 594a6b65-f165-4387-8362-1c6666974b2c
[2026-05-09T19:30:20+09:00] fetched detail via Invoke-WebRequest: e322b17b-d4dc-4aa4-958b-2e8317f9cfa5
[2026-05-09T19:30:21+09:00] fetched detail access via Invoke-WebRequest: e322b17b-d4dc-4aa4-958b-2e8317f9cfa5
[2026-05-09T19:30:23+09:00] fetched detail via Invoke-WebRequest: 788b8340-44d7-47b6-a04a-0ecd8c6f855a
[2026-05-09T19:30:24+09:00] fetched detail access via Invoke-WebRequest: 788b8340-44d7-47b6-a04a-0ecd8c6f855a
[2026-05-09T19:30:26+09:00] fetched detail via Invoke-WebRequest: e24e74e0-c4b7-4eab-b1ee-d1bfd423dd7a
[2026-05-09T19:30:27+09:00] fetched detail access via Invoke-WebRequest: e24e74e0-c4b7-4eab-b1ee-d1bfd423dd7a
[2026-05-09T19:30:28+09:00] fetched detail via Invoke-WebRequest: 74da9277-210b-4bcd-bbb9-3c8671ddc37d
[2026-05-09T19:30:30+09:00] fetched detail access via Invoke-WebRequest: 74da9277-210b-4bcd-bbb9-3c8671ddc37d
[2026-05-09T19:30:32+09:00] fetched detail via Invoke-WebRequest: e9212fd9-0189-4ed7-a5e1-b93d1a4e0cc9
[2026-05-09T19:30:33+09:00] fetched detail access via Invoke-WebRequest: e9212fd9-0189-4ed7-a5e1-b93d1a4e0cc9
[2026-05-09T19:30:35+09:00] fetched detail via Invoke-WebRequest: 7cca27f5-7de1-4c76-ad8b-2efd09d0d69a
[2026-05-09T19:30:36+09:00] fetched detail access via Invoke-WebRequest: 7cca27f5-7de1-4c76-ad8b-2efd09d0d69a
[2026-05-09T19:30:37+09:00] fetched detail via Invoke-WebRequest: 45681362-2beb-4848-b8f1-509b77a969d1
[2026-05-09T19:30:39+09:00] fetched detail access via Invoke-WebRequest: 45681362-2beb-4848-b8f1-509b77a969d1
[2026-05-09T19:30:41+09:00] fetched detail via Invoke-WebRequest: b5fd8df2-39d9-4fd9-931f-4f3e9e537baa
[2026-05-09T19:30:42+09:00] fetched detail access via Invoke-WebRequest: b5fd8df2-39d9-4fd9-931f-4f3e9e537baa
[2026-05-09T19:30:44+09:00] fetched detail via Invoke-WebRequest: 6e6eb6f1-c851-4172-beb6-5166be066a47
[2026-05-09T19:30:45+09:00] fetched detail access via Invoke-WebRequest: 6e6eb6f1-c851-4172-beb6-5166be066a47
[2026-05-09T19:30:47+09:00] fetched detail via Invoke-WebRequest: 6944a066-fa23-4ed4-922b-759af67a1c5e
[2026-05-09T19:30:48+09:00] fetched detail access via Invoke-WebRequest: 6944a066-fa23-4ed4-922b-759af67a1c5e
[2026-05-09T19:30:50+09:00] fetched detail via Invoke-WebRequest: 7776627b-18b8-4aeb-8837-d1b1c9e97ae8
[2026-05-09T19:30:51+09:00] fetched detail access via Invoke-WebRequest: 7776627b-18b8-4aeb-8837-d1b1c9e97ae8
[2026-05-09T19:30:53+09:00] fetched detail via Invoke-WebRequest: b8b5d16f-38b8-47bc-a486-e134a99cc0a1
[2026-05-09T19:30:54+09:00] fetched detail access via Invoke-WebRequest: b8b5d16f-38b8-47bc-a486-e134a99cc0a1
[2026-05-09T19:30:56+09:00] fetched detail via Invoke-WebRequest: ffcac49e-f7c2-47d3-a2cd-a711319f489e
[2026-05-09T19:30:57+09:00] fetched detail access via Invoke-WebRequest: ffcac49e-f7c2-47d3-a2cd-a711319f489e
[2026-05-09T19:30:59+09:00] fetched detail via Invoke-WebRequest: 2df2d102-082d-458d-9a05-7622d9a81028
[2026-05-09T19:31:00+09:00] fetched detail access via Invoke-WebRequest: 2df2d102-082d-458d-9a05-7622d9a81028
[2026-05-09T19:31:02+09:00] fetched detail via Invoke-WebRequest: 74d79235-ead0-4ce6-a66b-159b4e0e696d
[2026-05-09T19:31:04+09:00] fetched detail access via Invoke-WebRequest: 74d79235-ead0-4ce6-a66b-159b4e0e696d
[2026-05-09T19:31:05+09:00] fetched detail via Invoke-WebRequest: 1290d36a-f444-467b-8c77-b5d340239f38
[2026-05-09T19:31:06+09:00] fetched detail access via Invoke-WebRequest: 1290d36a-f444-467b-8c77-b5d340239f38
[2026-05-09T19:31:08+09:00] fetched detail via Invoke-WebRequest: e7718cd4-b456-4b9c-8092-a587dbd4f5ef
[2026-05-09T19:31:10+09:00] fetched detail access via Invoke-WebRequest: e7718cd4-b456-4b9c-8092-a587dbd4f5ef
[2026-05-09T19:31:12+09:00] fetched detail via Invoke-WebRequest: a1d38306-e2a0-4521-a381-a0dac49a7aaf
[2026-05-09T19:31:13+09:00] fetched detail access via Invoke-WebRequest: a1d38306-e2a0-4521-a381-a0dac49a7aaf
[2026-05-09T19:31:15+09:00] fetched detail via Invoke-WebRequest: 4ccf21e2-1ddb-488c-a514-3bc37f374a26
[2026-05-09T19:31:16+09:00] fetched detail access via Invoke-WebRequest: 4ccf21e2-1ddb-488c-a514-3bc37f374a26
[2026-05-09T19:31:18+09:00] fetched detail via Invoke-WebRequest: 610c58de-567c-4bdb-b171-f780050efd64
[2026-05-09T19:31:19+09:00] fetched detail access via Invoke-WebRequest: 610c58de-567c-4bdb-b171-f780050efd64
[2026-05-09T19:31:21+09:00] fetched detail via Invoke-WebRequest: 6fbbb0af-13f1-4a06-8972-04acd025a304
[2026-05-09T19:31:22+09:00] fetched detail access via Invoke-WebRequest: 6fbbb0af-13f1-4a06-8972-04acd025a304
[2026-05-09T19:31:24+09:00] fetched detail via Invoke-WebRequest: c83e1ecc-056a-4363-9a2c-f1b0dd6f060a
[2026-05-09T19:31:26+09:00] fetched detail access via Invoke-WebRequest: c83e1ecc-056a-4363-9a2c-f1b0dd6f060a
[2026-05-09T19:31:28+09:00] fetched detail via Invoke-WebRequest: e5eb2233-af14-461b-99d4-2db5da13ba5f
[2026-05-09T19:31:30+09:00] fetched detail access via Invoke-WebRequest: e5eb2233-af14-461b-99d4-2db5da13ba5f
[2026-05-09T19:31:33+09:00] fetched detail via Invoke-WebRequest: 5aebba16-7a50-4415-bf24-39514b0c9b09
[2026-05-09T19:31:35+09:00] fetched detail access via Invoke-WebRequest: 5aebba16-7a50-4415-bf24-39514b0c9b09
[2026-05-09T19:31:37+09:00] fetched detail via Invoke-WebRequest: edb8410c-70e0-4c1e-ab73-b4a7c8491a79
[2026-05-09T19:31:38+09:00] fetched detail access via Invoke-WebRequest: edb8410c-70e0-4c1e-ab73-b4a7c8491a79
[2026-05-09T19:31:40+09:00] fetched detail via Invoke-WebRequest: c0782f6f-8467-424c-851c-e8af65db0d78
[2026-05-09T19:31:42+09:00] fetched detail access via Invoke-WebRequest: c0782f6f-8467-424c-851c-e8af65db0d78
[2026-05-09T19:31:44+09:00] fetched detail via Invoke-WebRequest: 786356ba-c4aa-42b8-a5e7-6e642b659405
[2026-05-09T19:31:47+09:00] fetched detail access via Invoke-WebRequest: 786356ba-c4aa-42b8-a5e7-6e642b659405
[2026-05-09T19:31:48+09:00] fetched detail via Invoke-WebRequest: 0258bebb-c1af-41d8-a7af-98a12281e7d1
[2026-05-09T19:31:50+09:00] fetched detail access via Invoke-WebRequest: 0258bebb-c1af-41d8-a7af-98a12281e7d1
[2026-05-09T19:31:52+09:00] fetched detail via Invoke-WebRequest: b4697a56-68e4-4dac-b713-02ebf13a9157
[2026-05-09T19:31:54+09:00] fetched detail access via Invoke-WebRequest: b4697a56-68e4-4dac-b713-02ebf13a9157
[2026-05-09T19:31:56+09:00] fetched detail via Invoke-WebRequest: e379f8c9-768e-4f17-9133-d7341b3f717e
[2026-05-09T19:31:57+09:00] fetched detail access via Invoke-WebRequest: e379f8c9-768e-4f17-9133-d7341b3f717e
[2026-05-09T19:31:59+09:00] fetched detail via Invoke-WebRequest: 898034f3-5831-470d-8320-68fcdd9a23cd
[2026-05-09T19:32:01+09:00] fetched detail access via Invoke-WebRequest: 898034f3-5831-470d-8320-68fcdd9a23cd
[2026-05-09T19:32:02+09:00] fetched detail via Invoke-WebRequest: 889e3e92-83e2-49b3-ac72-26bd1c580db4
[2026-05-09T19:32:04+09:00] fetched detail access via Invoke-WebRequest: 889e3e92-83e2-49b3-ac72-26bd1c580db4
[2026-05-09T19:32:05+09:00] fetched detail via Invoke-WebRequest: caf34f8b-5660-4c03-a962-36b5476bea42
[2026-05-09T19:32:07+09:00] fetched detail access via Invoke-WebRequest: caf34f8b-5660-4c03-a962-36b5476bea42
[2026-05-09T19:32:09+09:00] fetched detail via Invoke-WebRequest: edee4ee2-b53d-4225-88b7-b814e52bacf8
[2026-05-09T19:32:11+09:00] fetched detail access via Invoke-WebRequest: edee4ee2-b53d-4225-88b7-b814e52bacf8
[2026-05-09T19:32:13+09:00] fetched detail via Invoke-WebRequest: d9ada014-b0d3-4b44-8b7f-c88d4d0631a9
[2026-05-09T19:32:14+09:00] fetched detail access via Invoke-WebRequest: d9ada014-b0d3-4b44-8b7f-c88d4d0631a9
[2026-05-09T19:32:16+09:00] fetched detail via Invoke-WebRequest: 635fac10-fbf9-4227-a865-6fa6e52c48a7
[2026-05-09T19:32:18+09:00] fetched detail access via Invoke-WebRequest: 635fac10-fbf9-4227-a865-6fa6e52c48a7
[2026-05-09T19:32:19+09:00] fetched detail via Invoke-WebRequest: 03c5ae90-8b8e-4fdf-802a-5742ccecfd2b
[2026-05-09T19:32:21+09:00] fetched detail access via Invoke-WebRequest: 03c5ae90-8b8e-4fdf-802a-5742ccecfd2b
[2026-05-09T19:32:23+09:00] fetched detail via Invoke-WebRequest: f108c2e1-9ffd-4b95-8ebb-e137faefc855
[2026-05-09T19:32:24+09:00] fetched detail access via Invoke-WebRequest: f108c2e1-9ffd-4b95-8ebb-e137faefc855
[2026-05-09T19:32:26+09:00] fetched detail via Invoke-WebRequest: 55699ace-3cc8-4667-9006-7f8181a0c470
[2026-05-09T19:32:28+09:00] fetched detail access via Invoke-WebRequest: 55699ace-3cc8-4667-9006-7f8181a0c470
[2026-05-09T19:32:29+09:00] fetched detail via Invoke-WebRequest: 73d367de-b975-4007-bff3-5d6b0827b4dd
[2026-05-09T19:32:31+09:00] fetched detail access via Invoke-WebRequest: 73d367de-b975-4007-bff3-5d6b0827b4dd
[2026-05-09T19:32:33+09:00] fetched detail via Invoke-WebRequest: e1ab9516-aebc-4cd7-a29d-6889c4960c5c
[2026-05-09T19:32:34+09:00] fetched detail access via Invoke-WebRequest: e1ab9516-aebc-4cd7-a29d-6889c4960c5c
[2026-05-09T19:32:36+09:00] fetched detail via Invoke-WebRequest: 3b9f1d97-5f62-4923-9668-e06077c7f9d5
[2026-05-09T19:32:38+09:00] fetched detail access via Invoke-WebRequest: 3b9f1d97-5f62-4923-9668-e06077c7f9d5
[2026-05-09T19:32:39+09:00] fetched detail via Invoke-WebRequest: 39db8ec7-b8e4-4a4d-aac9-a822949c7cc5
[2026-05-09T19:32:41+09:00] fetched detail access via Invoke-WebRequest: 39db8ec7-b8e4-4a4d-aac9-a822949c7cc5
[2026-05-09T19:32:43+09:00] fetched detail via Invoke-WebRequest: f6784a5e-13cb-4fa7-87af-6fc7b95684c3
[2026-05-09T19:32:44+09:00] fetched detail access via Invoke-WebRequest: f6784a5e-13cb-4fa7-87af-6fc7b95684c3
[2026-05-09T19:32:46+09:00] fetched detail via Invoke-WebRequest: dfb6df30-a232-4a3d-ac76-028eeeb2c28b
[2026-05-09T19:32:48+09:00] fetched detail access via Invoke-WebRequest: dfb6df30-a232-4a3d-ac76-028eeeb2c28b
[2026-05-09T19:32:50+09:00] fetched detail via Invoke-WebRequest: 78780248-3260-4654-8474-8e31cfff2110
[2026-05-09T19:32:51+09:00] fetched detail access via Invoke-WebRequest: 78780248-3260-4654-8474-8e31cfff2110
[2026-05-09T19:32:53+09:00] fetched detail via Invoke-WebRequest: aa6aaa01-f4c7-4caf-a300-b82a710c12a9
[2026-05-09T19:32:55+09:00] fetched detail access via Invoke-WebRequest: aa6aaa01-f4c7-4caf-a300-b82a710c12a9
[2026-05-09T19:32:57+09:00] fetched detail via Invoke-WebRequest: 0accd9f0-5f0e-46fe-b43a-5a6a4774fb21
[2026-05-09T19:32:59+09:00] fetched detail access via Invoke-WebRequest: 0accd9f0-5f0e-46fe-b43a-5a6a4774fb21
[2026-05-09T19:33:01+09:00] fetched detail via Invoke-WebRequest: 578f4b2a-94a5-4a74-8daa-d0d8995d8ab8
[2026-05-09T19:33:02+09:00] fetched detail access via Invoke-WebRequest: 578f4b2a-94a5-4a74-8daa-d0d8995d8ab8
[2026-05-09T19:33:04+09:00] fetched detail via Invoke-WebRequest: 626939de-ffcd-49b7-ab14-be582ac74ff7
[2026-05-09T19:33:06+09:00] fetched detail access via Invoke-WebRequest: 626939de-ffcd-49b7-ab14-be582ac74ff7
[2026-05-09T19:33:07+09:00] fetched detail via Invoke-WebRequest: 78da1103-6d10-4ccc-bc4b-6b67537614a9
[2026-05-09T19:33:09+09:00] fetched detail access via Invoke-WebRequest: 78da1103-6d10-4ccc-bc4b-6b67537614a9
[2026-05-09T19:33:11+09:00] fetched detail via Invoke-WebRequest: f4ea3e4b-658b-475b-87c8-3489002635ec
[2026-05-09T19:33:12+09:00] fetched detail access via Invoke-WebRequest: f4ea3e4b-658b-475b-87c8-3489002635ec
[2026-05-09T19:33:14+09:00] fetched detail via Invoke-WebRequest: 76357d3c-5c6c-45b4-934d-85495826f593
[2026-05-09T19:33:16+09:00] fetched detail access via Invoke-WebRequest: 76357d3c-5c6c-45b4-934d-85495826f593
[2026-05-09T19:33:18+09:00] fetched detail via Invoke-WebRequest: 02ce32e4-e040-40d8-92cb-00ccb332063c
[2026-05-09T19:33:19+09:00] fetched detail access via Invoke-WebRequest: 02ce32e4-e040-40d8-92cb-00ccb332063c
[2026-05-09T19:33:21+09:00] fetched detail via Invoke-WebRequest: 304dc78d-c0de-4300-ba61-42851da68fb7
[2026-05-09T19:33:23+09:00] fetched detail access via Invoke-WebRequest: 304dc78d-c0de-4300-ba61-42851da68fb7
[2026-05-09T19:33:25+09:00] fetched detail via Invoke-WebRequest: 1eef84c3-8f76-4d5d-abb3-3f63b9de3149
[2026-05-09T19:33:27+09:00] fetched detail access via Invoke-WebRequest: 1eef84c3-8f76-4d5d-abb3-3f63b9de3149
[2026-05-09T19:33:28+09:00] fetched detail via Invoke-WebRequest: 3601d984-fc45-4479-b5f3-e43e0b7e6a4b
[2026-05-09T19:33:30+09:00] fetched detail access via Invoke-WebRequest: 3601d984-fc45-4479-b5f3-e43e0b7e6a4b
[2026-05-09T19:33:31+09:00] fetched detail via Invoke-WebRequest: 013a67ea-8736-4b1d-879e-e4c423573700
[2026-05-09T19:33:33+09:00] fetched detail access via Invoke-WebRequest: 013a67ea-8736-4b1d-879e-e4c423573700
[2026-05-09T19:33:35+09:00] fetched detail via Invoke-WebRequest: 61a6506d-7f6b-4bd8-b21e-64be7660cd09
[2026-05-09T19:33:37+09:00] fetched detail access via Invoke-WebRequest: 61a6506d-7f6b-4bd8-b21e-64be7660cd09
[2026-05-09T19:33:38+09:00] fetched detail via Invoke-WebRequest: b76bcf85-706b-4389-a6c3-e2f2870dbfa3
[2026-05-09T19:33:40+09:00] fetched detail access via Invoke-WebRequest: b76bcf85-706b-4389-a6c3-e2f2870dbfa3
[2026-05-09T19:33:42+09:00] fetched detail via Invoke-WebRequest: 359fa994-0842-4c27-9619-d20e1c75ebde
[2026-05-09T19:33:44+09:00] fetched detail access via Invoke-WebRequest: 359fa994-0842-4c27-9619-d20e1c75ebde
[2026-05-09T19:33:46+09:00] fetched detail via Invoke-WebRequest: 3f030762-efb6-40cb-9ff5-1b0082b052ad
[2026-05-09T19:33:48+09:00] fetched detail access via Invoke-WebRequest: 3f030762-efb6-40cb-9ff5-1b0082b052ad
[2026-05-09T19:33:49+09:00] fetched detail via Invoke-WebRequest: e0a6777f-124c-4371-b6ed-8cf46596af82
[2026-05-09T19:33:51+09:00] fetched detail access via Invoke-WebRequest: e0a6777f-124c-4371-b6ed-8cf46596af82
[2026-05-09T19:33:53+09:00] fetched detail via Invoke-WebRequest: 80e75018-1ddf-4dc8-b0c5-07964d369621
[2026-05-09T19:33:55+09:00] fetched detail access via Invoke-WebRequest: 80e75018-1ddf-4dc8-b0c5-07964d369621
[2026-05-09T19:33:57+09:00] fetched detail via Invoke-WebRequest: 759c04c2-f967-4e9b-ac98-7cfce66e0905
[2026-05-09T19:33:59+09:00] fetched detail access via Invoke-WebRequest: 759c04c2-f967-4e9b-ac98-7cfce66e0905
[2026-05-09T19:34:00+09:00] fetched detail via Invoke-WebRequest: b8be8ccb-71fa-4516-9294-22344a5d5389
[2026-05-09T19:34:02+09:00] fetched detail access via Invoke-WebRequest: b8be8ccb-71fa-4516-9294-22344a5d5389
[2026-05-09T19:34:03+09:00] fetched detail via Invoke-WebRequest: 59510a55-7dbc-4458-9d53-373b21de655d
[2026-05-09T19:34:05+09:00] fetched detail access via Invoke-WebRequest: 59510a55-7dbc-4458-9d53-373b21de655d
[2026-05-09T19:34:06+09:00] fetched detail via Invoke-WebRequest: 7b8c6fe1-da9d-45bf-9a41-23cd5ba5afea
[2026-05-09T19:34:08+09:00] fetched detail access via Invoke-WebRequest: 7b8c6fe1-da9d-45bf-9a41-23cd5ba5afea
[2026-05-09T19:34:10+09:00] fetched detail via Invoke-WebRequest: 914ac3ef-86fb-494a-af87-014eccf23153
[2026-05-09T19:34:12+09:00] fetched detail access via Invoke-WebRequest: 914ac3ef-86fb-494a-af87-014eccf23153
[2026-05-09T19:34:14+09:00] fetched detail via Invoke-WebRequest: 5577bb13-4e5c-4f0c-ae7a-deb43d712820
[2026-05-09T19:34:16+09:00] fetched detail access via Invoke-WebRequest: 5577bb13-4e5c-4f0c-ae7a-deb43d712820
[2026-05-09T19:34:18+09:00] fetched detail via Invoke-WebRequest: a6936439-5d55-4075-bcf8-2542d1479d60
[2026-05-09T19:34:20+09:00] fetched detail access via Invoke-WebRequest: a6936439-5d55-4075-bcf8-2542d1479d60
[2026-05-09T19:34:22+09:00] fetched detail via Invoke-WebRequest: 3fa22463-a64a-41b0-bb8c-a0d952eb56aa
[2026-05-09T19:34:23+09:00] fetched detail access via Invoke-WebRequest: 3fa22463-a64a-41b0-bb8c-a0d952eb56aa
[2026-05-09T19:34:25+09:00] fetched detail via Invoke-WebRequest: 6ac180ee-bc61-43ca-9dec-4a3f1702a642
[2026-05-09T19:34:27+09:00] fetched detail access via Invoke-WebRequest: 6ac180ee-bc61-43ca-9dec-4a3f1702a642
[2026-05-09T19:34:29+09:00] fetched detail via Invoke-WebRequest: b7869f05-5e9e-4996-8423-4e431837a2f4
[2026-05-09T19:34:30+09:00] fetched detail access via Invoke-WebRequest: b7869f05-5e9e-4996-8423-4e431837a2f4
[2026-05-09T19:34:31+09:00] fetched detail via Invoke-WebRequest: 0c76d653-85db-455c-8af5-2bdb0faa14ef
[2026-05-09T19:34:33+09:00] fetched detail access via Invoke-WebRequest: 0c76d653-85db-455c-8af5-2bdb0faa14ef
[2026-05-09T19:34:35+09:00] fetched detail via Invoke-WebRequest: 4e690e02-3d1c-477e-82dd-40d6d719451c
[2026-05-09T19:34:36+09:00] fetched detail access via Invoke-WebRequest: 4e690e02-3d1c-477e-82dd-40d6d719451c
[2026-05-09T19:34:38+09:00] fetched detail via Invoke-WebRequest: cd9e3ab9-5d22-4ed1-bf8c-a13fc4232bf4
[2026-05-09T19:34:40+09:00] fetched detail access via Invoke-WebRequest: cd9e3ab9-5d22-4ed1-bf8c-a13fc4232bf4
[2026-05-09T19:34:41+09:00] fetched detail via Invoke-WebRequest: 16cf5329-8a8d-4863-8a45-4a0a058c07c6
[2026-05-09T19:34:43+09:00] fetched detail access via Invoke-WebRequest: 16cf5329-8a8d-4863-8a45-4a0a058c07c6
[2026-05-09T19:34:45+09:00] fetched detail via Invoke-WebRequest: 4a0781a9-dc24-4dce-bbc8-f1fef2be7443
[2026-05-09T19:34:47+09:00] fetched detail access via Invoke-WebRequest: 4a0781a9-dc24-4dce-bbc8-f1fef2be7443
[2026-05-09T19:34:48+09:00] fetched detail via Invoke-WebRequest: 9b393fff-b9ad-4882-97ed-d99730f51f27
[2026-05-09T19:34:50+09:00] fetched detail access via Invoke-WebRequest: 9b393fff-b9ad-4882-97ed-d99730f51f27
[2026-05-09T19:34:52+09:00] fetched detail via Invoke-WebRequest: e2b36eeb-790d-4722-afdb-a9194c3949e8
[2026-05-09T19:34:53+09:00] fetched detail access via Invoke-WebRequest: e2b36eeb-790d-4722-afdb-a9194c3949e8
[2026-05-09T19:34:55+09:00] fetched detail via Invoke-WebRequest: d1551142-425b-4093-ac8d-2919da4f978f
[2026-05-09T19:34:56+09:00] fetched detail access via Invoke-WebRequest: d1551142-425b-4093-ac8d-2919da4f978f
[2026-05-09T19:34:58+09:00] fetched detail via Invoke-WebRequest: bbcec8bc-ba22-4373-a3fe-0dc36ac87135
[2026-05-09T19:35:00+09:00] fetched detail access via Invoke-WebRequest: bbcec8bc-ba22-4373-a3fe-0dc36ac87135
[2026-05-09T19:35:01+09:00] fetched detail via Invoke-WebRequest: 01055633-bd8f-4421-a03c-b76438524503
[2026-05-09T19:35:03+09:00] fetched detail access via Invoke-WebRequest: 01055633-bd8f-4421-a03c-b76438524503
[2026-05-09T19:35:05+09:00] fetched detail via Invoke-WebRequest: 546b0958-bc89-4d95-b4b3-81e38ccc4134
[2026-05-09T19:35:06+09:00] fetched detail access via Invoke-WebRequest: 546b0958-bc89-4d95-b4b3-81e38ccc4134
[2026-05-09T19:35:08+09:00] fetched detail via Invoke-WebRequest: d010e5fb-5c34-4eec-a9d6-04cd82811206
[2026-05-09T19:35:10+09:00] fetched detail access via Invoke-WebRequest: d010e5fb-5c34-4eec-a9d6-04cd82811206
[2026-05-09T19:35:12+09:00] fetched detail via Invoke-WebRequest: 8cf1332f-48e7-4795-8895-2391235f861b
[2026-05-09T19:35:13+09:00] fetched detail access via Invoke-WebRequest: 8cf1332f-48e7-4795-8895-2391235f861b
[2026-05-09T19:35:15+09:00] fetched detail via Invoke-WebRequest: e3e059ea-7598-4ca2-8871-063de024d1b0
[2026-05-09T19:35:16+09:00] fetched detail access via Invoke-WebRequest: e3e059ea-7598-4ca2-8871-063de024d1b0
[2026-05-09T19:35:18+09:00] fetched detail via Invoke-WebRequest: c9ed5cd0-2faf-405d-9324-3560e525e9b3
[2026-05-09T19:35:20+09:00] fetched detail access via Invoke-WebRequest: c9ed5cd0-2faf-405d-9324-3560e525e9b3
[2026-05-09T19:35:22+09:00] fetched detail via Invoke-WebRequest: a0cec960-95f2-454c-8286-c474e67e5325
[2026-05-09T19:35:24+09:00] fetched detail access via Invoke-WebRequest: a0cec960-95f2-454c-8286-c474e67e5325
[2026-05-09T19:35:27+09:00] fetched detail via Invoke-WebRequest: 21c44f43-1c19-4e5e-bde1-a63b5688776e
[2026-05-09T19:35:28+09:00] fetched detail access via Invoke-WebRequest: 21c44f43-1c19-4e5e-bde1-a63b5688776e
[2026-05-09T19:35:30+09:00] fetched detail via Invoke-WebRequest: 664571f1-fe10-443c-a986-723beca4740f
[2026-05-09T19:35:31+09:00] fetched detail access via Invoke-WebRequest: 664571f1-fe10-443c-a986-723beca4740f
[2026-05-09T19:35:33+09:00] fetched detail via Invoke-WebRequest: 2b9fbd12-98b5-4632-90b7-df22f6ce38ee
[2026-05-09T19:35:35+09:00] fetched detail access via Invoke-WebRequest: 2b9fbd12-98b5-4632-90b7-df22f6ce38ee
[2026-05-09T19:35:36+09:00] fetched detail via Invoke-WebRequest: 111298d4-be07-4ca6-9aa0-77965a820042
[2026-05-09T19:35:38+09:00] fetched detail access via Invoke-WebRequest: 111298d4-be07-4ca6-9aa0-77965a820042
[2026-05-09T19:35:40+09:00] fetched detail via Invoke-WebRequest: 52a2cf7f-1d67-4f1e-aeb6-7030ab0d7048
[2026-05-09T19:35:41+09:00] fetched detail access via Invoke-WebRequest: 52a2cf7f-1d67-4f1e-aeb6-7030ab0d7048
[2026-05-09T19:35:46+09:00] fetched detail via Invoke-WebRequest: 737efd33-b6ab-4ea8-8b8d-360d71dcb10c
[2026-05-09T19:35:49+09:00] fetched detail access via Invoke-WebRequest: 737efd33-b6ab-4ea8-8b8d-360d71dcb10c
[2026-05-09T19:35:50+09:00] fetched detail via Invoke-WebRequest: 4a7fa299-a7e6-4011-ac21-f950ba23c92f
[2026-05-09T19:35:52+09:00] fetched detail access via Invoke-WebRequest: 4a7fa299-a7e6-4011-ac21-f950ba23c92f
[2026-05-09T19:35:54+09:00] fetched detail via Invoke-WebRequest: 405d811e-4023-4388-8710-08b52c569bc7
[2026-05-09T19:35:55+09:00] fetched detail access via Invoke-WebRequest: 405d811e-4023-4388-8710-08b52c569bc7
[2026-05-09T19:35:56+09:00] fetched detail via Invoke-WebRequest: 41fe1494-7b61-4b57-b9bb-d761ec598fb4
[2026-05-09T19:35:58+09:00] fetched detail access via Invoke-WebRequest: 41fe1494-7b61-4b57-b9bb-d761ec598fb4
[2026-05-09T19:36:00+09:00] fetched detail via Invoke-WebRequest: cc170cc3-cc18-4868-8a36-dded876ab016
[2026-05-09T19:36:02+09:00] fetched detail access via Invoke-WebRequest: cc170cc3-cc18-4868-8a36-dded876ab016
[2026-05-09T19:36:04+09:00] fetched detail via Invoke-WebRequest: 8b3d4e4f-d305-47fc-ade4-477cfde73de9
[2026-05-09T19:36:05+09:00] fetched detail access via Invoke-WebRequest: 8b3d4e4f-d305-47fc-ade4-477cfde73de9
[2026-05-09T19:36:07+09:00] fetched detail via Invoke-WebRequest: ac1ee98e-29a6-470f-8be2-f2a593e65d20
[2026-05-09T19:36:09+09:00] fetched detail access via Invoke-WebRequest: ac1ee98e-29a6-470f-8be2-f2a593e65d20
[2026-05-09T19:36:10+09:00] fetched detail via Invoke-WebRequest: 0a65b5e4-41e3-4f43-9b49-95e85821d784
[2026-05-09T19:36:12+09:00] fetched detail access via Invoke-WebRequest: 0a65b5e4-41e3-4f43-9b49-95e85821d784
[2026-05-09T19:36:13+09:00] fetched detail via Invoke-WebRequest: 8787a8b4-285a-4ade-93b9-ea547363e520
[2026-05-09T19:36:15+09:00] fetched detail access via Invoke-WebRequest: 8787a8b4-285a-4ade-93b9-ea547363e520
[2026-05-09T19:36:16+09:00] fetched detail via Invoke-WebRequest: 7f5cda59-242a-41b5-ad2e-aa809faf069d
[2026-05-09T19:36:17+09:00] fetched detail access via Invoke-WebRequest: 7f5cda59-242a-41b5-ad2e-aa809faf069d
[2026-05-09T19:36:19+09:00] fetched detail via Invoke-WebRequest: a8d90856-f46c-4d05-b851-48affeea5c58
[2026-05-09T19:36:20+09:00] fetched detail access via Invoke-WebRequest: a8d90856-f46c-4d05-b851-48affeea5c58
[2026-05-09T19:36:21+09:00] fetched detail via Invoke-WebRequest: c8687180-407a-41fd-ac92-76efd72ddfda
[2026-05-09T19:36:23+09:00] fetched detail access via Invoke-WebRequest: c8687180-407a-41fd-ac92-76efd72ddfda
[2026-05-09T19:36:24+09:00] fetched detail via Invoke-WebRequest: f04d936b-77a5-4049-996c-eaeb6aebc405
[2026-05-09T19:36:25+09:00] fetched detail access via Invoke-WebRequest: f04d936b-77a5-4049-996c-eaeb6aebc405
[2026-05-09T19:36:27+09:00] fetched detail via Invoke-WebRequest: 904b326d-5282-4917-9fae-a8a03bc083dd
[2026-05-09T19:36:28+09:00] fetched detail access via Invoke-WebRequest: 904b326d-5282-4917-9fae-a8a03bc083dd
[2026-05-09T19:36:30+09:00] fetched detail via Invoke-WebRequest: e6325f52-7829-4a4a-bb83-450197e40c69
[2026-05-09T19:36:32+09:00] fetched detail access via Invoke-WebRequest: e6325f52-7829-4a4a-bb83-450197e40c69
[2026-05-09T19:36:34+09:00] fetched detail via Invoke-WebRequest: 4b88f95f-1b5a-4db1-9354-618a3ee1ab64
[2026-05-09T19:36:35+09:00] fetched detail access via Invoke-WebRequest: 4b88f95f-1b5a-4db1-9354-618a3ee1ab64
[2026-05-09T19:36:37+09:00] fetched detail via Invoke-WebRequest: 36d6bf28-d5da-4d79-b600-e1dda6abbbd3
[2026-05-09T19:36:39+09:00] fetched detail access via Invoke-WebRequest: 36d6bf28-d5da-4d79-b600-e1dda6abbbd3
[2026-05-09T19:36:41+09:00] fetched detail via Invoke-WebRequest: fc8bb291-1b2c-45ce-8f62-73ef398c111c
[2026-05-09T19:36:42+09:00] fetched detail access via Invoke-WebRequest: fc8bb291-1b2c-45ce-8f62-73ef398c111c
[2026-05-09T19:36:44+09:00] fetched detail via Invoke-WebRequest: 5122169a-7544-47fe-91e5-8942eed822b5
[2026-05-09T19:36:46+09:00] fetched detail access via Invoke-WebRequest: 5122169a-7544-47fe-91e5-8942eed822b5
[2026-05-09T19:36:47+09:00] fetched detail via Invoke-WebRequest: e1a1d33f-64b4-4178-88be-b61fef5eee3d
[2026-05-09T19:36:49+09:00] fetched detail access via Invoke-WebRequest: e1a1d33f-64b4-4178-88be-b61fef5eee3d
[2026-05-09T19:36:50+09:00] fetched detail via Invoke-WebRequest: 7773344b-ba35-4478-aaf1-d5e89a670ed3
[2026-05-09T19:36:52+09:00] fetched detail access via Invoke-WebRequest: 7773344b-ba35-4478-aaf1-d5e89a670ed3
[2026-05-09T19:36:53+09:00] fetched detail via Invoke-WebRequest: 4c798bcf-537a-433a-863e-fc17e16ac3b3
[2026-05-09T19:36:55+09:00] fetched detail access via Invoke-WebRequest: 4c798bcf-537a-433a-863e-fc17e16ac3b3
[2026-05-09T19:36:57+09:00] fetched detail via Invoke-WebRequest: bb6ed21d-58d1-4150-8854-b41ce3b45c73
[2026-05-09T19:36:58+09:00] fetched detail access via Invoke-WebRequest: bb6ed21d-58d1-4150-8854-b41ce3b45c73
[2026-05-09T19:37:00+09:00] fetched detail via Invoke-WebRequest: 24176099-2000-4c06-a3e8-1ce59bd97513
[2026-05-09T19:37:02+09:00] fetched detail access via Invoke-WebRequest: 24176099-2000-4c06-a3e8-1ce59bd97513
[2026-05-09T19:37:04+09:00] fetched detail via Invoke-WebRequest: 490210cf-7e77-416f-8524-a9d936e7a485
[2026-05-09T19:37:05+09:00] fetched detail access via Invoke-WebRequest: 490210cf-7e77-416f-8524-a9d936e7a485
[2026-05-09T19:37:07+09:00] fetched detail via Invoke-WebRequest: a39f31ae-ce3c-436d-a66a-edce0c29f2fc
[2026-05-09T19:37:08+09:00] fetched detail access via Invoke-WebRequest: a39f31ae-ce3c-436d-a66a-edce0c29f2fc
[2026-05-09T19:37:10+09:00] fetched detail via Invoke-WebRequest: 145e8d7d-edfc-4c0f-9feb-3dc961c6eb6f
[2026-05-09T19:37:12+09:00] fetched detail access via Invoke-WebRequest: 145e8d7d-edfc-4c0f-9feb-3dc961c6eb6f
[2026-05-09T19:37:13+09:00] fetched detail via Invoke-WebRequest: 3d0abc15-d33a-4b05-babb-a1afac9f98f0
[2026-05-09T19:37:15+09:00] fetched detail access via Invoke-WebRequest: 3d0abc15-d33a-4b05-babb-a1afac9f98f0
[2026-05-09T19:37:17+09:00] fetched detail via Invoke-WebRequest: 393e1eb2-001a-49ab-afd3-b11273b8978a
[2026-05-09T19:37:18+09:00] fetched detail access via Invoke-WebRequest: 393e1eb2-001a-49ab-afd3-b11273b8978a
[2026-05-09T19:37:20+09:00] fetched detail via Invoke-WebRequest: cccefb52-7313-4e35-886c-034d54ca0156
[2026-05-09T19:37:21+09:00] fetched detail access via Invoke-WebRequest: cccefb52-7313-4e35-886c-034d54ca0156
[2026-05-09T19:37:23+09:00] fetched detail via Invoke-WebRequest: 6c8db3cb-a9ce-4c10-88a7-b9458846ebff
[2026-05-09T19:37:25+09:00] fetched detail access via Invoke-WebRequest: 6c8db3cb-a9ce-4c10-88a7-b9458846ebff
[2026-05-09T19:37:26+09:00] fetched detail via Invoke-WebRequest: 4d1c4c4f-2957-41da-aa6a-1ea36846feba
[2026-05-09T19:37:28+09:00] fetched detail access via Invoke-WebRequest: 4d1c4c4f-2957-41da-aa6a-1ea36846feba
[2026-05-09T19:37:30+09:00] fetched detail via Invoke-WebRequest: 059efea5-15af-47f9-ac44-2be79ed245d7
[2026-05-09T19:37:32+09:00] fetched detail access via Invoke-WebRequest: 059efea5-15af-47f9-ac44-2be79ed245d7
[2026-05-09T19:37:33+09:00] fetched detail via Invoke-WebRequest: fad5724f-eff7-471f-a012-85b64b8e2906
[2026-05-09T19:37:35+09:00] fetched detail access via Invoke-WebRequest: fad5724f-eff7-471f-a012-85b64b8e2906
[2026-05-09T19:37:36+09:00] fetched detail via Invoke-WebRequest: 7aa7158a-a195-45bb-a860-4c9381e24ca6
[2026-05-09T19:37:38+09:00] fetched detail access via Invoke-WebRequest: 7aa7158a-a195-45bb-a860-4c9381e24ca6
[2026-05-09T19:37:39+09:00] fetched detail via Invoke-WebRequest: b2a41f3f-4873-4f0f-a76f-3113d052cc59
[2026-05-09T19:37:41+09:00] fetched detail access via Invoke-WebRequest: b2a41f3f-4873-4f0f-a76f-3113d052cc59
[2026-05-09T19:37:42+09:00] fetched detail via Invoke-WebRequest: e015230a-7c6d-44b5-96bf-be55e6fe947c
[2026-05-09T19:37:44+09:00] fetched detail access via Invoke-WebRequest: e015230a-7c6d-44b5-96bf-be55e6fe947c
[2026-05-09T19:37:46+09:00] fetched detail via Invoke-WebRequest: 6372e74c-c2b4-41dd-946a-62dc1d3de945
[2026-05-09T19:37:47+09:00] fetched detail access via Invoke-WebRequest: 6372e74c-c2b4-41dd-946a-62dc1d3de945
[2026-05-09T19:37:49+09:00] fetched detail via Invoke-WebRequest: fbcc557c-5fd5-4f09-b52a-e4976c3ba3c1
[2026-05-09T19:37:50+09:00] fetched detail access via Invoke-WebRequest: fbcc557c-5fd5-4f09-b52a-e4976c3ba3c1
[2026-05-09T19:37:52+09:00] fetched detail via Invoke-WebRequest: e068ca3d-fd3b-4640-9b67-a02c2b56e80f
[2026-05-09T19:37:53+09:00] fetched detail access via Invoke-WebRequest: e068ca3d-fd3b-4640-9b67-a02c2b56e80f
[2026-05-09T19:37:55+09:00] fetched detail via Invoke-WebRequest: e35b214d-75fc-40ca-b598-3e5da7bea26c
[2026-05-09T19:37:56+09:00] fetched detail access via Invoke-WebRequest: e35b214d-75fc-40ca-b598-3e5da7bea26c
[2026-05-09T19:37:58+09:00] fetched detail via Invoke-WebRequest: b0bc8dfd-ddce-4c1e-b5b7-a82e930eb284
[2026-05-09T19:38:00+09:00] fetched detail access via Invoke-WebRequest: b0bc8dfd-ddce-4c1e-b5b7-a82e930eb284
[2026-05-09T19:38:02+09:00] fetched detail via Invoke-WebRequest: 421d1b71-fc81-4097-8196-0420095d1c4c
[2026-05-09T19:38:03+09:00] fetched detail access via Invoke-WebRequest: 421d1b71-fc81-4097-8196-0420095d1c4c
[2026-05-09T19:38:05+09:00] fetched detail via Invoke-WebRequest: e8b91ee1-3935-497c-8a00-32e4e18a7320
[2026-05-09T19:38:06+09:00] fetched detail access via Invoke-WebRequest: e8b91ee1-3935-497c-8a00-32e4e18a7320
[2026-05-09T19:38:08+09:00] fetched detail via Invoke-WebRequest: 56661d36-2745-43e3-b06d-28506f25cbfd
[2026-05-09T19:38:09+09:00] fetched detail access via Invoke-WebRequest: 56661d36-2745-43e3-b06d-28506f25cbfd
[2026-05-09T19:38:11+09:00] fetched detail via Invoke-WebRequest: 46cc2873-1d81-453a-a58c-1322ec69f6f2
[2026-05-09T19:38:12+09:00] fetched detail access via Invoke-WebRequest: 46cc2873-1d81-453a-a58c-1322ec69f6f2
[2026-05-09T19:38:14+09:00] fetched detail via Invoke-WebRequest: 2fa43de2-68ba-41c4-a6fb-383db79999a9
[2026-05-09T19:38:16+09:00] fetched detail access via Invoke-WebRequest: 2fa43de2-68ba-41c4-a6fb-383db79999a9
[2026-05-09T19:38:17+09:00] fetched detail via Invoke-WebRequest: 12eaf7d0-d0c7-46d8-8220-f4999a43c3a8
[2026-05-09T19:38:19+09:00] fetched detail access via Invoke-WebRequest: 12eaf7d0-d0c7-46d8-8220-f4999a43c3a8
[2026-05-09T19:38:20+09:00] fetched detail via Invoke-WebRequest: ee8aebb5-d550-4481-811b-d4d40653608a
[2026-05-09T19:38:22+09:00] fetched detail access via Invoke-WebRequest: ee8aebb5-d550-4481-811b-d4d40653608a
[2026-05-09T19:38:24+09:00] fetched detail via Invoke-WebRequest: b74d94e1-530b-44ce-9060-8eb0e596eeff
[2026-05-09T19:38:25+09:00] fetched detail access via Invoke-WebRequest: b74d94e1-530b-44ce-9060-8eb0e596eeff
[2026-05-09T19:38:27+09:00] fetched detail via Invoke-WebRequest: 24762b0a-f2d0-4a58-a630-fac51a437ad6
[2026-05-09T19:38:28+09:00] fetched detail access via Invoke-WebRequest: 24762b0a-f2d0-4a58-a630-fac51a437ad6
[2026-05-09T19:38:30+09:00] fetched detail via Invoke-WebRequest: f8f157a5-2920-4e14-b681-70d8db284681
[2026-05-09T19:38:31+09:00] fetched detail access via Invoke-WebRequest: f8f157a5-2920-4e14-b681-70d8db284681
[2026-05-09T19:38:33+09:00] fetched detail via Invoke-WebRequest: ae7eb7fa-f377-4378-b487-248efa532250
[2026-05-09T19:38:34+09:00] fetched detail access via Invoke-WebRequest: ae7eb7fa-f377-4378-b487-248efa532250
[2026-05-09T19:38:36+09:00] fetched detail via Invoke-WebRequest: 8cc612d5-facf-4b12-84e9-1433c8e27066
[2026-05-09T19:38:37+09:00] fetched detail access via Invoke-WebRequest: 8cc612d5-facf-4b12-84e9-1433c8e27066
[2026-05-09T19:38:38+09:00] fetched detail via Invoke-WebRequest: aa5442a3-5970-40eb-becb-5ff139fd8a6c
[2026-05-09T19:38:40+09:00] fetched detail access via Invoke-WebRequest: aa5442a3-5970-40eb-becb-5ff139fd8a6c
[2026-05-09T19:38:42+09:00] fetched detail via Invoke-WebRequest: 471affb2-cc68-4b68-8fc4-4865abe2fc4b
[2026-05-09T19:38:43+09:00] fetched detail access via Invoke-WebRequest: 471affb2-cc68-4b68-8fc4-4865abe2fc4b
[2026-05-09T19:38:45+09:00] fetched detail via Invoke-WebRequest: c4a6074b-e2f9-4e0a-8997-ee06b70f44f9
[2026-05-09T19:38:46+09:00] fetched detail access via Invoke-WebRequest: c4a6074b-e2f9-4e0a-8997-ee06b70f44f9
[2026-05-09T19:38:47+09:00] fetched detail via Invoke-WebRequest: b9b1a29d-63be-4c79-a5f2-e2e139064d04
[2026-05-09T19:38:49+09:00] fetched detail access via Invoke-WebRequest: b9b1a29d-63be-4c79-a5f2-e2e139064d04
[2026-05-09T19:38:50+09:00] fetched detail via Invoke-WebRequest: f0ad681a-c9a5-4d43-bd8e-77e4c8994535
[2026-05-09T19:38:52+09:00] fetched detail access via Invoke-WebRequest: f0ad681a-c9a5-4d43-bd8e-77e4c8994535
[2026-05-09T19:38:53+09:00] fetched detail via Invoke-WebRequest: 81a97c0e-e885-4ed4-ae97-8ffb003ac346
[2026-05-09T19:38:55+09:00] fetched detail access via Invoke-WebRequest: 81a97c0e-e885-4ed4-ae97-8ffb003ac346
[2026-05-09T19:38:56+09:00] fetched detail via Invoke-WebRequest: a1a2154c-ade1-415d-ab44-a05780c163a8
[2026-05-09T19:38:58+09:00] fetched detail access via Invoke-WebRequest: a1a2154c-ade1-415d-ab44-a05780c163a8
[2026-05-09T19:39:00+09:00] fetched detail via Invoke-WebRequest: f9505191-1c13-4dc5-b332-409c5d2af289
[2026-05-09T19:39:02+09:00] fetched detail access via Invoke-WebRequest: f9505191-1c13-4dc5-b332-409c5d2af289
[2026-05-09T19:39:04+09:00] fetched detail via Invoke-WebRequest: fe35bd9c-aada-4caa-84d8-1cc122e976ac
[2026-05-09T19:39:06+09:00] fetched detail access via Invoke-WebRequest: fe35bd9c-aada-4caa-84d8-1cc122e976ac
[2026-05-09T19:39:08+09:00] fetched detail via Invoke-WebRequest: a37d6ff2-b51e-4191-a27e-517b3e07beea
[2026-05-09T19:39:09+09:00] fetched detail access via Invoke-WebRequest: a37d6ff2-b51e-4191-a27e-517b3e07beea
[2026-05-09T19:39:12+09:00] fetched detail via Invoke-WebRequest: 2140230d-8524-4d14-bead-ae0a2de55ed0
[2026-05-09T19:39:14+09:00] fetched detail access via Invoke-WebRequest: 2140230d-8524-4d14-bead-ae0a2de55ed0
[2026-05-09T19:39:15+09:00] fetched detail via Invoke-WebRequest: fd051619-7405-4499-a634-0297bfc00326
[2026-05-09T19:39:17+09:00] fetched detail access via Invoke-WebRequest: fd051619-7405-4499-a634-0297bfc00326
[2026-05-09T19:39:18+09:00] fetched detail via Invoke-WebRequest: 20eb6dee-ce06-4d69-b90a-915139c7f58e
[2026-05-09T19:39:20+09:00] fetched detail access via Invoke-WebRequest: 20eb6dee-ce06-4d69-b90a-915139c7f58e
[2026-05-09T19:39:21+09:00] fetched detail via Invoke-WebRequest: 28abaef8-e3df-4ec5-ac98-30bb11c99f68
[2026-05-09T19:39:23+09:00] fetched detail access via Invoke-WebRequest: 28abaef8-e3df-4ec5-ac98-30bb11c99f68
[2026-05-09T19:39:24+09:00] fetched detail via Invoke-WebRequest: 2e9f0e92-db2c-4320-80ce-2968750b956c
[2026-05-09T19:39:26+09:00] fetched detail access via Invoke-WebRequest: 2e9f0e92-db2c-4320-80ce-2968750b956c
[2026-05-09T19:39:27+09:00] fetched detail via Invoke-WebRequest: 83397e88-e24b-4dcb-a70f-58328cdb4585
[2026-05-09T19:39:29+09:00] fetched detail access via Invoke-WebRequest: 83397e88-e24b-4dcb-a70f-58328cdb4585
[2026-05-09T19:39:30+09:00] fetched detail via Invoke-WebRequest: 3fb433b5-d633-4991-8635-5212df5ce6d7
[2026-05-09T19:39:32+09:00] fetched detail access via Invoke-WebRequest: 3fb433b5-d633-4991-8635-5212df5ce6d7
[2026-05-09T19:39:33+09:00] fetched detail via Invoke-WebRequest: 21ec6060-98ae-4042-87ac-5e14a854fd36
[2026-05-09T19:39:35+09:00] fetched detail access via Invoke-WebRequest: 21ec6060-98ae-4042-87ac-5e14a854fd36
[2026-05-09T19:39:36+09:00] fetched detail via Invoke-WebRequest: a03249d0-1816-4e2e-8128-b85e48ddf978
[2026-05-09T19:39:38+09:00] fetched detail access via Invoke-WebRequest: a03249d0-1816-4e2e-8128-b85e48ddf978
[2026-05-09T19:39:39+09:00] fetched detail via Invoke-WebRequest: 0ff4209c-d3de-457a-bc7a-315b2c736358
[2026-05-09T19:39:41+09:00] fetched detail access via Invoke-WebRequest: 0ff4209c-d3de-457a-bc7a-315b2c736358
[2026-05-09T19:39:42+09:00] fetched detail via Invoke-WebRequest: 91db4fe5-f1cc-4cda-886f-1e0da2cf8b71
[2026-05-09T19:39:44+09:00] fetched detail access via Invoke-WebRequest: 91db4fe5-f1cc-4cda-886f-1e0da2cf8b71
[2026-05-09T19:39:45+09:00] fetched detail via Invoke-WebRequest: fc96d25f-c045-40d4-b376-adf6ab8a018d
[2026-05-09T19:39:47+09:00] fetched detail access via Invoke-WebRequest: fc96d25f-c045-40d4-b376-adf6ab8a018d
[2026-05-09T19:39:49+09:00] fetched detail via Invoke-WebRequest: 860f971a-00aa-4a24-8a78-687421be419d
[2026-05-09T19:39:50+09:00] fetched detail access via Invoke-WebRequest: 860f971a-00aa-4a24-8a78-687421be419d
[2026-05-09T19:39:52+09:00] fetched detail via Invoke-WebRequest: 659f13fe-f92a-40da-8cf2-a3fcec7bb8f4
[2026-05-09T19:39:53+09:00] fetched detail access via Invoke-WebRequest: 659f13fe-f92a-40da-8cf2-a3fcec7bb8f4
[2026-05-09T19:39:55+09:00] fetched detail via Invoke-WebRequest: 4376da3c-5e9e-46b1-ac6d-daa4fec9467b
[2026-05-09T19:39:56+09:00] fetched detail access via Invoke-WebRequest: 4376da3c-5e9e-46b1-ac6d-daa4fec9467b
[2026-05-09T19:39:57+09:00] fetched detail via Invoke-WebRequest: f6f3c217-7009-4a3e-ba9e-21e37838cd71
[2026-05-09T19:39:59+09:00] fetched detail access via Invoke-WebRequest: f6f3c217-7009-4a3e-ba9e-21e37838cd71
[2026-05-09T19:40:01+09:00] fetched detail via Invoke-WebRequest: c5e0941e-51bc-4d53-9d13-1688d275438a
[2026-05-09T19:40:02+09:00] fetched detail access via Invoke-WebRequest: c5e0941e-51bc-4d53-9d13-1688d275438a
[2026-05-09T19:40:04+09:00] fetched detail via Invoke-WebRequest: 89358d28-4a26-4d3d-bebc-316be8338e42
[2026-05-09T19:40:05+09:00] fetched detail access via Invoke-WebRequest: 89358d28-4a26-4d3d-bebc-316be8338e42
[2026-05-09T19:40:07+09:00] fetched detail via Invoke-WebRequest: 90f2b824-f50d-4c50-88bf-fcbcb511e5a7
[2026-05-09T19:40:08+09:00] fetched detail access via Invoke-WebRequest: 90f2b824-f50d-4c50-88bf-fcbcb511e5a7
[2026-05-09T19:40:10+09:00] fetched detail via Invoke-WebRequest: 57688f00-4e2d-4931-ab91-031b94a598a3
[2026-05-09T19:40:12+09:00] fetched detail access via Invoke-WebRequest: 57688f00-4e2d-4931-ab91-031b94a598a3
[2026-05-09T19:40:13+09:00] fetched detail via Invoke-WebRequest: a8793d90-1161-4476-b2f3-741b438780bd
[2026-05-09T19:40:15+09:00] fetched detail access via Invoke-WebRequest: a8793d90-1161-4476-b2f3-741b438780bd
[2026-05-09T19:40:16+09:00] fetched detail via Invoke-WebRequest: 029cb208-e540-4d1a-a81f-791a2a52343a
[2026-05-09T19:40:18+09:00] fetched detail access via Invoke-WebRequest: 029cb208-e540-4d1a-a81f-791a2a52343a
[2026-05-09T19:40:19+09:00] fetched detail via Invoke-WebRequest: 73d50117-685c-41e1-bc48-80aadbbb8dbf
[2026-05-09T19:40:20+09:00] fetched detail access via Invoke-WebRequest: 73d50117-685c-41e1-bc48-80aadbbb8dbf
[2026-05-09T19:40:22+09:00] fetched detail via Invoke-WebRequest: 1837c1de-d8e0-4c9b-99b5-7f45e757349d
[2026-05-09T19:40:23+09:00] fetched detail access via Invoke-WebRequest: 1837c1de-d8e0-4c9b-99b5-7f45e757349d
[2026-05-09T19:40:25+09:00] fetched detail via Invoke-WebRequest: 15bfafb7-900a-41cc-8da7-cfbb01e3e219
[2026-05-09T19:40:26+09:00] fetched detail access via Invoke-WebRequest: 15bfafb7-900a-41cc-8da7-cfbb01e3e219
[2026-05-09T19:40:28+09:00] fetched detail via Invoke-WebRequest: ae9ff84f-3fb9-4a4b-a13d-afd462341216
[2026-05-09T19:40:30+09:00] fetched detail access via Invoke-WebRequest: ae9ff84f-3fb9-4a4b-a13d-afd462341216
[2026-05-09T19:40:32+09:00] fetched detail via Invoke-WebRequest: 39bcd7d0-3770-4dc7-850b-d161d87fb01e
[2026-05-09T19:40:34+09:00] fetched detail access via Invoke-WebRequest: 39bcd7d0-3770-4dc7-850b-d161d87fb01e
[2026-05-09T19:40:35+09:00] fetched detail via Invoke-WebRequest: 264e0cab-25f3-4aac-9867-f82a4a1f0b47
[2026-05-09T19:40:37+09:00] fetched detail access via Invoke-WebRequest: 264e0cab-25f3-4aac-9867-f82a4a1f0b47
[2026-05-09T19:40:39+09:00] fetched detail via Invoke-WebRequest: f4dc6334-b91d-4386-ad5c-d37129352c2e
[2026-05-09T19:40:40+09:00] fetched detail access via Invoke-WebRequest: f4dc6334-b91d-4386-ad5c-d37129352c2e
[2026-05-09T19:40:42+09:00] fetched detail via Invoke-WebRequest: d6d2156a-0d00-4958-97a2-f2d77e74201e
[2026-05-09T19:40:43+09:00] fetched detail access via Invoke-WebRequest: d6d2156a-0d00-4958-97a2-f2d77e74201e
[2026-05-09T19:40:45+09:00] fetched detail via Invoke-WebRequest: 821e3ffa-97d6-4696-b4ad-563dc44e1c77
[2026-05-09T19:40:47+09:00] fetched detail access via Invoke-WebRequest: 821e3ffa-97d6-4696-b4ad-563dc44e1c77
[2026-05-09T19:40:48+09:00] fetched detail via Invoke-WebRequest: 4d00d0c9-4b1a-4dd4-acd1-1d603fcf6495
[2026-05-09T19:40:50+09:00] fetched detail access via Invoke-WebRequest: 4d00d0c9-4b1a-4dd4-acd1-1d603fcf6495
[2026-05-09T19:40:51+09:00] fetched detail via Invoke-WebRequest: b3c31915-5705-4fb7-8a32-913702140b4d
[2026-05-09T19:40:53+09:00] fetched detail access via Invoke-WebRequest: b3c31915-5705-4fb7-8a32-913702140b4d
[2026-05-09T19:40:55+09:00] fetched detail via Invoke-WebRequest: d53cfd1c-1e80-4135-81c9-2aa7cdb1bebc
[2026-05-09T19:40:56+09:00] fetched detail access via Invoke-WebRequest: d53cfd1c-1e80-4135-81c9-2aa7cdb1bebc
[2026-05-09T19:40:58+09:00] fetched detail via Invoke-WebRequest: 48f0370c-c377-4858-acbb-f210f190a3f2
[2026-05-09T19:40:59+09:00] fetched detail access via Invoke-WebRequest: 48f0370c-c377-4858-acbb-f210f190a3f2
[2026-05-09T19:41:01+09:00] fetched detail via Invoke-WebRequest: d85ca12d-2805-4a3d-b582-9e487ccccfa6
[2026-05-09T19:41:02+09:00] fetched detail access via Invoke-WebRequest: d85ca12d-2805-4a3d-b582-9e487ccccfa6
[2026-05-09T19:41:04+09:00] fetched detail via Invoke-WebRequest: 66d8d6ab-08c9-4620-be37-814935c40b1b
[2026-05-09T19:41:06+09:00] fetched detail access via Invoke-WebRequest: 66d8d6ab-08c9-4620-be37-814935c40b1b
[2026-05-09T19:41:07+09:00] fetched detail via Invoke-WebRequest: 657a58d3-f8a1-4e94-96af-4ded6982a03e
[2026-05-09T19:41:09+09:00] fetched detail access via Invoke-WebRequest: 657a58d3-f8a1-4e94-96af-4ded6982a03e
[2026-05-09T19:41:11+09:00] fetched detail via Invoke-WebRequest: dde19264-4d45-416f-b64d-495aed53cb41
[2026-05-09T19:41:12+09:00] fetched detail access via Invoke-WebRequest: dde19264-4d45-416f-b64d-495aed53cb41
[2026-05-09T19:41:14+09:00] fetched detail via Invoke-WebRequest: 77e3f3e8-082f-484d-b925-83b7db63c305
[2026-05-09T19:41:15+09:00] fetched detail access via Invoke-WebRequest: 77e3f3e8-082f-484d-b925-83b7db63c305
[2026-05-09T19:41:17+09:00] fetched detail via Invoke-WebRequest: 5b23fc20-9e8e-4554-aa04-d296dfa3a95f
[2026-05-09T19:41:19+09:00] fetched detail access via Invoke-WebRequest: 5b23fc20-9e8e-4554-aa04-d296dfa3a95f
[2026-05-09T19:41:20+09:00] fetched detail via Invoke-WebRequest: 4045413a-28d0-4c38-ac54-3463e9e84da1
[2026-05-09T19:41:22+09:00] fetched detail access via Invoke-WebRequest: 4045413a-28d0-4c38-ac54-3463e9e84da1
[2026-05-09T19:41:23+09:00] fetched detail via Invoke-WebRequest: acde74f3-0e3e-4da0-a208-81f3fe0a349e
[2026-05-09T19:41:25+09:00] fetched detail access via Invoke-WebRequest: acde74f3-0e3e-4da0-a208-81f3fe0a349e
[2026-05-09T19:41:26+09:00] fetched detail via Invoke-WebRequest: 959169f2-016d-4c42-9fb8-c9e7520a3370
[2026-05-09T19:41:28+09:00] fetched detail access via Invoke-WebRequest: 959169f2-016d-4c42-9fb8-c9e7520a3370
[2026-05-09T19:41:29+09:00] fetched detail via Invoke-WebRequest: 34f1184d-5e83-4b0b-a1b4-2b921a75c37c
[2026-05-09T19:41:32+09:00] fetched detail access via Invoke-WebRequest: 34f1184d-5e83-4b0b-a1b4-2b921a75c37c
[2026-05-09T19:41:34+09:00] fetched detail via Invoke-WebRequest: cf593c65-aa4d-4219-a72b-940037c2c3a5
[2026-05-09T19:41:36+09:00] fetched detail access via Invoke-WebRequest: cf593c65-aa4d-4219-a72b-940037c2c3a5
[2026-05-09T19:41:38+09:00] fetched detail via Invoke-WebRequest: fa187a90-4821-402c-8f61-bbeed734a91b
[2026-05-09T19:41:39+09:00] fetched detail access via Invoke-WebRequest: fa187a90-4821-402c-8f61-bbeed734a91b
[2026-05-09T19:41:41+09:00] fetched detail via Invoke-WebRequest: 18016a1a-5b7d-4f25-bba3-4d0e4beece38
[2026-05-09T19:41:43+09:00] fetched detail access via Invoke-WebRequest: 18016a1a-5b7d-4f25-bba3-4d0e4beece38
[2026-05-09T19:41:44+09:00] fetched detail via Invoke-WebRequest: 45ac7ca2-6367-4fcd-9456-6888c35381a8
[2026-05-09T19:41:46+09:00] fetched detail access via Invoke-WebRequest: 45ac7ca2-6367-4fcd-9456-6888c35381a8
[2026-05-09T19:41:47+09:00] fetched detail via Invoke-WebRequest: 4bac9886-b66b-4c91-9a43-7d1f9c4a587e
[2026-05-09T19:41:49+09:00] fetched detail access via Invoke-WebRequest: 4bac9886-b66b-4c91-9a43-7d1f9c4a587e
[2026-05-09T19:41:50+09:00] fetched detail via Invoke-WebRequest: 40d80526-6ec1-43d0-a321-6208a651cbf1
[2026-05-09T19:41:52+09:00] fetched detail access via Invoke-WebRequest: 40d80526-6ec1-43d0-a321-6208a651cbf1
[2026-05-09T19:41:53+09:00] fetched detail via Invoke-WebRequest: 35665a8f-79fc-402e-918b-6ed62e6cb7ff
[2026-05-09T19:41:58+09:00] fetched detail access via Invoke-WebRequest: 35665a8f-79fc-402e-918b-6ed62e6cb7ff
[2026-05-09T19:42:00+09:00] fetched detail via Invoke-WebRequest: 761ddbd8-9c88-4cd2-990e-c873161d8dfe
[2026-05-09T19:42:01+09:00] fetched detail access via Invoke-WebRequest: 761ddbd8-9c88-4cd2-990e-c873161d8dfe
[2026-05-09T19:42:03+09:00] fetched detail via Invoke-WebRequest: 77e716ae-e950-4c76-b5b9-8e2ad52c60e6
[2026-05-09T19:42:05+09:00] fetched detail access via Invoke-WebRequest: 77e716ae-e950-4c76-b5b9-8e2ad52c60e6
[2026-05-09T19:42:07+09:00] fetched detail via Invoke-WebRequest: f5b09f8b-719b-45fe-8d80-cd1159908ff6
[2026-05-09T19:42:08+09:00] fetched detail access via Invoke-WebRequest: f5b09f8b-719b-45fe-8d80-cd1159908ff6
[2026-05-09T19:42:10+09:00] fetched detail via Invoke-WebRequest: 60263012-65e3-4b6c-8e6e-0135e3244b1c
[2026-05-09T19:42:11+09:00] fetched detail access via Invoke-WebRequest: 60263012-65e3-4b6c-8e6e-0135e3244b1c
[2026-05-09T19:42:13+09:00] fetched detail via Invoke-WebRequest: 1b0f797c-4c05-439c-89a5-0d3123392274
[2026-05-09T19:42:14+09:00] fetched detail access via Invoke-WebRequest: 1b0f797c-4c05-439c-89a5-0d3123392274
[2026-05-09T19:42:16+09:00] fetched detail via Invoke-WebRequest: edfbc13e-80d5-4f4a-a895-024764c2cfee
[2026-05-09T19:42:17+09:00] fetched detail access via Invoke-WebRequest: edfbc13e-80d5-4f4a-a895-024764c2cfee
[2026-05-09T19:42:19+09:00] fetched detail via Invoke-WebRequest: 5000c952-6070-4fcc-9417-8f8bc38d0b45
[2026-05-09T19:42:20+09:00] fetched detail access via Invoke-WebRequest: 5000c952-6070-4fcc-9417-8f8bc38d0b45
[2026-05-09T19:42:22+09:00] fetched detail via Invoke-WebRequest: f55f1334-90a9-45d7-86c7-5ff4792abafb
[2026-05-09T19:42:23+09:00] fetched detail access via Invoke-WebRequest: f55f1334-90a9-45d7-86c7-5ff4792abafb
[2026-05-09T19:42:25+09:00] fetched detail via Invoke-WebRequest: ceb406ef-7f6e-4648-be16-0d47a1af23e4
[2026-05-09T19:42:27+09:00] fetched detail access via Invoke-WebRequest: ceb406ef-7f6e-4648-be16-0d47a1af23e4
[2026-05-09T19:42:28+09:00] fetched detail via Invoke-WebRequest: d27f38e5-5e65-411a-8763-b4425dcfd875
[2026-05-09T19:42:30+09:00] fetched detail access via Invoke-WebRequest: d27f38e5-5e65-411a-8763-b4425dcfd875
[2026-05-09T19:42:32+09:00] fetched detail via Invoke-WebRequest: 15169d1d-7d3f-4afb-924b-0cde781e7137
[2026-05-09T19:42:33+09:00] fetched detail access via Invoke-WebRequest: 15169d1d-7d3f-4afb-924b-0cde781e7137
[2026-05-09T19:42:35+09:00] fetched detail via Invoke-WebRequest: 6f90c3dd-44be-494d-acf0-1dec9d64282a
[2026-05-09T19:42:36+09:00] fetched detail access via Invoke-WebRequest: 6f90c3dd-44be-494d-acf0-1dec9d64282a
[2026-05-09T19:42:38+09:00] fetched detail via Invoke-WebRequest: 5f4c413d-4e36-4216-8c88-7cd820a8fa2a
[2026-05-09T19:42:39+09:00] fetched detail access via Invoke-WebRequest: 5f4c413d-4e36-4216-8c88-7cd820a8fa2a
[2026-05-09T19:42:40+09:00] fetched detail via Invoke-WebRequest: 03b6e394-e2c1-4463-a20b-7f630aa893cf
[2026-05-09T19:42:42+09:00] fetched detail access via Invoke-WebRequest: 03b6e394-e2c1-4463-a20b-7f630aa893cf
[2026-05-09T19:42:43+09:00] fetched detail via Invoke-WebRequest: 713c1f6c-bb9e-46ed-8c75-84eba6992ba2
[2026-05-09T19:42:45+09:00] fetched detail access via Invoke-WebRequest: 713c1f6c-bb9e-46ed-8c75-84eba6992ba2
[2026-05-09T19:42:46+09:00] fetched detail via Invoke-WebRequest: 41984346-fe39-4de8-af01-bd6205521618
[2026-05-09T19:42:48+09:00] fetched detail access via Invoke-WebRequest: 41984346-fe39-4de8-af01-bd6205521618
[2026-05-09T19:42:50+09:00] fetched detail via Invoke-WebRequest: 3e3dbc1e-51fe-4045-ab58-ea70e9c25561
[2026-05-09T19:42:51+09:00] fetched detail access via Invoke-WebRequest: 3e3dbc1e-51fe-4045-ab58-ea70e9c25561
[2026-05-09T19:42:53+09:00] fetched detail via Invoke-WebRequest: a67b0e6b-0ca6-4c34-a526-683e7e672282
[2026-05-09T19:42:54+09:00] fetched detail access via Invoke-WebRequest: a67b0e6b-0ca6-4c34-a526-683e7e672282
[2026-05-09T19:42:55+09:00] fetched detail via Invoke-WebRequest: b7a0e9f2-780d-456e-a6e0-3f578c5e22c5
[2026-05-09T19:42:57+09:00] fetched detail access via Invoke-WebRequest: b7a0e9f2-780d-456e-a6e0-3f578c5e22c5
[2026-05-09T19:42:59+09:00] fetched detail via Invoke-WebRequest: 5ee167fd-382b-47de-8fab-bab1a567126f
[2026-05-09T19:43:00+09:00] fetched detail access via Invoke-WebRequest: 5ee167fd-382b-47de-8fab-bab1a567126f
[2026-05-09T19:43:02+09:00] fetched detail via Invoke-WebRequest: 841ab4be-9d1e-429d-9522-06d48cdc0b9e
[2026-05-09T19:43:03+09:00] fetched detail access via Invoke-WebRequest: 841ab4be-9d1e-429d-9522-06d48cdc0b9e
[2026-05-09T19:43:05+09:00] fetched detail via Invoke-WebRequest: a275b266-b7dc-49de-9d25-b1eb3acb7042
[2026-05-09T19:43:07+09:00] fetched detail access via Invoke-WebRequest: a275b266-b7dc-49de-9d25-b1eb3acb7042
[2026-05-09T19:43:09+09:00] fetched detail via Invoke-WebRequest: 315fa9d8-b1ac-4e90-9c9a-8bb0ed9fb708
[2026-05-09T19:43:10+09:00] fetched detail access via Invoke-WebRequest: 315fa9d8-b1ac-4e90-9c9a-8bb0ed9fb708
[2026-05-09T19:43:11+09:00] fetched detail via Invoke-WebRequest: 8419f8d0-32a8-4380-a3b9-3178b6540f76
[2026-05-09T19:43:13+09:00] fetched detail access via Invoke-WebRequest: 8419f8d0-32a8-4380-a3b9-3178b6540f76
[2026-05-09T19:43:15+09:00] fetched detail via Invoke-WebRequest: 039175a2-4fc2-4bf4-a921-38860e10e303
[2026-05-09T19:43:17+09:00] fetched detail access via Invoke-WebRequest: 039175a2-4fc2-4bf4-a921-38860e10e303
[2026-05-09T19:43:18+09:00] fetched detail via Invoke-WebRequest: 6021abe8-77b3-46f9-9006-7f9457c008a0
[2026-05-09T19:43:20+09:00] fetched detail access via Invoke-WebRequest: 6021abe8-77b3-46f9-9006-7f9457c008a0
[2026-05-09T19:43:21+09:00] fetched detail via Invoke-WebRequest: 75ca238d-04bb-4a35-b976-a6a8d45c7f60
[2026-05-09T19:43:23+09:00] fetched detail access via Invoke-WebRequest: 75ca238d-04bb-4a35-b976-a6a8d45c7f60
[2026-05-09T19:43:25+09:00] fetched detail via Invoke-WebRequest: 43be9525-86ab-49ed-898e-a810fb56cae1
[2026-05-09T19:43:26+09:00] fetched detail access via Invoke-WebRequest: 43be9525-86ab-49ed-898e-a810fb56cae1
[2026-05-09T19:43:28+09:00] fetched detail via Invoke-WebRequest: e54ea302-8b7d-47ca-af30-22fb3725e4db
[2026-05-09T19:43:29+09:00] fetched detail access via Invoke-WebRequest: e54ea302-8b7d-47ca-af30-22fb3725e4db
[2026-05-09T19:43:31+09:00] fetched detail via Invoke-WebRequest: b6d34c95-0698-45d5-b74b-540e2e5a2981
[2026-05-09T19:43:32+09:00] fetched detail access via Invoke-WebRequest: b6d34c95-0698-45d5-b74b-540e2e5a2981
[2026-05-09T19:43:34+09:00] fetched detail via Invoke-WebRequest: 02238860-7044-496c-8bb3-0b6255a2e722
[2026-05-09T19:43:36+09:00] fetched detail access via Invoke-WebRequest: 02238860-7044-496c-8bb3-0b6255a2e722
[2026-05-09T19:43:37+09:00] fetched detail via Invoke-WebRequest: 75e50620-2b8b-4933-813b-bb4e0c08db03
[2026-05-09T19:43:39+09:00] fetched detail access via Invoke-WebRequest: 75e50620-2b8b-4933-813b-bb4e0c08db03
[2026-05-09T19:43:40+09:00] fetched detail via Invoke-WebRequest: f8b7c855-91f8-439a-9566-325b8d2cd48c
[2026-05-09T19:43:42+09:00] fetched detail access via Invoke-WebRequest: f8b7c855-91f8-439a-9566-325b8d2cd48c
[2026-05-09T19:43:43+09:00] fetched detail via Invoke-WebRequest: f20d204b-2464-4864-b51c-363dd820125b
[2026-05-09T19:43:45+09:00] fetched detail access via Invoke-WebRequest: f20d204b-2464-4864-b51c-363dd820125b
[2026-05-09T19:43:47+09:00] fetched detail via Invoke-WebRequest: 23cbcd47-fb33-4c6b-9790-0192eac17ffb
[2026-05-09T19:43:48+09:00] fetched detail access via Invoke-WebRequest: 23cbcd47-fb33-4c6b-9790-0192eac17ffb
[2026-05-09T19:43:50+09:00] fetched detail via Invoke-WebRequest: 25e5e878-b973-4eb3-b31c-35ccf9b5fcb5
[2026-05-09T19:43:52+09:00] fetched detail access via Invoke-WebRequest: 25e5e878-b973-4eb3-b31c-35ccf9b5fcb5
[2026-05-09T19:43:53+09:00] fetched detail via Invoke-WebRequest: aec35f28-1830-4127-bf7c-a7e7a03b4528
[2026-05-09T19:43:55+09:00] fetched detail access via Invoke-WebRequest: aec35f28-1830-4127-bf7c-a7e7a03b4528
[2026-05-09T19:43:57+09:00] fetched detail via Invoke-WebRequest: ba0f3586-d148-4217-8ec9-04dd5bd8e983
[2026-05-09T19:43:58+09:00] fetched detail access via Invoke-WebRequest: ba0f3586-d148-4217-8ec9-04dd5bd8e983
[2026-05-09T19:44:00+09:00] fetched detail via Invoke-WebRequest: 877192cd-1b15-41c7-88b9-cd9596c72e01
[2026-05-09T19:44:01+09:00] fetched detail access via Invoke-WebRequest: 877192cd-1b15-41c7-88b9-cd9596c72e01
[2026-05-09T19:44:03+09:00] fetched detail via Invoke-WebRequest: ee66152e-0400-4606-bb87-476a234943ff
[2026-05-09T19:44:04+09:00] fetched detail access via Invoke-WebRequest: ee66152e-0400-4606-bb87-476a234943ff
[2026-05-09T19:44:06+09:00] fetched detail via Invoke-WebRequest: 45493521-bf34-405b-8ca8-7c2ba5b42b7c
[2026-05-09T19:44:07+09:00] fetched detail access via Invoke-WebRequest: 45493521-bf34-405b-8ca8-7c2ba5b42b7c
[2026-05-09T19:44:09+09:00] fetched detail via Invoke-WebRequest: 17229b32-b632-4f9b-aff1-87c7a21def25
[2026-05-09T19:44:10+09:00] fetched detail access via Invoke-WebRequest: 17229b32-b632-4f9b-aff1-87c7a21def25
[2026-05-09T19:44:12+09:00] fetched detail via Invoke-WebRequest: bc1c6d74-a3f1-481b-be3f-dd16b3d178ee
[2026-05-09T19:44:13+09:00] fetched detail access via Invoke-WebRequest: bc1c6d74-a3f1-481b-be3f-dd16b3d178ee
[2026-05-09T19:44:15+09:00] fetched detail via Invoke-WebRequest: 77ef5677-315d-4e18-bdce-f7b60a4fa0c0
[2026-05-09T19:44:16+09:00] fetched detail access via Invoke-WebRequest: 77ef5677-315d-4e18-bdce-f7b60a4fa0c0
[2026-05-09T19:44:18+09:00] fetched detail via Invoke-WebRequest: 0450bc91-a7eb-4b04-ac3a-106a8b39fd34
[2026-05-09T19:44:19+09:00] fetched detail access via Invoke-WebRequest: 0450bc91-a7eb-4b04-ac3a-106a8b39fd34
[2026-05-09T19:44:21+09:00] fetched detail via Invoke-WebRequest: 7b59b83e-a24a-454c-8da4-4ef49ae18ccb
[2026-05-09T19:44:23+09:00] fetched detail access via Invoke-WebRequest: 7b59b83e-a24a-454c-8da4-4ef49ae18ccb
[2026-05-09T19:44:24+09:00] fetched detail via Invoke-WebRequest: 08d91aed-4049-4790-b72e-c48c4d8bcbba
[2026-05-09T19:44:26+09:00] fetched detail access via Invoke-WebRequest: 08d91aed-4049-4790-b72e-c48c4d8bcbba
[2026-05-09T19:44:27+09:00] fetched detail via Invoke-WebRequest: a89a0ac2-119e-4fb1-895c-d5259ed1a6bf
[2026-05-09T19:44:28+09:00] fetched detail access via Invoke-WebRequest: a89a0ac2-119e-4fb1-895c-d5259ed1a6bf
[2026-05-09T19:44:30+09:00] fetched detail via Invoke-WebRequest: 086ee093-a620-4897-b4f0-3b82955e5407
[2026-05-09T19:44:32+09:00] fetched detail access via Invoke-WebRequest: 086ee093-a620-4897-b4f0-3b82955e5407
[2026-05-09T19:44:33+09:00] fetched detail via Invoke-WebRequest: 8c6ae813-dddc-477e-9f43-ee759f6f12a9
[2026-05-09T19:44:35+09:00] fetched detail access via Invoke-WebRequest: 8c6ae813-dddc-477e-9f43-ee759f6f12a9
[2026-05-09T19:44:36+09:00] fetched detail via Invoke-WebRequest: 82993163-94b6-4372-bfba-a23cf2e7ebf3
[2026-05-09T19:44:38+09:00] fetched detail access via Invoke-WebRequest: 82993163-94b6-4372-bfba-a23cf2e7ebf3
[2026-05-09T19:44:39+09:00] fetched detail via Invoke-WebRequest: 417ac262-29a1-4ad1-9e9e-7286925b802e
[2026-05-09T19:44:40+09:00] fetched detail access via Invoke-WebRequest: 417ac262-29a1-4ad1-9e9e-7286925b802e
[2026-05-09T19:44:42+09:00] fetched detail via Invoke-WebRequest: b45a5597-8039-450d-9efa-8419734ca33d
[2026-05-09T19:44:43+09:00] fetched detail access via Invoke-WebRequest: b45a5597-8039-450d-9efa-8419734ca33d
[2026-05-09T19:44:45+09:00] fetched detail via Invoke-WebRequest: 5d9951bc-b2aa-4b93-802a-9d1c17e161e5
[2026-05-09T19:44:46+09:00] fetched detail access via Invoke-WebRequest: 5d9951bc-b2aa-4b93-802a-9d1c17e161e5
[2026-05-09T19:44:48+09:00] fetched detail via Invoke-WebRequest: 9ead8296-0504-483c-a705-a580fd4a32a8
[2026-05-09T19:44:49+09:00] fetched detail access via Invoke-WebRequest: 9ead8296-0504-483c-a705-a580fd4a32a8
[2026-05-09T19:44:51+09:00] fetched detail via Invoke-WebRequest: 921fb954-cffd-4e64-a412-923430179677
[2026-05-09T19:44:52+09:00] fetched detail access via Invoke-WebRequest: 921fb954-cffd-4e64-a412-923430179677
[2026-05-09T19:44:54+09:00] fetched detail via Invoke-WebRequest: fc723124-84d6-411c-945a-44e3a618836a
[2026-05-09T19:44:55+09:00] fetched detail access via Invoke-WebRequest: fc723124-84d6-411c-945a-44e3a618836a
[2026-05-09T19:44:57+09:00] fetched detail via Invoke-WebRequest: 711a827b-0c26-4be8-9169-a63e77191167
[2026-05-09T19:44:58+09:00] fetched detail access via Invoke-WebRequest: 711a827b-0c26-4be8-9169-a63e77191167
[2026-05-09T19:45:00+09:00] fetched detail via Invoke-WebRequest: 536547f3-f594-4adc-8148-aa34d374e1af
[2026-05-09T19:45:01+09:00] fetched detail access via Invoke-WebRequest: 536547f3-f594-4adc-8148-aa34d374e1af
[2026-05-09T19:45:03+09:00] fetched detail via Invoke-WebRequest: 36151484-fd68-4f6f-941f-360ff124a937
[2026-05-09T19:45:04+09:00] fetched detail access via Invoke-WebRequest: 36151484-fd68-4f6f-941f-360ff124a937
[2026-05-09T19:45:06+09:00] fetched detail via Invoke-WebRequest: b86b71e7-f06f-480b-9fda-91f61c32d303
[2026-05-09T19:45:07+09:00] fetched detail access via Invoke-WebRequest: b86b71e7-f06f-480b-9fda-91f61c32d303
[2026-05-09T19:45:09+09:00] fetched detail via Invoke-WebRequest: d850460c-ac52-4c74-af6d-d5173b1dc397
[2026-05-09T19:45:10+09:00] fetched detail access via Invoke-WebRequest: d850460c-ac52-4c74-af6d-d5173b1dc397
[2026-05-09T19:45:12+09:00] fetched detail via Invoke-WebRequest: 3b8daffb-54cf-4949-a908-3b8c281ae977
[2026-05-09T19:45:13+09:00] fetched detail access via Invoke-WebRequest: 3b8daffb-54cf-4949-a908-3b8c281ae977
[2026-05-09T19:45:15+09:00] fetched detail via Invoke-WebRequest: ce2ba9de-44cd-4680-81e2-a6ab22d4c66b
[2026-05-09T19:45:16+09:00] fetched detail access via Invoke-WebRequest: ce2ba9de-44cd-4680-81e2-a6ab22d4c66b
[2026-05-09T19:45:18+09:00] fetched detail via Invoke-WebRequest: 38d3db02-039a-4c9b-ba4a-b431babe9cc2
[2026-05-09T19:45:19+09:00] fetched detail access via Invoke-WebRequest: 38d3db02-039a-4c9b-ba4a-b431babe9cc2
[2026-05-09T19:45:21+09:00] fetched detail via Invoke-WebRequest: 8677e8ef-9a27-4386-9b49-709e5e5b5be4
[2026-05-09T19:45:22+09:00] fetched detail access via Invoke-WebRequest: 8677e8ef-9a27-4386-9b49-709e5e5b5be4
[2026-05-09T19:45:23+09:00] fetched detail via Invoke-WebRequest: 0a65bf91-b624-4bb9-b7bd-19d14ce65936
[2026-05-09T19:45:25+09:00] fetched detail access via Invoke-WebRequest: 0a65bf91-b624-4bb9-b7bd-19d14ce65936
[2026-05-09T19:45:26+09:00] fetched detail via Invoke-WebRequest: e00aab9b-af7f-4a46-867a-fee21898c72f
[2026-05-09T19:45:28+09:00] fetched detail access via Invoke-WebRequest: e00aab9b-af7f-4a46-867a-fee21898c72f
[2026-05-09T19:45:30+09:00] fetched detail via Invoke-WebRequest: 3945d1b2-63e2-4e28-9094-80fa8c376bb7
[2026-05-09T19:45:31+09:00] fetched detail access via Invoke-WebRequest: 3945d1b2-63e2-4e28-9094-80fa8c376bb7
[2026-05-09T19:45:33+09:00] fetched detail via Invoke-WebRequest: 81240787-fca8-49f6-816f-f8830aa8d13f
[2026-05-09T19:45:34+09:00] fetched detail access via Invoke-WebRequest: 81240787-fca8-49f6-816f-f8830aa8d13f
[2026-05-09T19:45:36+09:00] fetched detail via Invoke-WebRequest: 9f3689df-3a46-4157-9749-5fea23cb8e9b
[2026-05-09T19:45:38+09:00] fetched detail access via Invoke-WebRequest: 9f3689df-3a46-4157-9749-5fea23cb8e9b
[2026-05-09T19:45:39+09:00] fetched detail via Invoke-WebRequest: e1817699-f065-4127-a6ad-1c6ec0a9d875
[2026-05-09T19:45:41+09:00] fetched detail access via Invoke-WebRequest: e1817699-f065-4127-a6ad-1c6ec0a9d875
[2026-05-09T19:45:42+09:00] fetched detail via Invoke-WebRequest: e9c3404b-b8fa-408d-9807-90a711e2ba5a
[2026-05-09T19:45:43+09:00] fetched detail access via Invoke-WebRequest: e9c3404b-b8fa-408d-9807-90a711e2ba5a
[2026-05-09T19:45:45+09:00] fetched detail via Invoke-WebRequest: 83ef4e19-e2af-497b-99c3-c723e8583d25
[2026-05-09T19:45:47+09:00] fetched detail access via Invoke-WebRequest: 83ef4e19-e2af-497b-99c3-c723e8583d25
[2026-05-09T19:45:48+09:00] fetched detail via Invoke-WebRequest: d83f2b4b-d843-4670-80a9-64fcd5a81e91
[2026-05-09T19:45:50+09:00] fetched detail access via Invoke-WebRequest: d83f2b4b-d843-4670-80a9-64fcd5a81e91
[2026-05-09T19:45:51+09:00] fetched detail via Invoke-WebRequest: 7fd55205-16f4-4a4e-bbb2-0f4f6e678678
[2026-05-09T19:45:52+09:00] fetched detail access via Invoke-WebRequest: 7fd55205-16f4-4a4e-bbb2-0f4f6e678678
[2026-05-09T19:45:54+09:00] fetched detail via Invoke-WebRequest: fc1afab9-47c3-4af7-bb44-026c097045d5
[2026-05-09T19:45:55+09:00] fetched detail access via Invoke-WebRequest: fc1afab9-47c3-4af7-bb44-026c097045d5
[2026-05-09T19:45:57+09:00] fetched detail via Invoke-WebRequest: 64f2e248-f173-447a-956f-dc9df033a328
[2026-05-09T19:45:58+09:00] fetched detail access via Invoke-WebRequest: 64f2e248-f173-447a-956f-dc9df033a328
[2026-05-09T19:46:00+09:00] fetched detail via Invoke-WebRequest: 77ce4c08-b0ce-454d-8bdc-41f191d70d89
[2026-05-09T19:46:01+09:00] fetched detail access via Invoke-WebRequest: 77ce4c08-b0ce-454d-8bdc-41f191d70d89
[2026-05-09T19:46:03+09:00] fetched detail via Invoke-WebRequest: 52f9b403-50ef-493c-9dbf-f43196dc7c77
[2026-05-09T19:46:04+09:00] fetched detail access via Invoke-WebRequest: 52f9b403-50ef-493c-9dbf-f43196dc7c77
[2026-05-09T19:46:06+09:00] fetched detail via Invoke-WebRequest: 28317dc7-2b17-4c2b-993a-90053c3e931a
[2026-05-09T19:46:07+09:00] fetched detail access via Invoke-WebRequest: 28317dc7-2b17-4c2b-993a-90053c3e931a
[2026-05-09T19:46:09+09:00] fetched detail via Invoke-WebRequest: 1db90563-9f78-4ed2-bdeb-12b39fec18c6
[2026-05-09T19:46:10+09:00] fetched detail access via Invoke-WebRequest: 1db90563-9f78-4ed2-bdeb-12b39fec18c6
[2026-05-09T19:46:12+09:00] fetched detail via Invoke-WebRequest: 60e3401d-9325-4636-a1e1-7464565db33e
[2026-05-09T19:46:13+09:00] fetched detail access via Invoke-WebRequest: 60e3401d-9325-4636-a1e1-7464565db33e
[2026-05-09T19:46:15+09:00] fetched detail via Invoke-WebRequest: 20cd6a66-70a3-4a57-8500-e3d05b285da7
[2026-05-09T19:46:16+09:00] fetched detail access via Invoke-WebRequest: 20cd6a66-70a3-4a57-8500-e3d05b285da7
[2026-05-09T19:46:17+09:00] fetched detail via Invoke-WebRequest: 23234c2c-e0f8-4bcf-95a6-755ecb84ee30
[2026-05-09T19:46:19+09:00] fetched detail access via Invoke-WebRequest: 23234c2c-e0f8-4bcf-95a6-755ecb84ee30
[2026-05-09T19:46:20+09:00] fetched detail via Invoke-WebRequest: d547343d-7255-4a01-a11e-93c08d3351e8
[2026-05-09T19:46:22+09:00] fetched detail access via Invoke-WebRequest: d547343d-7255-4a01-a11e-93c08d3351e8
[2026-05-09T19:46:23+09:00] fetched detail via Invoke-WebRequest: 6df909ea-11f2-462e-a60b-085275893083
[2026-05-09T19:46:25+09:00] fetched detail access via Invoke-WebRequest: 6df909ea-11f2-462e-a60b-085275893083
[2026-05-09T19:46:26+09:00] fetched detail via Invoke-WebRequest: 6957d4f6-a7e5-45d5-a037-09e283fb67f4
[2026-05-09T19:46:28+09:00] fetched detail access via Invoke-WebRequest: 6957d4f6-a7e5-45d5-a037-09e283fb67f4
[2026-05-09T19:46:29+09:00] fetched detail via Invoke-WebRequest: 1e6e3446-dc0c-4546-9447-372c8034d848
[2026-05-09T19:46:30+09:00] fetched detail access via Invoke-WebRequest: 1e6e3446-dc0c-4546-9447-372c8034d848
[2026-05-09T19:46:32+09:00] fetched detail via Invoke-WebRequest: ff076e86-6c92-4c03-8ba8-aaf9dbee89ff
[2026-05-09T19:46:33+09:00] fetched detail access via Invoke-WebRequest: ff076e86-6c92-4c03-8ba8-aaf9dbee89ff
[2026-05-09T19:46:35+09:00] fetched detail via Invoke-WebRequest: 220c6ac9-e5d6-4af4-a316-2b1db2d02264
[2026-05-09T19:46:36+09:00] fetched detail access via Invoke-WebRequest: 220c6ac9-e5d6-4af4-a316-2b1db2d02264
[2026-05-09T19:46:38+09:00] fetched detail via Invoke-WebRequest: 9991320b-f65c-4fa2-8a69-1827f3f95b61
[2026-05-09T19:46:39+09:00] fetched detail access via Invoke-WebRequest: 9991320b-f65c-4fa2-8a69-1827f3f95b61
[2026-05-09T19:46:41+09:00] fetched detail via Invoke-WebRequest: 8e80e2a6-b75f-4b8f-a354-289f20ec41e6
[2026-05-09T19:46:42+09:00] fetched detail access via Invoke-WebRequest: 8e80e2a6-b75f-4b8f-a354-289f20ec41e6
[2026-05-09T19:46:44+09:00] fetched detail via Invoke-WebRequest: d8ae57bc-c066-4d6f-b50f-9bd8c8a00ac6
[2026-05-09T19:46:45+09:00] fetched detail access via Invoke-WebRequest: d8ae57bc-c066-4d6f-b50f-9bd8c8a00ac6
[2026-05-09T19:46:46+09:00] fetched detail via Invoke-WebRequest: a28e6d41-ae53-46ac-b496-9298ae481f2c
[2026-05-09T19:46:48+09:00] fetched detail access via Invoke-WebRequest: a28e6d41-ae53-46ac-b496-9298ae481f2c
[2026-05-09T19:46:49+09:00] fetched detail via Invoke-WebRequest: e6855d7a-881b-477c-a2b1-d8cdbdac57f2
[2026-05-09T19:46:51+09:00] fetched detail access via Invoke-WebRequest: e6855d7a-881b-477c-a2b1-d8cdbdac57f2
[2026-05-09T19:46:52+09:00] fetched detail via Invoke-WebRequest: eec43811-63c0-41d7-8f2c-960d3cc05126
[2026-05-09T19:46:54+09:00] fetched detail access via Invoke-WebRequest: eec43811-63c0-41d7-8f2c-960d3cc05126
[2026-05-09T19:46:55+09:00] fetched detail via Invoke-WebRequest: 271bd263-eab4-4a58-9400-adab6f2ef8e8
[2026-05-09T19:46:57+09:00] fetched detail access via Invoke-WebRequest: 271bd263-eab4-4a58-9400-adab6f2ef8e8
[2026-05-09T19:46:59+09:00] fetched detail via Invoke-WebRequest: aad43e73-e9a9-4e95-a8a6-02683cc66c39
[2026-05-09T19:47:00+09:00] fetched detail access via Invoke-WebRequest: aad43e73-e9a9-4e95-a8a6-02683cc66c39
[2026-05-09T19:47:02+09:00] fetched detail via Invoke-WebRequest: 77652bcf-e148-4cbe-81f3-ee6bc83adba0
[2026-05-09T19:47:03+09:00] fetched detail access via Invoke-WebRequest: 77652bcf-e148-4cbe-81f3-ee6bc83adba0
[2026-05-09T19:47:05+09:00] fetched detail via Invoke-WebRequest: 418be34e-985b-49fa-975b-ba3a82f5d666
[2026-05-09T19:47:07+09:00] fetched detail access via Invoke-WebRequest: 418be34e-985b-49fa-975b-ba3a82f5d666
[2026-05-09T19:47:09+09:00] fetched detail via Invoke-WebRequest: 4640119c-6806-47f2-a023-54e34354a4d2
[2026-05-09T19:47:10+09:00] fetched detail access via Invoke-WebRequest: 4640119c-6806-47f2-a023-54e34354a4d2
[2026-05-09T19:47:12+09:00] fetched detail via Invoke-WebRequest: 17b61979-b87e-4a21-b31c-150898a0aa42
[2026-05-09T19:47:13+09:00] fetched detail access via Invoke-WebRequest: 17b61979-b87e-4a21-b31c-150898a0aa42
[2026-05-09T19:47:15+09:00] fetched detail via Invoke-WebRequest: ba170622-eea9-44a8-bcc1-aa144126997e
[2026-05-09T19:47:16+09:00] fetched detail access via Invoke-WebRequest: ba170622-eea9-44a8-bcc1-aa144126997e
[2026-05-09T19:47:18+09:00] fetched detail via Invoke-WebRequest: 34925796-405d-4bb7-9769-741a294be742
[2026-05-09T19:47:19+09:00] fetched detail access via Invoke-WebRequest: 34925796-405d-4bb7-9769-741a294be742
[2026-05-09T19:47:21+09:00] fetched detail via Invoke-WebRequest: 26004fd2-8aac-4e64-85cc-cd0ea7a62e1d
[2026-05-09T19:47:23+09:00] fetched detail access via Invoke-WebRequest: 26004fd2-8aac-4e64-85cc-cd0ea7a62e1d
[2026-05-09T19:47:25+09:00] fetched detail via Invoke-WebRequest: 8cda8c74-f80f-426d-8cd8-db763d2116a5
[2026-05-09T19:47:27+09:00] fetched detail access via Invoke-WebRequest: 8cda8c74-f80f-426d-8cd8-db763d2116a5
[2026-05-09T19:47:28+09:00] fetched detail via Invoke-WebRequest: 2092580f-65f0-49d9-9a7f-cfb97c04bd6c
[2026-05-09T19:47:30+09:00] fetched detail access via Invoke-WebRequest: 2092580f-65f0-49d9-9a7f-cfb97c04bd6c
[2026-05-09T19:47:31+09:00] fetched detail via Invoke-WebRequest: 65fec6e2-162a-4535-ad66-2c56b953856f
[2026-05-09T19:47:33+09:00] fetched detail access via Invoke-WebRequest: 65fec6e2-162a-4535-ad66-2c56b953856f
[2026-05-09T19:47:35+09:00] fetched detail via Invoke-WebRequest: 7f71806c-dad3-45dd-b9af-4434f59e05b7
[2026-05-09T19:47:36+09:00] fetched detail access via Invoke-WebRequest: 7f71806c-dad3-45dd-b9af-4434f59e05b7
[2026-05-09T19:47:38+09:00] fetched detail via Invoke-WebRequest: ab816993-e9eb-493a-889d-8d7a75dfc9ae
[2026-05-09T19:47:39+09:00] fetched detail access via Invoke-WebRequest: ab816993-e9eb-493a-889d-8d7a75dfc9ae
[2026-05-09T19:47:42+09:00] fetched detail via Invoke-WebRequest: 8b7681a7-f66e-4788-93e5-28c437ce589d
[2026-05-09T19:47:43+09:00] fetched detail access via Invoke-WebRequest: 8b7681a7-f66e-4788-93e5-28c437ce589d
[2026-05-09T19:47:44+09:00] fetched detail via Invoke-WebRequest: f308128b-b20d-47e6-8955-32fb36161c7f
[2026-05-09T19:47:46+09:00] fetched detail access via Invoke-WebRequest: f308128b-b20d-47e6-8955-32fb36161c7f
[2026-05-09T19:47:47+09:00] fetched detail via Invoke-WebRequest: 72b286a4-89a0-426f-acfa-9d7e00361543
[2026-05-09T19:47:49+09:00] fetched detail access via Invoke-WebRequest: 72b286a4-89a0-426f-acfa-9d7e00361543
[2026-05-09T19:47:50+09:00] fetched detail via Invoke-WebRequest: beca39bb-8ecd-473a-b1ae-bf3bef463954
[2026-05-09T19:47:52+09:00] fetched detail access via Invoke-WebRequest: beca39bb-8ecd-473a-b1ae-bf3bef463954
[2026-05-09T19:47:53+09:00] fetched detail via Invoke-WebRequest: 36fa0f8a-26cc-439d-b130-205cd8892f14
[2026-05-09T19:47:54+09:00] fetched detail access via Invoke-WebRequest: 36fa0f8a-26cc-439d-b130-205cd8892f14
[2026-05-09T19:47:56+09:00] fetched detail via Invoke-WebRequest: 122bba36-673e-4fd4-895c-ccb8307c149d
[2026-05-09T19:47:58+09:00] fetched detail access via Invoke-WebRequest: 122bba36-673e-4fd4-895c-ccb8307c149d
[2026-05-09T19:47:59+09:00] fetched detail via Invoke-WebRequest: 0d65a103-7717-4d29-aae5-fb19916cd8fe
[2026-05-09T19:48:00+09:00] fetched detail access via Invoke-WebRequest: 0d65a103-7717-4d29-aae5-fb19916cd8fe
[2026-05-09T19:48:02+09:00] fetched detail via Invoke-WebRequest: 7f24d68f-3fe9-4778-80c9-2769467c2151
[2026-05-09T19:48:04+09:00] fetched detail access via Invoke-WebRequest: 7f24d68f-3fe9-4778-80c9-2769467c2151
[2026-05-09T19:48:06+09:00] fetched detail via Invoke-WebRequest: 438e48b6-2340-4658-ab14-51340f2312a0
[2026-05-09T19:48:07+09:00] fetched detail access via Invoke-WebRequest: 438e48b6-2340-4658-ab14-51340f2312a0
[2026-05-09T19:48:09+09:00] fetched detail via Invoke-WebRequest: 64851d4b-c379-48af-b38a-09e5089ef0b0
[2026-05-09T19:48:10+09:00] fetched detail access via Invoke-WebRequest: 64851d4b-c379-48af-b38a-09e5089ef0b0
[2026-05-09T19:48:12+09:00] fetched detail via Invoke-WebRequest: c4a9efce-e30b-4106-96ed-748c5faf1119
[2026-05-09T19:48:14+09:00] fetched detail access via Invoke-WebRequest: c4a9efce-e30b-4106-96ed-748c5faf1119
[2026-05-09T19:48:16+09:00] fetched detail via Invoke-WebRequest: 34cf1de2-97d3-45f3-aebf-209c961f8628
[2026-05-09T19:48:17+09:00] fetched detail access via Invoke-WebRequest: 34cf1de2-97d3-45f3-aebf-209c961f8628
[2026-05-09T19:48:19+09:00] fetched detail via Invoke-WebRequest: aacb7f59-6f5f-4a6e-b176-a76ff12284f9
[2026-05-09T19:48:20+09:00] fetched detail access via Invoke-WebRequest: aacb7f59-6f5f-4a6e-b176-a76ff12284f9
[2026-05-09T19:48:22+09:00] fetched detail via Invoke-WebRequest: 2791df87-2f5a-4a34-84a3-4970eac881d1
[2026-05-09T19:48:24+09:00] fetched detail access via Invoke-WebRequest: 2791df87-2f5a-4a34-84a3-4970eac881d1
[2026-05-09T19:48:25+09:00] fetched detail via Invoke-WebRequest: cd31f3b5-4515-423e-a9e7-4eeb8f059bdb
[2026-05-09T19:48:27+09:00] fetched detail access via Invoke-WebRequest: cd31f3b5-4515-423e-a9e7-4eeb8f059bdb
[2026-05-09T19:48:29+09:00] fetched detail via Invoke-WebRequest: c3a8b5a1-1b0c-4705-8213-0253d58ad764
[2026-05-09T19:48:30+09:00] fetched detail access via Invoke-WebRequest: c3a8b5a1-1b0c-4705-8213-0253d58ad764
[2026-05-09T19:48:31+09:00] fetched detail via Invoke-WebRequest: 1053ddd2-fdc6-4c9c-8a1a-c65887d2412d
[2026-05-09T19:48:33+09:00] fetched detail access via Invoke-WebRequest: 1053ddd2-fdc6-4c9c-8a1a-c65887d2412d
[2026-05-09T19:48:34+09:00] fetched detail via Invoke-WebRequest: b3546468-7e1a-472e-b71f-50db4d8a6b25
[2026-05-09T19:48:36+09:00] fetched detail access via Invoke-WebRequest: b3546468-7e1a-472e-b71f-50db4d8a6b25
[2026-05-09T19:48:37+09:00] fetched detail via Invoke-WebRequest: 967640bc-5ab4-421f-a6c9-a3551b3241c1
[2026-05-09T19:48:39+09:00] fetched detail access via Invoke-WebRequest: 967640bc-5ab4-421f-a6c9-a3551b3241c1
[2026-05-09T19:48:41+09:00] fetched detail via Invoke-WebRequest: daa8700d-8058-444b-a234-a149a6a05e81
[2026-05-09T19:48:43+09:00] fetched detail access via Invoke-WebRequest: daa8700d-8058-444b-a234-a149a6a05e81
[2026-05-09T19:48:44+09:00] fetched detail via Invoke-WebRequest: e44be310-e878-420d-b47d-da71da3f72b1
[2026-05-09T19:48:46+09:00] fetched detail access via Invoke-WebRequest: e44be310-e878-420d-b47d-da71da3f72b1
[2026-05-09T19:48:48+09:00] fetched detail via Invoke-WebRequest: ff29712f-c66d-4086-abcc-c337dd725bdd
[2026-05-09T19:48:49+09:00] fetched detail access via Invoke-WebRequest: ff29712f-c66d-4086-abcc-c337dd725bdd
[2026-05-09T19:48:50+09:00] fetched detail via Invoke-WebRequest: cdbc0a62-5af6-47e4-9fc5-9ad5bd2bd3c0
[2026-05-09T19:48:52+09:00] fetched detail access via Invoke-WebRequest: cdbc0a62-5af6-47e4-9fc5-9ad5bd2bd3c0
[2026-05-09T19:48:53+09:00] fetched detail via Invoke-WebRequest: 9005c7fd-1066-4c08-91df-aa93fb1f931f
[2026-05-09T19:48:55+09:00] fetched detail access via Invoke-WebRequest: 9005c7fd-1066-4c08-91df-aa93fb1f931f
[2026-05-09T19:48:57+09:00] fetched detail via Invoke-WebRequest: d5466e9c-818d-4ac7-a491-3d7b9117a067
[2026-05-09T19:48:58+09:00] fetched detail access via Invoke-WebRequest: d5466e9c-818d-4ac7-a491-3d7b9117a067
[2026-05-09T19:49:00+09:00] fetched detail via Invoke-WebRequest: bc1d4835-e14f-48f3-81d5-26aed87ff674
[2026-05-09T19:49:01+09:00] fetched detail access via Invoke-WebRequest: bc1d4835-e14f-48f3-81d5-26aed87ff674
[2026-05-09T19:49:03+09:00] fetched detail via Invoke-WebRequest: a51dc4e8-c6cd-4d83-ba5a-e667c945fbd5
[2026-05-09T19:49:05+09:00] fetched detail access via Invoke-WebRequest: a51dc4e8-c6cd-4d83-ba5a-e667c945fbd5
[2026-05-09T19:49:06+09:00] fetched detail via Invoke-WebRequest: 43cef44d-c470-4bdb-a2a8-4e4b6034764f
[2026-05-09T19:49:08+09:00] fetched detail access via Invoke-WebRequest: 43cef44d-c470-4bdb-a2a8-4e4b6034764f
[2026-05-09T19:49:09+09:00] fetched detail via Invoke-WebRequest: 89223198-c5fe-44c6-a1f8-5ea45e039120
[2026-05-09T19:49:11+09:00] fetched detail access via Invoke-WebRequest: 89223198-c5fe-44c6-a1f8-5ea45e039120
[2026-05-09T19:49:13+09:00] fetched detail via Invoke-WebRequest: f7e5f2e6-c3b3-4766-ba05-a64e651e7e2c
[2026-05-09T19:49:15+09:00] fetched detail access via Invoke-WebRequest: f7e5f2e6-c3b3-4766-ba05-a64e651e7e2c
[2026-05-09T19:49:16+09:00] fetched detail via Invoke-WebRequest: b7df14dc-c984-46c5-962f-f3e6fce0d355
[2026-05-09T19:49:18+09:00] fetched detail access via Invoke-WebRequest: b7df14dc-c984-46c5-962f-f3e6fce0d355
[2026-05-09T19:49:20+09:00] fetched detail via Invoke-WebRequest: 14e9402a-6a29-4295-97ab-dc43cd36202f
[2026-05-09T19:49:21+09:00] fetched detail access via Invoke-WebRequest: 14e9402a-6a29-4295-97ab-dc43cd36202f
[2026-05-09T19:49:23+09:00] fetched detail via Invoke-WebRequest: 13a99d42-cfcc-47ec-b3c6-e4cae0a5b353
[2026-05-09T19:49:24+09:00] fetched detail access via Invoke-WebRequest: 13a99d42-cfcc-47ec-b3c6-e4cae0a5b353
[2026-05-09T19:49:26+09:00] fetched detail via Invoke-WebRequest: d8aec164-1a08-4670-82b5-994481ec9c7f
[2026-05-09T19:49:27+09:00] fetched detail access via Invoke-WebRequest: d8aec164-1a08-4670-82b5-994481ec9c7f
[2026-05-09T19:49:29+09:00] fetched detail via Invoke-WebRequest: ac18abdb-4220-4bb5-93f7-ca65743f33e3
[2026-05-09T19:49:31+09:00] fetched detail access via Invoke-WebRequest: ac18abdb-4220-4bb5-93f7-ca65743f33e3
[2026-05-09T19:49:32+09:00] fetched detail via Invoke-WebRequest: 9822a498-bf5f-4ce8-b365-a24bcc2b1e51
[2026-05-09T19:49:34+09:00] fetched detail access via Invoke-WebRequest: 9822a498-bf5f-4ce8-b365-a24bcc2b1e51
[2026-05-09T19:49:36+09:00] fetched detail via Invoke-WebRequest: 0462cb80-02a1-41ce-a624-ea4468052726
[2026-05-09T19:49:37+09:00] fetched detail access via Invoke-WebRequest: 0462cb80-02a1-41ce-a624-ea4468052726
[2026-05-09T19:49:39+09:00] fetched detail via Invoke-WebRequest: e04e539c-19a7-41ab-ba44-9d5d99fdaaa1
[2026-05-09T19:49:41+09:00] fetched detail access via Invoke-WebRequest: e04e539c-19a7-41ab-ba44-9d5d99fdaaa1
[2026-05-09T19:49:43+09:00] fetched detail via Invoke-WebRequest: 157deb28-a647-4851-a72b-bb75262594e8
[2026-05-09T19:49:44+09:00] fetched detail access via Invoke-WebRequest: 157deb28-a647-4851-a72b-bb75262594e8
[2026-05-09T19:49:46+09:00] fetched detail via Invoke-WebRequest: 5c61f56e-192c-400d-a90c-8a3e5a04ba6e
[2026-05-09T19:49:48+09:00] fetched detail access via Invoke-WebRequest: 5c61f56e-192c-400d-a90c-8a3e5a04ba6e
[2026-05-09T19:49:50+09:00] fetched detail via Invoke-WebRequest: 65d783b3-8a2d-4585-8007-c08d584cbedd
[2026-05-09T19:49:51+09:00] fetched detail access via Invoke-WebRequest: 65d783b3-8a2d-4585-8007-c08d584cbedd
[2026-05-09T19:49:53+09:00] fetched detail via Invoke-WebRequest: 4f67bd55-2284-401d-9462-a279969240df
[2026-05-09T19:49:55+09:00] fetched detail access via Invoke-WebRequest: 4f67bd55-2284-401d-9462-a279969240df
[2026-05-09T19:49:56+09:00] fetched detail via Invoke-WebRequest: 4c4f985a-529d-47d3-9bf7-fef67e85f84b
[2026-05-09T19:49:58+09:00] fetched detail access via Invoke-WebRequest: 4c4f985a-529d-47d3-9bf7-fef67e85f84b
[2026-05-09T19:50:00+09:00] fetched detail via Invoke-WebRequest: 2b471227-5d52-40f5-a8d3-0053c66fef6c
[2026-05-09T19:50:01+09:00] fetched detail access via Invoke-WebRequest: 2b471227-5d52-40f5-a8d3-0053c66fef6c
[2026-05-09T19:50:03+09:00] fetched detail via Invoke-WebRequest: 41865911-7d8d-4919-adbe-0b059157fe96
[2026-05-09T19:50:05+09:00] fetched detail access via Invoke-WebRequest: 41865911-7d8d-4919-adbe-0b059157fe96
[2026-05-09T19:50:06+09:00] fetched detail via Invoke-WebRequest: 24e99755-c22b-4988-8eb3-f80a0415d88d
[2026-05-09T19:50:09+09:00] fetched detail access via Invoke-WebRequest: 24e99755-c22b-4988-8eb3-f80a0415d88d
[2026-05-09T19:50:10+09:00] fetched detail via Invoke-WebRequest: 8c2896f0-7974-4f41-9863-b19a9e2bf53a
[2026-05-09T19:50:11+09:00] fetched detail access via Invoke-WebRequest: 8c2896f0-7974-4f41-9863-b19a9e2bf53a
[2026-05-09T19:50:13+09:00] fetched detail via Invoke-WebRequest: 9cd3e1b0-b01f-42e4-85c5-184276ac45e4
[2026-05-09T19:50:15+09:00] fetched detail access via Invoke-WebRequest: 9cd3e1b0-b01f-42e4-85c5-184276ac45e4
[2026-05-09T19:50:17+09:00] fetched detail via Invoke-WebRequest: c1e6cc6a-636c-44d4-9751-296d80b1aae6
[2026-05-09T19:50:18+09:00] fetched detail access via Invoke-WebRequest: c1e6cc6a-636c-44d4-9751-296d80b1aae6
[2026-05-09T19:50:20+09:00] fetched detail via Invoke-WebRequest: e954f78b-b265-4d05-842d-4721b76928e9
[2026-05-09T19:50:21+09:00] fetched detail access via Invoke-WebRequest: e954f78b-b265-4d05-842d-4721b76928e9
[2026-05-09T19:50:23+09:00] fetched detail via Invoke-WebRequest: e7b790f4-e823-41ee-bf69-954ba21c52e5
[2026-05-09T19:50:24+09:00] fetched detail access via Invoke-WebRequest: e7b790f4-e823-41ee-bf69-954ba21c52e5
[2026-05-09T19:50:26+09:00] fetched detail via Invoke-WebRequest: 3858dc56-0b89-4281-b39e-ed75f7a2900d
[2026-05-09T19:50:27+09:00] fetched detail access via Invoke-WebRequest: 3858dc56-0b89-4281-b39e-ed75f7a2900d
[2026-05-09T19:50:30+09:00] fetched detail via Invoke-WebRequest: 2182eb90-8a80-42e7-b53b-74b8a23a4100
[2026-05-09T19:50:31+09:00] fetched detail access via Invoke-WebRequest: 2182eb90-8a80-42e7-b53b-74b8a23a4100
[2026-05-09T19:50:33+09:00] fetched detail via Invoke-WebRequest: 90af4651-00a1-4d89-80d7-dfaedd2c68df
[2026-05-09T19:50:35+09:00] fetched detail access via Invoke-WebRequest: 90af4651-00a1-4d89-80d7-dfaedd2c68df
[2026-05-09T19:50:37+09:00] fetched detail via Invoke-WebRequest: ee44788c-c41f-472e-b2e7-2972b28578e4
[2026-05-09T19:50:38+09:00] fetched detail access via Invoke-WebRequest: ee44788c-c41f-472e-b2e7-2972b28578e4
[2026-05-09T19:50:40+09:00] fetched detail via Invoke-WebRequest: 5c0a89f2-b181-4cbd-a57a-cfd3ec486622
[2026-05-09T19:50:42+09:00] fetched detail access via Invoke-WebRequest: 5c0a89f2-b181-4cbd-a57a-cfd3ec486622
[2026-05-09T19:50:43+09:00] fetched detail via Invoke-WebRequest: 678962e0-6894-448f-aa13-1cef82bce0e5
[2026-05-09T19:50:45+09:00] fetched detail access via Invoke-WebRequest: 678962e0-6894-448f-aa13-1cef82bce0e5
[2026-05-09T19:50:47+09:00] fetched detail via Invoke-WebRequest: 0c833206-3240-4f66-9293-953795cff866
[2026-05-09T19:50:49+09:00] fetched detail access via Invoke-WebRequest: 0c833206-3240-4f66-9293-953795cff866
[2026-05-09T19:50:50+09:00] fetched detail via Invoke-WebRequest: 4c6f4e2a-f23f-460c-8a19-ca6de7ee8778
[2026-05-09T19:50:52+09:00] fetched detail access via Invoke-WebRequest: 4c6f4e2a-f23f-460c-8a19-ca6de7ee8778
[2026-05-09T19:50:53+09:00] fetched detail via Invoke-WebRequest: 080f2a89-eff2-48b5-90ec-c8fbbb17e924
[2026-05-09T19:50:55+09:00] fetched detail access via Invoke-WebRequest: 080f2a89-eff2-48b5-90ec-c8fbbb17e924
[2026-05-09T19:50:56+09:00] fetched detail via Invoke-WebRequest: de4f47e4-4e34-4f0c-9bf4-ba75783cf185
[2026-05-09T19:50:58+09:00] fetched detail access via Invoke-WebRequest: de4f47e4-4e34-4f0c-9bf4-ba75783cf185
[2026-05-09T19:50:59+09:00] fetched detail via Invoke-WebRequest: 4f463557-8d0e-44ff-afd9-17c8217851a1
[2026-05-09T19:51:01+09:00] fetched detail access via Invoke-WebRequest: 4f463557-8d0e-44ff-afd9-17c8217851a1
[2026-05-09T19:51:02+09:00] fetched detail via Invoke-WebRequest: 892a7794-93fa-4d73-97ca-f6bf23cdb3c7
[2026-05-09T19:51:04+09:00] fetched detail access via Invoke-WebRequest: 892a7794-93fa-4d73-97ca-f6bf23cdb3c7
[2026-05-09T19:51:06+09:00] fetched detail via Invoke-WebRequest: dd9ac0c5-af09-4942-aab0-13251752ab0b
[2026-05-09T19:51:08+09:00] fetched detail access via Invoke-WebRequest: dd9ac0c5-af09-4942-aab0-13251752ab0b
[2026-05-09T19:51:09+09:00] fetched detail via Invoke-WebRequest: 4ac515d7-2c46-40ba-a5b9-5f6704cc0a46
[2026-05-09T19:51:11+09:00] fetched detail access via Invoke-WebRequest: 4ac515d7-2c46-40ba-a5b9-5f6704cc0a46
[2026-05-09T19:51:12+09:00] fetched detail via Invoke-WebRequest: 43d51ad3-403c-4702-b97f-f9da0ec39131
[2026-05-09T19:51:14+09:00] fetched detail access via Invoke-WebRequest: 43d51ad3-403c-4702-b97f-f9da0ec39131
[2026-05-09T19:51:16+09:00] fetched detail via Invoke-WebRequest: 6f67fb48-b93b-400e-a5ae-f61b2b371b7d
[2026-05-09T19:51:17+09:00] fetched detail access via Invoke-WebRequest: 6f67fb48-b93b-400e-a5ae-f61b2b371b7d
[2026-05-09T19:51:19+09:00] fetched detail via Invoke-WebRequest: 5a594ca0-81bc-4442-bc34-de9110c5baf1
[2026-05-09T19:51:20+09:00] fetched detail access via Invoke-WebRequest: 5a594ca0-81bc-4442-bc34-de9110c5baf1
[2026-05-09T19:51:22+09:00] fetched detail via Invoke-WebRequest: 6506a015-1c2d-44bf-a234-cf8808a4b036
[2026-05-09T19:51:23+09:00] fetched detail access via Invoke-WebRequest: 6506a015-1c2d-44bf-a234-cf8808a4b036
[2026-05-09T19:51:25+09:00] fetched detail via Invoke-WebRequest: bcd423e2-733e-4f68-b4fa-d60b07923c28
[2026-05-09T19:51:26+09:00] fetched detail access via Invoke-WebRequest: bcd423e2-733e-4f68-b4fa-d60b07923c28
[2026-05-09T19:51:28+09:00] fetched detail via Invoke-WebRequest: fdff2465-2c3d-400b-9e95-9c5b240eeccf
[2026-05-09T19:51:30+09:00] fetched detail access via Invoke-WebRequest: fdff2465-2c3d-400b-9e95-9c5b240eeccf
[2026-05-09T19:51:31+09:00] fetched detail via Invoke-WebRequest: 33d9de35-e1f0-43f8-b180-7a714d8409f3
[2026-05-09T19:51:33+09:00] fetched detail access via Invoke-WebRequest: 33d9de35-e1f0-43f8-b180-7a714d8409f3
[2026-05-09T19:51:35+09:00] fetched detail via Invoke-WebRequest: ca213aa2-01c8-420e-a4cc-321fd2090a32
[2026-05-09T19:51:36+09:00] fetched detail access via Invoke-WebRequest: ca213aa2-01c8-420e-a4cc-321fd2090a32
[2026-05-09T19:51:38+09:00] fetched detail via Invoke-WebRequest: b7745452-24be-4114-8e13-cc000b3f9210
[2026-05-09T19:51:43+09:00] fetched detail access via Invoke-WebRequest: b7745452-24be-4114-8e13-cc000b3f9210
[2026-05-09T19:51:44+09:00] fetched detail via Invoke-WebRequest: 2a45a77d-57db-4f5b-a4a6-e65d1e549f98
[2026-05-09T19:51:46+09:00] fetched detail access via Invoke-WebRequest: 2a45a77d-57db-4f5b-a4a6-e65d1e549f98
[2026-05-09T19:51:48+09:00] fetched detail via Invoke-WebRequest: f2e8df54-0359-4f61-8492-ee7570a4544a
[2026-05-09T19:51:50+09:00] fetched detail access via Invoke-WebRequest: f2e8df54-0359-4f61-8492-ee7570a4544a
[2026-05-09T19:51:51+09:00] fetched detail via Invoke-WebRequest: 7817a602-a63d-4b9a-a4b9-9dd24e86b861
[2026-05-09T19:51:53+09:00] fetched detail access via Invoke-WebRequest: 7817a602-a63d-4b9a-a4b9-9dd24e86b861
[2026-05-09T19:51:55+09:00] fetched detail via Invoke-WebRequest: 6579f6df-b8b1-45a3-a9f0-4714fbcb252b
[2026-05-09T19:51:57+09:00] fetched detail access via Invoke-WebRequest: 6579f6df-b8b1-45a3-a9f0-4714fbcb252b
[2026-05-09T19:51:59+09:00] fetched detail via Invoke-WebRequest: 7cd9ac35-7ec0-47b6-9a7a-10348f048afd
[2026-05-09T19:52:01+09:00] fetched detail access via Invoke-WebRequest: 7cd9ac35-7ec0-47b6-9a7a-10348f048afd
[2026-05-09T19:52:03+09:00] fetched detail via Invoke-WebRequest: 4fc754be-c336-4edf-9d39-0ece0792ed17
[2026-05-09T19:52:05+09:00] fetched detail access via Invoke-WebRequest: 4fc754be-c336-4edf-9d39-0ece0792ed17
[2026-05-09T19:52:07+09:00] fetched detail via Invoke-WebRequest: 5954dfb3-ede2-4771-958c-fe0e86f84bed
[2026-05-09T19:52:09+09:00] fetched detail access via Invoke-WebRequest: 5954dfb3-ede2-4771-958c-fe0e86f84bed
[2026-05-09T19:52:10+09:00] fetched detail via Invoke-WebRequest: db387e22-5ce8-4f6d-9a93-a45985e8e5dd
[2026-05-09T19:52:12+09:00] fetched detail access via Invoke-WebRequest: db387e22-5ce8-4f6d-9a93-a45985e8e5dd
[2026-05-09T19:52:14+09:00] fetched detail via Invoke-WebRequest: ea0932f1-d8a1-4da5-aacd-cf8b8776e494
[2026-05-09T19:52:16+09:00] fetched detail access via Invoke-WebRequest: ea0932f1-d8a1-4da5-aacd-cf8b8776e494
[2026-05-09T19:52:18+09:00] fetched detail via Invoke-WebRequest: cf679858-6214-49b8-ad36-393d72b92bb6
[2026-05-09T19:52:19+09:00] fetched detail access via Invoke-WebRequest: cf679858-6214-49b8-ad36-393d72b92bb6
[2026-05-09T19:52:21+09:00] fetched detail via Invoke-WebRequest: ab4ac54a-013e-4892-b80b-d27ce321569d
[2026-05-09T19:52:23+09:00] fetched detail access via Invoke-WebRequest: ab4ac54a-013e-4892-b80b-d27ce321569d
[2026-05-09T19:52:24+09:00] fetched detail via Invoke-WebRequest: d279990c-e3b9-4cff-8006-b8a0c432ab02
[2026-05-09T19:52:26+09:00] fetched detail access via Invoke-WebRequest: d279990c-e3b9-4cff-8006-b8a0c432ab02
[2026-05-09T19:52:28+09:00] fetched detail via Invoke-WebRequest: 09cb0bec-8245-4069-9b52-50847bc0517a
[2026-05-09T19:52:29+09:00] fetched detail access via Invoke-WebRequest: 09cb0bec-8245-4069-9b52-50847bc0517a
[2026-05-09T19:52:31+09:00] fetched detail via Invoke-WebRequest: 99d85c82-0398-4a24-929a-c1c2ed4483fd
[2026-05-09T19:52:33+09:00] fetched detail access via Invoke-WebRequest: 99d85c82-0398-4a24-929a-c1c2ed4483fd
[2026-05-09T19:52:35+09:00] fetched detail via Invoke-WebRequest: 8106f16f-9bb8-4453-bbd4-7695998469e9
[2026-05-09T19:52:37+09:00] fetched detail access via Invoke-WebRequest: 8106f16f-9bb8-4453-bbd4-7695998469e9
[2026-05-09T19:52:38+09:00] fetched detail via Invoke-WebRequest: 32d98901-8757-45ef-ac45-85782e568a63
[2026-05-09T19:52:39+09:00] fetched detail access via Invoke-WebRequest: 32d98901-8757-45ef-ac45-85782e568a63
[2026-05-09T19:52:41+09:00] fetched detail via Invoke-WebRequest: 712891e9-feb8-4868-8733-e9dc61a30b66
[2026-05-09T19:52:42+09:00] fetched detail access via Invoke-WebRequest: 712891e9-feb8-4868-8733-e9dc61a30b66
[2026-05-09T19:52:44+09:00] fetched detail via Invoke-WebRequest: c4a6f442-9ba0-43b1-9464-5e94ab6ef421
[2026-05-09T19:52:46+09:00] fetched detail access via Invoke-WebRequest: c4a6f442-9ba0-43b1-9464-5e94ab6ef421
[2026-05-09T19:52:47+09:00] fetched detail via Invoke-WebRequest: 08a9f89c-617e-4775-9541-93f8a4b6b8da
[2026-05-09T19:52:48+09:00] fetched detail access via Invoke-WebRequest: 08a9f89c-617e-4775-9541-93f8a4b6b8da
[2026-05-09T19:52:50+09:00] fetched detail via Invoke-WebRequest: 2ab65645-8ea8-4a1b-ae9a-46f1d9836b93
[2026-05-09T19:52:52+09:00] fetched detail access via Invoke-WebRequest: 2ab65645-8ea8-4a1b-ae9a-46f1d9836b93
[2026-05-09T19:52:54+09:00] fetched detail via Invoke-WebRequest: df96e361-c93c-4fb5-ac17-f3c53663fbae
[2026-05-09T19:52:56+09:00] fetched detail access via Invoke-WebRequest: df96e361-c93c-4fb5-ac17-f3c53663fbae
[2026-05-09T19:52:58+09:00] fetched detail via Invoke-WebRequest: ad9e0294-7e45-44dc-82ba-7ba42a84fdbf
[2026-05-09T19:52:59+09:00] fetched detail access via Invoke-WebRequest: ad9e0294-7e45-44dc-82ba-7ba42a84fdbf
[2026-05-09T19:53:01+09:00] fetched detail via Invoke-WebRequest: f4fcb693-243f-42bb-ac5f-373c4be74b7f
[2026-05-09T19:53:02+09:00] fetched detail access via Invoke-WebRequest: f4fcb693-243f-42bb-ac5f-373c4be74b7f
[2026-05-09T19:53:04+09:00] fetched detail via Invoke-WebRequest: 11973cd4-ec7c-4e19-8b60-213250b84f3d
[2026-05-09T19:53:06+09:00] fetched detail access via Invoke-WebRequest: 11973cd4-ec7c-4e19-8b60-213250b84f3d
[2026-05-09T19:53:08+09:00] fetched detail via Invoke-WebRequest: 53a61880-9da7-4fea-97e3-a45f697c4e44
[2026-05-09T19:53:10+09:00] fetched detail access via Invoke-WebRequest: 53a61880-9da7-4fea-97e3-a45f697c4e44
[2026-05-09T19:53:14+09:00] fetched detail via Invoke-WebRequest: 6850ca1f-006a-4663-9176-c7d6328453df
[2026-05-09T19:53:15+09:00] fetched detail access via Invoke-WebRequest: 6850ca1f-006a-4663-9176-c7d6328453df
[2026-05-09T19:53:17+09:00] fetched detail via Invoke-WebRequest: 2fee1448-9607-4ec8-b598-9f162aaa59d5
[2026-05-09T19:53:19+09:00] fetched detail access via Invoke-WebRequest: 2fee1448-9607-4ec8-b598-9f162aaa59d5
[2026-05-09T19:53:21+09:00] fetched detail via Invoke-WebRequest: 412dce96-4535-46ba-a0d5-d0e16f796a4d
[2026-05-09T19:53:22+09:00] fetched detail access via Invoke-WebRequest: 412dce96-4535-46ba-a0d5-d0e16f796a4d
[2026-05-09T19:53:24+09:00] fetched detail via Invoke-WebRequest: 7d2556fe-e7fc-4036-b5c6-c7fc629df3b2
[2026-05-09T19:53:25+09:00] fetched detail access via Invoke-WebRequest: 7d2556fe-e7fc-4036-b5c6-c7fc629df3b2
[2026-05-09T19:53:27+09:00] fetched detail via Invoke-WebRequest: 176f7fda-25ff-4099-9ab8-1f96f333203f
[2026-05-09T19:53:29+09:00] fetched detail access via Invoke-WebRequest: 176f7fda-25ff-4099-9ab8-1f96f333203f
[2026-05-09T19:53:32+09:00] fetched detail via Invoke-WebRequest: 855e85ae-f540-4a10-af57-b441881accff
[2026-05-09T19:53:33+09:00] fetched detail access via Invoke-WebRequest: 855e85ae-f540-4a10-af57-b441881accff
[2026-05-09T19:53:35+09:00] fetched detail via Invoke-WebRequest: 533cb7ce-5af6-4bb5-8d4c-2a8cc78560bd
[2026-05-09T19:53:36+09:00] fetched detail access via Invoke-WebRequest: 533cb7ce-5af6-4bb5-8d4c-2a8cc78560bd
[2026-05-09T19:53:38+09:00] fetched detail via Invoke-WebRequest: e02e09fc-1b24-4eaa-9bc7-aab73986cc6f
[2026-05-09T19:53:40+09:00] fetched detail access via Invoke-WebRequest: e02e09fc-1b24-4eaa-9bc7-aab73986cc6f
[2026-05-09T19:53:41+09:00] fetched detail via Invoke-WebRequest: ac5acbe5-8901-4e8f-9350-d397019d04de
[2026-05-09T19:53:43+09:00] fetched detail access via Invoke-WebRequest: ac5acbe5-8901-4e8f-9350-d397019d04de
[2026-05-09T19:53:45+09:00] fetched detail via Invoke-WebRequest: 372f7f3d-5d26-4f8c-b790-4d6bd27e8afb
[2026-05-09T19:53:47+09:00] fetched detail access via Invoke-WebRequest: 372f7f3d-5d26-4f8c-b790-4d6bd27e8afb
[2026-05-09T19:53:48+09:00] fetched detail via Invoke-WebRequest: 985a9016-982e-4144-812d-cf604ff134c3
[2026-05-09T19:53:50+09:00] fetched detail access via Invoke-WebRequest: 985a9016-982e-4144-812d-cf604ff134c3
[2026-05-09T19:53:52+09:00] fetched detail via Invoke-WebRequest: d12be097-bb44-4034-aaa8-ae73eb268f2e
[2026-05-09T19:53:54+09:00] fetched detail access via Invoke-WebRequest: d12be097-bb44-4034-aaa8-ae73eb268f2e
[2026-05-09T19:53:56+09:00] fetched detail via Invoke-WebRequest: 7d92578c-f197-4260-9f7d-170d6713c839
[2026-05-09T19:53:57+09:00] fetched detail access via Invoke-WebRequest: 7d92578c-f197-4260-9f7d-170d6713c839
[2026-05-09T19:53:59+09:00] fetched detail via Invoke-WebRequest: 22e26e11-a727-4da2-b579-bb56fbbbb33f
[2026-05-09T19:54:01+09:00] fetched detail access via Invoke-WebRequest: 22e26e11-a727-4da2-b579-bb56fbbbb33f
[2026-05-09T19:54:02+09:00] fetched detail via Invoke-WebRequest: caaa952e-3022-4671-a04c-e80bc0af97e5
[2026-05-09T19:54:04+09:00] fetched detail access via Invoke-WebRequest: caaa952e-3022-4671-a04c-e80bc0af97e5
[2026-05-09T19:54:05+09:00] fetched detail via Invoke-WebRequest: c2116214-a269-4515-b3e6-2123fb22fd51
[2026-05-09T19:54:07+09:00] fetched detail access via Invoke-WebRequest: c2116214-a269-4515-b3e6-2123fb22fd51
[2026-05-09T19:54:08+09:00] fetched detail via Invoke-WebRequest: 25c86ac0-3f24-4e5e-aa07-21890762871c
[2026-05-09T19:54:10+09:00] fetched detail access via Invoke-WebRequest: 25c86ac0-3f24-4e5e-aa07-21890762871c
[2026-05-09T19:54:11+09:00] fetched detail via Invoke-WebRequest: e39a874f-8e55-41ca-9a3a-794e78c8214f
[2026-05-09T19:54:13+09:00] fetched detail access via Invoke-WebRequest: e39a874f-8e55-41ca-9a3a-794e78c8214f
[2026-05-09T19:54:15+09:00] fetched detail via Invoke-WebRequest: 81f24ca5-63e4-478d-97be-b1af5cfe26b5
[2026-05-09T19:54:17+09:00] fetched detail access via Invoke-WebRequest: 81f24ca5-63e4-478d-97be-b1af5cfe26b5
[2026-05-09T19:54:21+09:00] fetched detail via Invoke-WebRequest: 0741cd45-5128-49a2-94b6-921f7f029b31
[2026-05-09T19:54:23+09:00] fetched detail access via Invoke-WebRequest: 0741cd45-5128-49a2-94b6-921f7f029b31
[2026-05-09T19:54:25+09:00] fetched detail via Invoke-WebRequest: edef8eef-feeb-4fa5-944a-ccf2226bdeee
[2026-05-09T19:54:27+09:00] fetched detail access via Invoke-WebRequest: edef8eef-feeb-4fa5-944a-ccf2226bdeee
[2026-05-09T19:54:28+09:00] fetched detail via Invoke-WebRequest: cbf5dbac-60cd-4922-9c9f-783082bbbcb4
[2026-05-09T19:54:29+09:00] fetched detail access via Invoke-WebRequest: cbf5dbac-60cd-4922-9c9f-783082bbbcb4
[2026-05-09T19:54:31+09:00] fetched detail via Invoke-WebRequest: 2b284479-7caf-440a-a971-7960d65afe9d
[2026-05-09T19:54:32+09:00] fetched detail access via Invoke-WebRequest: 2b284479-7caf-440a-a971-7960d65afe9d
[2026-05-09T19:54:34+09:00] fetched detail via Invoke-WebRequest: 8404f3eb-e75e-47a2-9475-b877f94fa59f
[2026-05-09T19:54:35+09:00] fetched detail access via Invoke-WebRequest: 8404f3eb-e75e-47a2-9475-b877f94fa59f
[2026-05-09T19:54:37+09:00] fetched detail via Invoke-WebRequest: f7c522af-0b61-46b7-91d0-bc9708353a10
[2026-05-09T19:54:39+09:00] fetched detail access via Invoke-WebRequest: f7c522af-0b61-46b7-91d0-bc9708353a10
[2026-05-09T19:54:41+09:00] fetched detail via Invoke-WebRequest: 41ec3f5d-9acc-4d5f-b889-30ece7d7d9a4
[2026-05-09T19:54:42+09:00] fetched detail access via Invoke-WebRequest: 41ec3f5d-9acc-4d5f-b889-30ece7d7d9a4
[2026-05-09T19:54:44+09:00] fetched detail via Invoke-WebRequest: 3d27c6ad-2056-44cf-a92e-000e4204118e
[2026-05-09T19:54:46+09:00] fetched detail access via Invoke-WebRequest: 3d27c6ad-2056-44cf-a92e-000e4204118e
[2026-05-09T19:54:47+09:00] fetched detail via Invoke-WebRequest: 72c00ce4-1c63-4a66-8f8e-19795830cc3d
[2026-05-09T19:54:49+09:00] fetched detail access via Invoke-WebRequest: 72c00ce4-1c63-4a66-8f8e-19795830cc3d
[2026-05-09T19:54:50+09:00] fetched detail via Invoke-WebRequest: 9ed9e21a-943f-4177-a3f0-947881b40c7c
[2026-05-09T19:54:52+09:00] fetched detail access via Invoke-WebRequest: 9ed9e21a-943f-4177-a3f0-947881b40c7c
[2026-05-09T19:54:54+09:00] fetched detail via Invoke-WebRequest: 0bf77364-aa8d-4659-8ecd-ade64787c1eb
[2026-05-09T19:54:56+09:00] fetched detail access via Invoke-WebRequest: 0bf77364-aa8d-4659-8ecd-ade64787c1eb
[2026-05-09T19:54:58+09:00] fetched detail via Invoke-WebRequest: 7190a369-a365-4667-a077-4e343d1858cb
[2026-05-09T19:54:59+09:00] fetched detail access via Invoke-WebRequest: 7190a369-a365-4667-a077-4e343d1858cb
[2026-05-09T19:55:01+09:00] fetched detail via Invoke-WebRequest: 1561182c-af07-4dc7-b912-f35563d3e681
[2026-05-09T19:55:02+09:00] fetched detail access via Invoke-WebRequest: 1561182c-af07-4dc7-b912-f35563d3e681
[2026-05-09T19:55:04+09:00] fetched detail via Invoke-WebRequest: c8123aba-9c2c-4a25-a4e1-2fc3d00826b3
[2026-05-09T19:55:05+09:00] fetched detail access via Invoke-WebRequest: c8123aba-9c2c-4a25-a4e1-2fc3d00826b3
[2026-05-09T19:55:07+09:00] fetched detail via Invoke-WebRequest: b97ca5d4-db41-4021-b4ff-5b6d7938fa8e
[2026-05-09T19:55:08+09:00] fetched detail access via Invoke-WebRequest: b97ca5d4-db41-4021-b4ff-5b6d7938fa8e
[2026-05-09T19:55:10+09:00] fetched detail via Invoke-WebRequest: 420c7d46-e4eb-452b-8ac9-a7e6278cbea3
[2026-05-09T19:55:11+09:00] fetched detail access via Invoke-WebRequest: 420c7d46-e4eb-452b-8ac9-a7e6278cbea3
[2026-05-09T19:55:13+09:00] fetched detail via Invoke-WebRequest: f67b1a12-58c4-41db-a259-80af00004f26
[2026-05-09T19:55:16+09:00] fetched detail access via Invoke-WebRequest: f67b1a12-58c4-41db-a259-80af00004f26
[2026-05-09T19:55:17+09:00] fetched detail via Invoke-WebRequest: 282afaa9-f753-4aa2-966b-eaa578a258f4
[2026-05-09T19:55:18+09:00] fetched detail access via Invoke-WebRequest: 282afaa9-f753-4aa2-966b-eaa578a258f4
[2026-05-09T19:55:20+09:00] fetched detail via Invoke-WebRequest: 4dfd1878-d715-4636-945f-0edb35531b48
[2026-05-09T19:55:21+09:00] fetched detail access via Invoke-WebRequest: 4dfd1878-d715-4636-945f-0edb35531b48
[2026-05-09T19:55:23+09:00] fetched detail via Invoke-WebRequest: be7b76df-fc35-4ab7-9901-05caced86f72
[2026-05-09T19:55:29+09:00] fetched detail access via Invoke-WebRequest: be7b76df-fc35-4ab7-9901-05caced86f72
[2026-05-09T19:55:30+09:00] fetched detail via Invoke-WebRequest: eb6051d3-0724-400c-a8fa-4d6650539b3f
[2026-05-09T19:55:31+09:00] fetched detail access via Invoke-WebRequest: eb6051d3-0724-400c-a8fa-4d6650539b3f
[2026-05-09T19:55:33+09:00] fetched detail via Invoke-WebRequest: 78d62ba6-bbea-4159-a06e-f86199a1f87f
[2026-05-09T19:55:35+09:00] fetched detail access via Invoke-WebRequest: 78d62ba6-bbea-4159-a06e-f86199a1f87f
[2026-05-09T19:55:36+09:00] fetched detail via Invoke-WebRequest: 607b82ef-b46e-4527-83ae-5980d477a1e6
[2026-05-09T19:55:38+09:00] fetched detail access via Invoke-WebRequest: 607b82ef-b46e-4527-83ae-5980d477a1e6
[2026-05-09T19:55:40+09:00] fetched detail via Invoke-WebRequest: 50f5fa30-1d9b-44ff-9d23-3b92272d0e24
[2026-05-09T19:55:41+09:00] fetched detail access via Invoke-WebRequest: 50f5fa30-1d9b-44ff-9d23-3b92272d0e24
[2026-05-09T19:55:43+09:00] fetched detail via Invoke-WebRequest: f8aa25d3-1bd4-4ab6-bbcd-9fe8b07dba7d
[2026-05-09T19:55:47+09:00] fetched detail access via Invoke-WebRequest: f8aa25d3-1bd4-4ab6-bbcd-9fe8b07dba7d
[2026-05-09T19:55:48+09:00] fetched detail via Invoke-WebRequest: 707b364a-f0ad-4eef-a21c-e4053b0dd45c
[2026-05-09T19:55:49+09:00] fetched detail access via Invoke-WebRequest: 707b364a-f0ad-4eef-a21c-e4053b0dd45c
[2026-05-09T19:55:51+09:00] fetched detail via Invoke-WebRequest: b41d3da5-1d24-482a-bfef-90578b029d10
[2026-05-09T19:55:52+09:00] fetched detail access via Invoke-WebRequest: b41d3da5-1d24-482a-bfef-90578b029d10
[2026-05-09T19:55:54+09:00] fetched detail via Invoke-WebRequest: a7468ec6-dc80-4263-951c-171c4c34629a
[2026-05-09T19:55:55+09:00] fetched detail access via Invoke-WebRequest: a7468ec6-dc80-4263-951c-171c4c34629a
[2026-05-09T19:55:57+09:00] fetched detail via Invoke-WebRequest: 5a2a0a4f-9c29-42be-bca5-3fe0050e9fe3
[2026-05-09T19:55:59+09:00] fetched detail access via Invoke-WebRequest: 5a2a0a4f-9c29-42be-bca5-3fe0050e9fe3
[2026-05-09T19:56:01+09:00] fetched detail via Invoke-WebRequest: 41f35630-550a-492f-91bf-5d80c74bac3a
[2026-05-09T19:56:05+09:00] fetched detail access via Invoke-WebRequest: 41f35630-550a-492f-91bf-5d80c74bac3a
[2026-05-09T19:56:07+09:00] fetched detail via Invoke-WebRequest: 6794e1e4-30c4-416b-9260-2d79a4537373
[2026-05-09T19:56:08+09:00] fetched detail access via Invoke-WebRequest: 6794e1e4-30c4-416b-9260-2d79a4537373
[2026-05-09T19:56:10+09:00] fetched detail via Invoke-WebRequest: 12877d1f-2e5b-41f2-a382-8b4d83924e92
[2026-05-09T19:56:11+09:00] fetched detail access via Invoke-WebRequest: 12877d1f-2e5b-41f2-a382-8b4d83924e92
[2026-05-09T19:56:13+09:00] fetched detail via Invoke-WebRequest: e0350ed5-18a1-4347-babf-a914ce8dcfe7
[2026-05-09T19:56:15+09:00] fetched detail access via Invoke-WebRequest: e0350ed5-18a1-4347-babf-a914ce8dcfe7
[2026-05-09T19:56:17+09:00] fetched detail via Invoke-WebRequest: 3e2b2b83-e826-4821-b5c2-7d543bb5c0a7
[2026-05-09T19:56:18+09:00] fetched detail access via Invoke-WebRequest: 3e2b2b83-e826-4821-b5c2-7d543bb5c0a7
[2026-05-09T19:56:20+09:00] fetched detail via Invoke-WebRequest: c420568a-7c1a-4f96-91b1-889e26b63b0c
[2026-05-09T19:56:22+09:00] fetched detail access via Invoke-WebRequest: c420568a-7c1a-4f96-91b1-889e26b63b0c
[2026-05-09T19:56:24+09:00] fetched detail via Invoke-WebRequest: f7fa2ba3-39b1-4b1f-88fb-925c090c019e
[2026-05-09T19:56:25+09:00] fetched detail access via Invoke-WebRequest: f7fa2ba3-39b1-4b1f-88fb-925c090c019e
[2026-05-09T19:56:27+09:00] fetched detail via Invoke-WebRequest: 72b9def2-74da-43fa-99cc-8200da38673f
[2026-05-09T19:56:29+09:00] fetched detail access via Invoke-WebRequest: 72b9def2-74da-43fa-99cc-8200da38673f
[2026-05-09T19:56:31+09:00] fetched detail via Invoke-WebRequest: f3784983-54bb-4d76-8028-5b180579a1b5
[2026-05-09T19:56:33+09:00] fetched detail access via Invoke-WebRequest: f3784983-54bb-4d76-8028-5b180579a1b5
[2026-05-09T19:56:35+09:00] fetched detail via Invoke-WebRequest: 67eb6c38-0e72-45b3-94c6-9cee97d2e1bf
[2026-05-09T19:56:37+09:00] fetched detail access via Invoke-WebRequest: 67eb6c38-0e72-45b3-94c6-9cee97d2e1bf
[2026-05-09T19:56:39+09:00] fetched detail via Invoke-WebRequest: 6a0ba8a2-f64f-497f-a25f-2a1ffd82a85c
[2026-05-09T19:56:41+09:00] fetched detail access via Invoke-WebRequest: 6a0ba8a2-f64f-497f-a25f-2a1ffd82a85c
[2026-05-09T19:56:43+09:00] fetched detail via Invoke-WebRequest: 0766dfb3-656d-4eae-b376-fc1ed960e356
[2026-05-09T19:56:45+09:00] fetched detail access via Invoke-WebRequest: 0766dfb3-656d-4eae-b376-fc1ed960e356
[2026-05-09T19:56:47+09:00] fetched detail via Invoke-WebRequest: 4c73e803-cbb5-497c-8f31-7aa78ddb2e39
[2026-05-09T19:56:49+09:00] fetched detail access via Invoke-WebRequest: 4c73e803-cbb5-497c-8f31-7aa78ddb2e39
[2026-05-09T19:56:51+09:00] fetched detail via Invoke-WebRequest: 16ffb56b-cb6e-4c19-9304-01a3183f7b4c
[2026-05-09T19:56:54+09:00] fetched detail access via Invoke-WebRequest: 16ffb56b-cb6e-4c19-9304-01a3183f7b4c
[2026-05-09T19:56:56+09:00] fetched detail via Invoke-WebRequest: b14939d6-4d18-48d4-8a06-a89aa835c5b5
[2026-05-09T19:56:58+09:00] fetched detail access via Invoke-WebRequest: b14939d6-4d18-48d4-8a06-a89aa835c5b5
[2026-05-09T19:57:00+09:00] fetched detail via Invoke-WebRequest: 2c1b720e-b875-47c7-a385-f0d2a88bf69b
[2026-05-09T19:57:02+09:00] fetched detail access via Invoke-WebRequest: 2c1b720e-b875-47c7-a385-f0d2a88bf69b
[2026-05-09T19:57:04+09:00] fetched detail via Invoke-WebRequest: a20ab03c-03f8-460c-8f56-c778e83cdcc8
[2026-05-09T19:57:05+09:00] fetched detail access via Invoke-WebRequest: a20ab03c-03f8-460c-8f56-c778e83cdcc8
[2026-05-09T19:57:07+09:00] fetched detail via Invoke-WebRequest: 0c2b69ac-0f34-439f-bad8-565a11ae9e5b
[2026-05-09T19:57:08+09:00] fetched detail access via Invoke-WebRequest: 0c2b69ac-0f34-439f-bad8-565a11ae9e5b
[2026-05-09T19:57:10+09:00] fetched detail via Invoke-WebRequest: 043d0fbe-7c9f-4f73-a835-d1053862ed87
[2026-05-09T19:57:12+09:00] fetched detail access via Invoke-WebRequest: 043d0fbe-7c9f-4f73-a835-d1053862ed87
[2026-05-09T19:57:14+09:00] fetched detail via Invoke-WebRequest: 257a653e-48eb-4942-8d15-559645ae5ab6
[2026-05-09T19:57:15+09:00] fetched detail access via Invoke-WebRequest: 257a653e-48eb-4942-8d15-559645ae5ab6
[2026-05-09T19:57:17+09:00] fetched detail via Invoke-WebRequest: abffa694-c5e5-46a5-86db-2c58fa04e58e
[2026-05-09T19:57:19+09:00] fetched detail access via Invoke-WebRequest: abffa694-c5e5-46a5-86db-2c58fa04e58e
[2026-05-09T19:57:21+09:00] fetched detail via Invoke-WebRequest: 117aca4f-ba28-4f6c-934a-6ff42882ea93
[2026-05-09T19:57:23+09:00] fetched detail access via Invoke-WebRequest: 117aca4f-ba28-4f6c-934a-6ff42882ea93
[2026-05-09T19:57:24+09:00] fetched detail via Invoke-WebRequest: e35b864e-a37e-4937-baaa-025df33a147d
[2026-05-09T19:57:26+09:00] fetched detail access via Invoke-WebRequest: e35b864e-a37e-4937-baaa-025df33a147d
[2026-05-09T19:57:27+09:00] fetched detail via Invoke-WebRequest: 9c51556b-1d78-4f43-bf8d-c7491a8a8c1e
[2026-05-09T19:57:29+09:00] fetched detail access via Invoke-WebRequest: 9c51556b-1d78-4f43-bf8d-c7491a8a8c1e
[2026-05-09T19:57:31+09:00] fetched detail via Invoke-WebRequest: ad7d4f45-0a52-4169-84b9-37b877c0772a
[2026-05-09T19:57:32+09:00] fetched detail access via Invoke-WebRequest: ad7d4f45-0a52-4169-84b9-37b877c0772a
[2026-05-09T19:57:34+09:00] fetched detail via Invoke-WebRequest: 5049a203-7b61-4c72-a915-5453b719006c
[2026-05-09T19:57:36+09:00] fetched detail access via Invoke-WebRequest: 5049a203-7b61-4c72-a915-5453b719006c
[2026-05-09T19:57:37+09:00] fetched detail via Invoke-WebRequest: a74b4d60-07a3-41fc-80c7-20aac02c94c2
[2026-05-09T19:57:39+09:00] fetched detail access via Invoke-WebRequest: a74b4d60-07a3-41fc-80c7-20aac02c94c2
[2026-05-09T19:57:41+09:00] fetched detail via Invoke-WebRequest: 251c5fb5-2013-4858-9bba-905c2eae6947
[2026-05-09T19:57:43+09:00] fetched detail access via Invoke-WebRequest: 251c5fb5-2013-4858-9bba-905c2eae6947
[2026-05-09T19:57:45+09:00] fetched detail via Invoke-WebRequest: ed5b90ea-f348-4925-8e84-71466013d251
[2026-05-09T19:57:47+09:00] fetched detail access via Invoke-WebRequest: ed5b90ea-f348-4925-8e84-71466013d251
[2026-05-09T19:57:49+09:00] fetched detail via Invoke-WebRequest: 2fae4570-173a-4127-9401-7125fd1e6f51
[2026-05-09T19:57:50+09:00] fetched detail access via Invoke-WebRequest: 2fae4570-173a-4127-9401-7125fd1e6f51
[2026-05-09T19:57:52+09:00] fetched detail via Invoke-WebRequest: 40486661-14c6-44a8-bd44-8ec47288dbf6
[2026-05-09T19:57:54+09:00] fetched detail access via Invoke-WebRequest: 40486661-14c6-44a8-bd44-8ec47288dbf6
[2026-05-09T19:57:56+09:00] fetched detail via Invoke-WebRequest: 790b9e31-27ac-41f1-8dcc-f8a102e8a2bd
[2026-05-09T19:57:57+09:00] fetched detail access via Invoke-WebRequest: 790b9e31-27ac-41f1-8dcc-f8a102e8a2bd
[2026-05-09T19:57:59+09:00] fetched detail via Invoke-WebRequest: 70829023-5e58-4682-bb0e-eea490c9b572
[2026-05-09T19:58:00+09:00] fetched detail access via Invoke-WebRequest: 70829023-5e58-4682-bb0e-eea490c9b572
[2026-05-09T19:58:02+09:00] fetched detail via Invoke-WebRequest: 749ef292-2f67-4548-b278-c6e3b128fb72
[2026-05-09T19:58:03+09:00] fetched detail access via Invoke-WebRequest: 749ef292-2f67-4548-b278-c6e3b128fb72
[2026-05-09T19:58:05+09:00] fetched detail via Invoke-WebRequest: 19d5d8b7-509a-4ca0-8acd-956dff8e76ec
[2026-05-09T19:58:07+09:00] fetched detail access via Invoke-WebRequest: 19d5d8b7-509a-4ca0-8acd-956dff8e76ec
[2026-05-09T19:58:08+09:00] fetched detail via Invoke-WebRequest: fa21a013-ff7b-4666-b83d-38ddb68179b8
[2026-05-09T19:58:10+09:00] fetched detail access via Invoke-WebRequest: fa21a013-ff7b-4666-b83d-38ddb68179b8
[2026-05-09T19:58:12+09:00] fetched detail via Invoke-WebRequest: 79b7ce36-5e7f-448d-9c4f-b8c1f82ced18
[2026-05-09T19:58:14+09:00] fetched detail access via Invoke-WebRequest: 79b7ce36-5e7f-448d-9c4f-b8c1f82ced18
[2026-05-09T19:58:16+09:00] fetched detail via Invoke-WebRequest: f08e0f51-aa63-4a62-acc3-4cb3beb2146b
[2026-05-09T19:58:18+09:00] fetched detail access via Invoke-WebRequest: f08e0f51-aa63-4a62-acc3-4cb3beb2146b
[2026-05-09T19:58:20+09:00] fetched detail via Invoke-WebRequest: ac982c3c-0e7a-422f-9872-99a1a23e447f
[2026-05-09T19:58:22+09:00] fetched detail access via Invoke-WebRequest: ac982c3c-0e7a-422f-9872-99a1a23e447f
[2026-05-09T19:59:02+09:00] fetched detail via Invoke-WebRequest: 5beceb44-0fec-4ac8-92fb-b8278faf4317
[2026-05-09T19:59:03+09:00] fetched detail access via Invoke-WebRequest: 5beceb44-0fec-4ac8-92fb-b8278faf4317
[2026-05-09T19:59:05+09:00] fetched detail via Invoke-WebRequest: 4a6b36d5-5b16-49dc-b1e3-5e3461d422fd
[2026-05-09T19:59:06+09:00] fetched detail access via Invoke-WebRequest: 4a6b36d5-5b16-49dc-b1e3-5e3461d422fd
[2026-05-09T19:59:08+09:00] fetched detail via Invoke-WebRequest: ffd49cb1-3b4d-4035-905f-f7f62a428655
[2026-05-09T19:59:10+09:00] fetched detail access via Invoke-WebRequest: ffd49cb1-3b4d-4035-905f-f7f62a428655
[2026-05-09T19:59:11+09:00] fetched detail via Invoke-WebRequest: 30c6774e-d26f-4c28-bc8e-0f49c0ba49c0
[2026-05-09T19:59:13+09:00] fetched detail access via Invoke-WebRequest: 30c6774e-d26f-4c28-bc8e-0f49c0ba49c0
[2026-05-09T19:59:15+09:00] fetched detail via Invoke-WebRequest: b27741f9-4aa3-4d96-89c2-3fa371dfbf47
[2026-05-09T19:59:16+09:00] fetched detail access via Invoke-WebRequest: b27741f9-4aa3-4d96-89c2-3fa371dfbf47
[2026-05-09T19:59:18+09:00] fetched detail via Invoke-WebRequest: 1076be66-37b9-4558-9a42-e886c7b45386
[2026-05-09T19:59:20+09:00] fetched detail access via Invoke-WebRequest: 1076be66-37b9-4558-9a42-e886c7b45386
[2026-05-09T19:59:21+09:00] fetched detail via Invoke-WebRequest: 47e281ef-8e43-4834-ab60-653683a7d0b0
[2026-05-09T19:59:23+09:00] fetched detail access via Invoke-WebRequest: 47e281ef-8e43-4834-ab60-653683a7d0b0
[2026-05-09T19:59:24+09:00] fetched detail via Invoke-WebRequest: 9b3c596c-41ed-4314-a5c4-14833b28d941
[2026-05-09T19:59:26+09:00] fetched detail access via Invoke-WebRequest: 9b3c596c-41ed-4314-a5c4-14833b28d941
[2026-05-09T19:59:27+09:00] fetched detail via Invoke-WebRequest: 330fda1a-4672-4e5d-b292-f9f1e29c8b77
[2026-05-09T19:59:28+09:00] fetched detail access via Invoke-WebRequest: 330fda1a-4672-4e5d-b292-f9f1e29c8b77
[2026-05-09T19:59:30+09:00] fetched detail via Invoke-WebRequest: 65fce10c-86f0-4356-beda-d83811142c75
[2026-05-09T19:59:31+09:00] fetched detail access via Invoke-WebRequest: 65fce10c-86f0-4356-beda-d83811142c75
[2026-05-09T19:59:33+09:00] fetched detail via Invoke-WebRequest: 8c4b3cb9-29c3-4008-95e1-b108d9a3f8ad
[2026-05-09T19:59:34+09:00] fetched detail access via Invoke-WebRequest: 8c4b3cb9-29c3-4008-95e1-b108d9a3f8ad
[2026-05-09T19:59:35+09:00] fetched detail via Invoke-WebRequest: 02b3694f-94e3-4258-aa38-64d0d9e63a76
[2026-05-09T19:59:37+09:00] fetched detail access via Invoke-WebRequest: 02b3694f-94e3-4258-aa38-64d0d9e63a76
[2026-05-09T19:59:38+09:00] fetched detail via Invoke-WebRequest: 67f94f43-446f-45d5-ae8e-a3d0c157e02f
[2026-05-09T19:59:40+09:00] fetched detail access via Invoke-WebRequest: 67f94f43-446f-45d5-ae8e-a3d0c157e02f
[2026-05-09T19:59:41+09:00] fetched detail via Invoke-WebRequest: b8c5f54d-a4ae-4a4f-b704-d3865b5a3818
[2026-05-09T19:59:42+09:00] fetched detail access via Invoke-WebRequest: b8c5f54d-a4ae-4a4f-b704-d3865b5a3818
[2026-05-09T19:59:44+09:00] fetched detail via Invoke-WebRequest: 70289225-d2df-41a0-a6c2-a3faf37d4a2b
[2026-05-09T19:59:45+09:00] fetched detail access via Invoke-WebRequest: 70289225-d2df-41a0-a6c2-a3faf37d4a2b
[2026-05-09T19:59:47+09:00] fetched detail via Invoke-WebRequest: b35fbe3b-92ec-42a6-b131-21bc6fdff693
[2026-05-09T19:59:49+09:00] fetched detail access via Invoke-WebRequest: b35fbe3b-92ec-42a6-b131-21bc6fdff693
[2026-05-09T19:59:50+09:00] fetched detail via Invoke-WebRequest: d75885e3-7092-4f20-bd09-6bff075a3435
[2026-05-09T19:59:52+09:00] fetched detail access via Invoke-WebRequest: d75885e3-7092-4f20-bd09-6bff075a3435
[2026-05-09T19:59:53+09:00] fetched detail via Invoke-WebRequest: 716175cc-15a2-4686-9b89-8da159ec63ec
[2026-05-09T19:59:55+09:00] fetched detail access via Invoke-WebRequest: 716175cc-15a2-4686-9b89-8da159ec63ec
[2026-05-09T19:59:56+09:00] fetched detail via Invoke-WebRequest: d112e72c-931f-4586-887b-9a6831841268
[2026-05-09T19:59:57+09:00] fetched detail access via Invoke-WebRequest: d112e72c-931f-4586-887b-9a6831841268
[2026-05-09T19:59:59+09:00] fetched detail via Invoke-WebRequest: fb7ade7c-b468-4b1a-8c65-f6d71feede77
[2026-05-09T20:00:00+09:00] fetched detail access via Invoke-WebRequest: fb7ade7c-b468-4b1a-8c65-f6d71feede77
[2026-05-09T20:00:02+09:00] fetched detail via Invoke-WebRequest: cc3095c0-c45a-40b4-ae45-91841fb8ca74
[2026-05-09T20:00:03+09:00] fetched detail access via Invoke-WebRequest: cc3095c0-c45a-40b4-ae45-91841fb8ca74
[2026-05-09T20:00:05+09:00] fetched detail via Invoke-WebRequest: 6672340c-7604-43a6-bfbe-e82de6fd6825
[2026-05-09T20:00:06+09:00] fetched detail access via Invoke-WebRequest: 6672340c-7604-43a6-bfbe-e82de6fd6825
[2026-05-09T20:00:07+09:00] fetched detail via Invoke-WebRequest: 4b6ca914-fea9-419a-a4fb-33e4b230f30e
[2026-05-09T20:00:09+09:00] fetched detail access via Invoke-WebRequest: 4b6ca914-fea9-419a-a4fb-33e4b230f30e
[2026-05-09T20:00:10+09:00] fetched detail via Invoke-WebRequest: ee7e51c9-24b2-4f82-a36e-f14a1377f3b4
[2026-05-09T20:00:11+09:00] fetched detail access via Invoke-WebRequest: ee7e51c9-24b2-4f82-a36e-f14a1377f3b4
[2026-05-09T20:00:13+09:00] fetched detail via Invoke-WebRequest: 254c538d-1978-4d81-a3d7-0522a8127956
[2026-05-09T20:00:14+09:00] fetched detail access via Invoke-WebRequest: 254c538d-1978-4d81-a3d7-0522a8127956
[2026-05-09T20:00:16+09:00] fetched detail via Invoke-WebRequest: 7c23067c-1e32-4412-b862-314c3c97d5b1
[2026-05-09T20:00:17+09:00] fetched detail access via Invoke-WebRequest: 7c23067c-1e32-4412-b862-314c3c97d5b1
[2026-05-09T20:00:19+09:00] fetched detail via Invoke-WebRequest: a6664c43-ee28-42f6-aa66-0cff371039e8
[2026-05-09T20:00:20+09:00] fetched detail access via Invoke-WebRequest: a6664c43-ee28-42f6-aa66-0cff371039e8
[2026-05-09T20:00:22+09:00] fetched detail via Invoke-WebRequest: 65aae64a-4311-45a7-8a22-87defbdbc84c
[2026-05-09T20:00:23+09:00] fetched detail access via Invoke-WebRequest: 65aae64a-4311-45a7-8a22-87defbdbc84c
[2026-05-09T20:00:25+09:00] fetched detail via Invoke-WebRequest: 6f4d409c-48cf-4c66-91f1-0d88a65f422c
[2026-05-09T20:00:26+09:00] fetched detail access via Invoke-WebRequest: 6f4d409c-48cf-4c66-91f1-0d88a65f422c
[2026-05-09T20:00:28+09:00] fetched detail via Invoke-WebRequest: 3ba85451-9c37-492a-b830-9bd8a0295d0b
[2026-05-09T20:00:29+09:00] fetched detail access via Invoke-WebRequest: 3ba85451-9c37-492a-b830-9bd8a0295d0b
[2026-05-09T20:00:31+09:00] fetched detail via Invoke-WebRequest: 9188e194-4702-44ca-981f-3d24c349f44e
[2026-05-09T20:00:32+09:00] fetched detail access via Invoke-WebRequest: 9188e194-4702-44ca-981f-3d24c349f44e
[2026-05-09T20:00:34+09:00] fetched detail via Invoke-WebRequest: 192748bc-151e-45af-9a39-1e6019dcd6ab
[2026-05-09T20:00:35+09:00] fetched detail access via Invoke-WebRequest: 192748bc-151e-45af-9a39-1e6019dcd6ab
[2026-05-09T20:00:37+09:00] fetched detail via Invoke-WebRequest: c2d50df5-892e-4681-aa18-ba895d867117
[2026-05-09T20:00:38+09:00] fetched detail access via Invoke-WebRequest: c2d50df5-892e-4681-aa18-ba895d867117
[2026-05-09T20:00:40+09:00] fetched detail via Invoke-WebRequest: 3a74206b-7656-48df-bc5b-9e8a50ef6733
[2026-05-09T20:00:41+09:00] fetched detail access via Invoke-WebRequest: 3a74206b-7656-48df-bc5b-9e8a50ef6733
[2026-05-09T20:00:43+09:00] fetched detail via Invoke-WebRequest: a7b03036-8d02-4971-ab43-03bdb3f35efe
[2026-05-09T20:00:44+09:00] fetched detail access via Invoke-WebRequest: a7b03036-8d02-4971-ab43-03bdb3f35efe
[2026-05-09T20:00:46+09:00] fetched detail via Invoke-WebRequest: 1db9766b-f309-46db-8316-4dfc77347169
[2026-05-09T20:00:47+09:00] fetched detail access via Invoke-WebRequest: 1db9766b-f309-46db-8316-4dfc77347169
[2026-05-09T20:00:49+09:00] fetched detail via Invoke-WebRequest: c48582ba-e705-44bd-a8a9-5f8cbef4c562
[2026-05-09T20:00:50+09:00] fetched detail access via Invoke-WebRequest: c48582ba-e705-44bd-a8a9-5f8cbef4c562
[2026-05-09T20:00:52+09:00] fetched detail via Invoke-WebRequest: 11ede627-3e8d-4a19-9b1e-540a3f788493
[2026-05-09T20:00:53+09:00] fetched detail access via Invoke-WebRequest: 11ede627-3e8d-4a19-9b1e-540a3f788493
[2026-05-09T20:00:54+09:00] fetched detail via Invoke-WebRequest: 66b2ca94-fb3a-406b-b17a-249936ff5ede
[2026-05-09T20:00:56+09:00] fetched detail access via Invoke-WebRequest: 66b2ca94-fb3a-406b-b17a-249936ff5ede
[2026-05-09T20:00:57+09:00] fetched detail via Invoke-WebRequest: cf5777b6-d226-4fff-b9c8-5fe046b002a0
[2026-05-09T20:00:59+09:00] fetched detail access via Invoke-WebRequest: cf5777b6-d226-4fff-b9c8-5fe046b002a0
[2026-05-09T20:01:01+09:00] fetched detail via Invoke-WebRequest: 8f696117-4fa0-4acb-a853-cda25fe80fdd
[2026-05-09T20:01:02+09:00] fetched detail access via Invoke-WebRequest: 8f696117-4fa0-4acb-a853-cda25fe80fdd
[2026-05-09T20:01:03+09:00] fetched detail via Invoke-WebRequest: 084a5c9c-eedb-45cb-867c-0be865fcd59b
[2026-05-09T20:01:05+09:00] fetched detail access via Invoke-WebRequest: 084a5c9c-eedb-45cb-867c-0be865fcd59b
[2026-05-09T20:01:06+09:00] fetched detail via Invoke-WebRequest: b3e228b5-faa2-4ba2-9a6f-be4eee4c068d
[2026-05-09T20:01:07+09:00] fetched detail access via Invoke-WebRequest: b3e228b5-faa2-4ba2-9a6f-be4eee4c068d
[2026-05-09T20:01:09+09:00] fetched detail via Invoke-WebRequest: f36bba4b-c4d0-430d-bfa2-1cd54602b998
[2026-05-09T20:01:10+09:00] fetched detail access via Invoke-WebRequest: f36bba4b-c4d0-430d-bfa2-1cd54602b998
[2026-05-09T20:01:11+09:00] fetched detail via Invoke-WebRequest: 54ff6fe1-89f6-4b6a-b607-58c5cafb28b6
[2026-05-09T20:01:13+09:00] fetched detail access via Invoke-WebRequest: 54ff6fe1-89f6-4b6a-b607-58c5cafb28b6
[2026-05-09T20:01:14+09:00] fetched detail via Invoke-WebRequest: dd71cd06-1ea2-4fb5-a79f-4eec64dd6bd6
[2026-05-09T20:01:15+09:00] fetched detail access via Invoke-WebRequest: dd71cd06-1ea2-4fb5-a79f-4eec64dd6bd6
[2026-05-09T20:01:17+09:00] fetched detail via Invoke-WebRequest: 78f81080-9359-44aa-bb0b-e7180ca75dca
[2026-05-09T20:01:18+09:00] fetched detail access via Invoke-WebRequest: 78f81080-9359-44aa-bb0b-e7180ca75dca
[2026-05-09T20:01:19+09:00] fetched detail via Invoke-WebRequest: d2ab6ddb-18e3-40ae-a6a5-adcb88094744
[2026-05-09T20:01:21+09:00] fetched detail access via Invoke-WebRequest: d2ab6ddb-18e3-40ae-a6a5-adcb88094744
[2026-05-09T20:01:22+09:00] fetched detail via Invoke-WebRequest: d5c60a99-384d-4d61-a7b1-6842c2394dc5
[2026-05-09T20:01:24+09:00] fetched detail access via Invoke-WebRequest: d5c60a99-384d-4d61-a7b1-6842c2394dc5
[2026-05-09T20:01:25+09:00] fetched detail via Invoke-WebRequest: 613112b4-1d4e-4538-885d-50efd5dd6cbb
[2026-05-09T20:01:26+09:00] fetched detail access via Invoke-WebRequest: 613112b4-1d4e-4538-885d-50efd5dd6cbb
[2026-05-09T20:01:28+09:00] fetched detail via Invoke-WebRequest: f41d3134-7f58-450e-9c7e-ffe955f72138
[2026-05-09T20:01:29+09:00] fetched detail access via Invoke-WebRequest: f41d3134-7f58-450e-9c7e-ffe955f72138
[2026-05-09T20:01:31+09:00] fetched detail via Invoke-WebRequest: a1095dbc-95ca-458c-8fce-36efb73558be
[2026-05-09T20:01:32+09:00] fetched detail access via Invoke-WebRequest: a1095dbc-95ca-458c-8fce-36efb73558be
[2026-05-09T20:01:33+09:00] fetched detail via Invoke-WebRequest: 3713322e-f4d7-4b0f-8b5a-08fa54f13dab
[2026-05-09T20:01:35+09:00] fetched detail access via Invoke-WebRequest: 3713322e-f4d7-4b0f-8b5a-08fa54f13dab
[2026-05-09T20:01:36+09:00] fetched detail via Invoke-WebRequest: e100cf4a-7e73-4e98-95ee-f173582ae574
[2026-05-09T20:01:38+09:00] fetched detail access via Invoke-WebRequest: e100cf4a-7e73-4e98-95ee-f173582ae574
[2026-05-09T20:01:39+09:00] fetched detail via Invoke-WebRequest: 36efa1b0-400c-4796-924c-eed7b42dae42
[2026-05-09T20:01:40+09:00] fetched detail access via Invoke-WebRequest: 36efa1b0-400c-4796-924c-eed7b42dae42
[2026-05-09T20:01:41+09:00] fetched detail via Invoke-WebRequest: 88d865a7-8ce5-4284-981b-a352d7037373
[2026-05-09T20:01:43+09:00] fetched detail access via Invoke-WebRequest: 88d865a7-8ce5-4284-981b-a352d7037373
[2026-05-09T20:01:44+09:00] fetched detail via Invoke-WebRequest: 13be5338-7b9c-4df3-bef5-2d96aa62a090
[2026-05-09T20:01:46+09:00] fetched detail access via Invoke-WebRequest: 13be5338-7b9c-4df3-bef5-2d96aa62a090
[2026-05-09T20:01:47+09:00] fetched detail via Invoke-WebRequest: c9c0f545-4c68-485f-9ce2-a4349dab4768
[2026-05-09T20:01:48+09:00] fetched detail access via Invoke-WebRequest: c9c0f545-4c68-485f-9ce2-a4349dab4768
[2026-05-09T20:01:50+09:00] fetched detail via Invoke-WebRequest: 6db11512-bb63-4323-a64c-361e5afe10ae
[2026-05-09T20:01:51+09:00] fetched detail access via Invoke-WebRequest: 6db11512-bb63-4323-a64c-361e5afe10ae
[2026-05-09T20:01:53+09:00] fetched detail via Invoke-WebRequest: c2c4e4fc-366b-4342-a13a-0b44daed4a6c
[2026-05-09T20:01:54+09:00] fetched detail access via Invoke-WebRequest: c2c4e4fc-366b-4342-a13a-0b44daed4a6c
[2026-05-09T20:01:56+09:00] fetched detail via Invoke-WebRequest: bf29fd8e-74b9-411f-99ff-055785d158c8
[2026-05-09T20:01:58+09:00] fetched detail access via Invoke-WebRequest: bf29fd8e-74b9-411f-99ff-055785d158c8
[2026-05-09T20:01:59+09:00] fetched detail via Invoke-WebRequest: b67e2a1d-8c0c-4c4f-8409-4709eac77d45
[2026-05-09T20:02:01+09:00] fetched detail access via Invoke-WebRequest: b67e2a1d-8c0c-4c4f-8409-4709eac77d45
[2026-05-09T20:02:04+09:00] fetched detail via Invoke-WebRequest: f7d56c32-ed5c-4ace-be71-d35da23d4ab8
[2026-05-09T20:02:06+09:00] fetched detail access via Invoke-WebRequest: f7d56c32-ed5c-4ace-be71-d35da23d4ab8
[2026-05-09T20:02:08+09:00] fetched detail via Invoke-WebRequest: 76982f5c-c844-4688-b3ae-555a7bef24ff
[2026-05-09T20:02:10+09:00] fetched detail access via Invoke-WebRequest: 76982f5c-c844-4688-b3ae-555a7bef24ff
[2026-05-09T20:02:11+09:00] fetched detail via Invoke-WebRequest: d3af15ff-0ee9-434b-a3c3-4bf732f8efc8
[2026-05-09T20:02:13+09:00] fetched detail access via Invoke-WebRequest: d3af15ff-0ee9-434b-a3c3-4bf732f8efc8
[2026-05-09T20:02:14+09:00] fetched detail via Invoke-WebRequest: 2b508167-3af5-433c-b9fb-52db1c3c0d29
[2026-05-09T20:02:16+09:00] fetched detail access via Invoke-WebRequest: 2b508167-3af5-433c-b9fb-52db1c3c0d29
[2026-05-09T20:02:17+09:00] fetched detail via Invoke-WebRequest: 319c1722-1274-46fc-9e8a-9f9b4f36f079
[2026-05-09T20:02:19+09:00] fetched detail access via Invoke-WebRequest: 319c1722-1274-46fc-9e8a-9f9b4f36f079
[2026-05-09T20:02:21+09:00] fetched detail via Invoke-WebRequest: b18c6ad1-1949-46d2-9ef6-5773c291df28
[2026-05-09T20:02:23+09:00] fetched detail access via Invoke-WebRequest: b18c6ad1-1949-46d2-9ef6-5773c291df28
[2026-05-09T20:02:24+09:00] fetched detail via Invoke-WebRequest: 945be131-9e33-405f-ad62-270ffb29424a
[2026-05-09T20:02:26+09:00] fetched detail access via Invoke-WebRequest: 945be131-9e33-405f-ad62-270ffb29424a
[2026-05-09T20:02:28+09:00] fetched detail via Invoke-WebRequest: bac3d036-3a50-4a28-9e09-32229a2bca7b
[2026-05-09T20:02:30+09:00] fetched detail access via Invoke-WebRequest: bac3d036-3a50-4a28-9e09-32229a2bca7b
[2026-05-09T20:02:32+09:00] fetched detail via Invoke-WebRequest: 8483ee59-ed10-4a04-a183-e2de59165d29
[2026-05-09T20:02:33+09:00] fetched detail access via Invoke-WebRequest: 8483ee59-ed10-4a04-a183-e2de59165d29
[2026-05-09T20:02:35+09:00] fetched detail via Invoke-WebRequest: 2c7ad6a0-8c0a-47a2-a9c6-4eda416d99ec
[2026-05-09T20:02:37+09:00] fetched detail access via Invoke-WebRequest: 2c7ad6a0-8c0a-47a2-a9c6-4eda416d99ec
[2026-05-09T20:02:39+09:00] fetched detail via Invoke-WebRequest: f0ead130-495a-4287-af04-14f727f42368
[2026-05-09T20:02:40+09:00] fetched detail access via Invoke-WebRequest: f0ead130-495a-4287-af04-14f727f42368
[2026-05-09T20:02:42+09:00] fetched detail via Invoke-WebRequest: a0f32f44-63c4-4cb3-b27a-c65ddf73bfec
[2026-05-09T20:02:43+09:00] fetched detail access via Invoke-WebRequest: a0f32f44-63c4-4cb3-b27a-c65ddf73bfec
[2026-05-09T20:02:45+09:00] fetched detail via Invoke-WebRequest: d7202cd4-5666-4a1e-b895-7df7449de8dc
[2026-05-09T20:02:46+09:00] fetched detail access via Invoke-WebRequest: d7202cd4-5666-4a1e-b895-7df7449de8dc
[2026-05-09T20:02:48+09:00] fetched detail via Invoke-WebRequest: 2f5c78f4-409b-4990-b72f-08401f547285
[2026-05-09T20:02:49+09:00] fetched detail access via Invoke-WebRequest: 2f5c78f4-409b-4990-b72f-08401f547285
[2026-05-09T20:02:51+09:00] fetched detail via Invoke-WebRequest: e0baca51-aa45-4056-b45a-a460a3e07f99
[2026-05-09T20:02:52+09:00] fetched detail access via Invoke-WebRequest: e0baca51-aa45-4056-b45a-a460a3e07f99
[2026-05-09T20:02:54+09:00] fetched detail via Invoke-WebRequest: 0c051e13-caa3-4754-b749-4eb124264e24
[2026-05-09T20:02:55+09:00] fetched detail access via Invoke-WebRequest: 0c051e13-caa3-4754-b749-4eb124264e24
[2026-05-09T20:02:57+09:00] fetched detail via Invoke-WebRequest: a585b34d-bbaa-4b54-9dfe-d036ce0187d6
[2026-05-09T20:02:58+09:00] fetched detail access via Invoke-WebRequest: a585b34d-bbaa-4b54-9dfe-d036ce0187d6
[2026-05-09T20:03:00+09:00] fetched detail via Invoke-WebRequest: 1c1782bc-8300-4d8d-9e75-75a1c22b688c
[2026-05-09T20:03:01+09:00] fetched detail access via Invoke-WebRequest: 1c1782bc-8300-4d8d-9e75-75a1c22b688c
[2026-05-09T20:03:03+09:00] fetched detail via Invoke-WebRequest: 0c419591-fc66-4b50-9274-91bf88172562
[2026-05-09T20:03:04+09:00] fetched detail access via Invoke-WebRequest: 0c419591-fc66-4b50-9274-91bf88172562
[2026-05-09T20:03:06+09:00] fetched detail via Invoke-WebRequest: 290955fe-ac5c-4c09-b5cc-ff478a962de5
[2026-05-09T20:03:08+09:00] fetched detail access via Invoke-WebRequest: 290955fe-ac5c-4c09-b5cc-ff478a962de5
[2026-05-09T20:03:10+09:00] fetched detail via Invoke-WebRequest: 461f94d0-bd54-4a5f-a8dd-5ddbbdab42a5
[2026-05-09T20:03:11+09:00] fetched detail access via Invoke-WebRequest: 461f94d0-bd54-4a5f-a8dd-5ddbbdab42a5
[2026-05-09T20:03:13+09:00] fetched detail via Invoke-WebRequest: 51ab96cc-fe07-4534-bee0-1ef9d6f62f6c
[2026-05-09T20:03:15+09:00] fetched detail access via Invoke-WebRequest: 51ab96cc-fe07-4534-bee0-1ef9d6f62f6c
[2026-05-09T20:03:16+09:00] fetched detail via Invoke-WebRequest: 1cc4addc-c2ea-4964-b57d-0023c951be29
[2026-05-09T20:03:18+09:00] fetched detail access via Invoke-WebRequest: 1cc4addc-c2ea-4964-b57d-0023c951be29
[2026-05-09T20:03:20+09:00] fetched detail via Invoke-WebRequest: 13a2011d-5e41-4fe4-8f10-540e0c90cd93
[2026-05-09T20:03:21+09:00] fetched detail access via Invoke-WebRequest: 13a2011d-5e41-4fe4-8f10-540e0c90cd93
[2026-05-09T20:03:23+09:00] fetched detail via Invoke-WebRequest: b5e3ddb9-1040-442e-8e4b-e6d4fce048a5
[2026-05-09T20:03:24+09:00] fetched detail access via Invoke-WebRequest: b5e3ddb9-1040-442e-8e4b-e6d4fce048a5
[2026-05-09T20:03:25+09:00] fetched detail via Invoke-WebRequest: ce7dc4db-a8cb-47ed-a421-83a85bc15bbb
[2026-05-09T20:03:27+09:00] fetched detail access via Invoke-WebRequest: ce7dc4db-a8cb-47ed-a421-83a85bc15bbb
[2026-05-09T20:03:28+09:00] fetched detail via Invoke-WebRequest: 803dada2-a049-4e20-ab4b-93041cb08798
[2026-05-09T20:03:30+09:00] fetched detail access via Invoke-WebRequest: 803dada2-a049-4e20-ab4b-93041cb08798
[2026-05-09T20:03:31+09:00] fetched detail via Invoke-WebRequest: 5ae5d45f-aa06-45a4-9dd9-2228713d6aa9
[2026-05-09T20:03:32+09:00] fetched detail access via Invoke-WebRequest: 5ae5d45f-aa06-45a4-9dd9-2228713d6aa9
[2026-05-09T20:03:34+09:00] fetched detail via Invoke-WebRequest: 27dede5a-0ae7-424e-be30-9da2e57eddd9
[2026-05-09T20:03:35+09:00] fetched detail access via Invoke-WebRequest: 27dede5a-0ae7-424e-be30-9da2e57eddd9
[2026-05-09T20:03:37+09:00] fetched detail via Invoke-WebRequest: 1ad45cd0-ecf9-4df1-bd9d-09b3c489db4c
[2026-05-09T20:03:38+09:00] fetched detail access via Invoke-WebRequest: 1ad45cd0-ecf9-4df1-bd9d-09b3c489db4c
[2026-05-09T20:03:39+09:00] fetched detail via Invoke-WebRequest: c89f5978-f252-42f8-beb6-d6c0408f6e5c
[2026-05-09T20:03:41+09:00] fetched detail access via Invoke-WebRequest: c89f5978-f252-42f8-beb6-d6c0408f6e5c
[2026-05-09T20:03:42+09:00] fetched detail via Invoke-WebRequest: 71d090f5-1880-467d-8ae3-72832f8257a7
[2026-05-09T20:03:43+09:00] fetched detail access via Invoke-WebRequest: 71d090f5-1880-467d-8ae3-72832f8257a7
[2026-05-09T20:03:45+09:00] fetched detail via Invoke-WebRequest: 7153a443-0f6d-49f3-a3f9-7778a668f4b6
[2026-05-09T20:03:47+09:00] fetched detail access via Invoke-WebRequest: 7153a443-0f6d-49f3-a3f9-7778a668f4b6
[2026-05-09T20:03:48+09:00] fetched detail via Invoke-WebRequest: f91f6cac-5e1d-4081-9288-75059b67af2d
[2026-05-09T20:03:49+09:00] fetched detail access via Invoke-WebRequest: f91f6cac-5e1d-4081-9288-75059b67af2d
[2026-05-09T20:03:51+09:00] fetched detail via Invoke-WebRequest: 57a2ae8b-cfbd-4e5d-9486-28938f5095d2
[2026-05-09T20:03:52+09:00] fetched detail access via Invoke-WebRequest: 57a2ae8b-cfbd-4e5d-9486-28938f5095d2
[2026-05-09T20:03:53+09:00] fetched detail via Invoke-WebRequest: d46ee369-7665-43bc-b07d-e7623071b651
[2026-05-09T20:03:55+09:00] fetched detail access via Invoke-WebRequest: d46ee369-7665-43bc-b07d-e7623071b651
[2026-05-09T20:03:56+09:00] fetched detail via Invoke-WebRequest: af94a32d-2e84-498d-bc75-b5932bed8368
[2026-05-09T20:03:58+09:00] fetched detail access via Invoke-WebRequest: af94a32d-2e84-498d-bc75-b5932bed8368
[2026-05-09T20:03:59+09:00] fetched detail via Invoke-WebRequest: aed07205-ff17-4989-a706-632b55febafd
[2026-05-09T20:04:01+09:00] fetched detail access via Invoke-WebRequest: aed07205-ff17-4989-a706-632b55febafd
[2026-05-09T20:04:02+09:00] fetched detail via Invoke-WebRequest: 88142ebe-20c1-4631-93eb-51eaa574f552
[2026-05-09T20:04:04+09:00] fetched detail access via Invoke-WebRequest: 88142ebe-20c1-4631-93eb-51eaa574f552
[2026-05-09T20:04:05+09:00] fetched detail via Invoke-WebRequest: 9216f5cb-4f2b-4698-8ac9-49742802477b
[2026-05-09T20:04:06+09:00] fetched detail access via Invoke-WebRequest: 9216f5cb-4f2b-4698-8ac9-49742802477b
[2026-05-09T20:04:08+09:00] fetched detail via Invoke-WebRequest: d977fdf0-032f-4e05-9a6b-d8ab0601eeb9
[2026-05-09T20:04:10+09:00] fetched detail access via Invoke-WebRequest: d977fdf0-032f-4e05-9a6b-d8ab0601eeb9
[2026-05-09T20:04:11+09:00] fetched detail via Invoke-WebRequest: fd5cf4cf-f9e0-41ce-b27e-eaf8049228bc
[2026-05-09T20:04:12+09:00] fetched detail access via Invoke-WebRequest: fd5cf4cf-f9e0-41ce-b27e-eaf8049228bc
[2026-05-09T20:04:14+09:00] fetched detail via Invoke-WebRequest: 97822491-ceca-40cb-8121-bba07a6658a0
[2026-05-09T20:04:15+09:00] fetched detail access via Invoke-WebRequest: 97822491-ceca-40cb-8121-bba07a6658a0
[2026-05-09T20:04:17+09:00] fetched detail via Invoke-WebRequest: 1b150d70-90ae-4cc9-b8d4-7782d0743d15
[2026-05-09T20:04:18+09:00] fetched detail access via Invoke-WebRequest: 1b150d70-90ae-4cc9-b8d4-7782d0743d15
[2026-05-09T20:04:19+09:00] fetched detail via Invoke-WebRequest: a173724c-7c13-447f-9f93-49a1b81f6ccf
[2026-05-09T20:04:21+09:00] fetched detail access via Invoke-WebRequest: a173724c-7c13-447f-9f93-49a1b81f6ccf
[2026-05-09T20:04:22+09:00] fetched detail via Invoke-WebRequest: c4511c7a-c2f0-45d4-96f9-3de18cc5674d
[2026-05-09T20:04:24+09:00] fetched detail access via Invoke-WebRequest: c4511c7a-c2f0-45d4-96f9-3de18cc5674d
[2026-05-09T20:04:25+09:00] fetched detail via Invoke-WebRequest: f6eab40d-df8e-4972-bad0-fe6ca3754342
[2026-05-09T20:04:26+09:00] fetched detail access via Invoke-WebRequest: f6eab40d-df8e-4972-bad0-fe6ca3754342
[2026-05-09T20:04:28+09:00] fetched detail via Invoke-WebRequest: 76b9c695-3f56-47cb-81bf-c8242a592d54
[2026-05-09T20:04:29+09:00] fetched detail access via Invoke-WebRequest: 76b9c695-3f56-47cb-81bf-c8242a592d54
[2026-05-09T20:04:31+09:00] fetched detail via Invoke-WebRequest: 4081946b-c4a1-4812-9287-b89e5ae3f287
[2026-05-09T20:04:32+09:00] fetched detail access via Invoke-WebRequest: 4081946b-c4a1-4812-9287-b89e5ae3f287
[2026-05-09T20:04:35+09:00] fetched detail via Invoke-WebRequest: d0b334b8-c749-4db2-9be8-f5315ca519ed
[2026-05-09T20:04:36+09:00] fetched detail access via Invoke-WebRequest: d0b334b8-c749-4db2-9be8-f5315ca519ed
[2026-05-09T20:04:38+09:00] fetched detail via Invoke-WebRequest: d5aca42b-175d-47c8-9b61-3a88a2937000
[2026-05-09T20:04:39+09:00] fetched detail access via Invoke-WebRequest: d5aca42b-175d-47c8-9b61-3a88a2937000
[2026-05-09T20:04:40+09:00] fetched detail via Invoke-WebRequest: f38b27ae-a3fa-4170-a2f2-8dfb05c4eaee
[2026-05-09T20:04:42+09:00] fetched detail access via Invoke-WebRequest: f38b27ae-a3fa-4170-a2f2-8dfb05c4eaee
[2026-05-09T20:04:44+09:00] fetched detail via Invoke-WebRequest: 9e4e8265-6489-4b7b-af6c-8e561efeee5e
[2026-05-09T20:04:45+09:00] fetched detail access via Invoke-WebRequest: 9e4e8265-6489-4b7b-af6c-8e561efeee5e
[2026-05-09T20:04:47+09:00] fetched detail via Invoke-WebRequest: 02e61d97-a7d6-4ad5-995f-f9505dec275f
[2026-05-09T20:04:48+09:00] fetched detail access via Invoke-WebRequest: 02e61d97-a7d6-4ad5-995f-f9505dec275f
[2026-05-09T20:04:49+09:00] fetched detail via Invoke-WebRequest: 61c63a06-a46e-42d3-b1e8-04e68f3f40a1
[2026-05-09T20:04:51+09:00] fetched detail access via Invoke-WebRequest: 61c63a06-a46e-42d3-b1e8-04e68f3f40a1
[2026-05-09T20:04:52+09:00] fetched detail via Invoke-WebRequest: ccb08afa-db41-4dd3-a592-2cdc45cff6f3
[2026-05-09T20:04:54+09:00] fetched detail access via Invoke-WebRequest: ccb08afa-db41-4dd3-a592-2cdc45cff6f3
[2026-05-09T20:04:55+09:00] fetched detail via Invoke-WebRequest: 66c8753a-c4d0-42ee-8d2b-9156014dbe7c
[2026-05-09T20:04:56+09:00] fetched detail access via Invoke-WebRequest: 66c8753a-c4d0-42ee-8d2b-9156014dbe7c
[2026-05-09T20:04:58+09:00] fetched detail via Invoke-WebRequest: b578176b-8857-482f-8a88-ae6550d8e2e0
[2026-05-09T20:04:59+09:00] fetched detail access via Invoke-WebRequest: b578176b-8857-482f-8a88-ae6550d8e2e0
[2026-05-09T20:05:01+09:00] fetched detail via Invoke-WebRequest: 1554103f-e317-4f08-893f-d32cdcef97b5
[2026-05-09T20:05:02+09:00] fetched detail access via Invoke-WebRequest: 1554103f-e317-4f08-893f-d32cdcef97b5
[2026-05-09T20:05:04+09:00] fetched detail via Invoke-WebRequest: 522c5ac8-127a-49c5-8dc5-1f426c9b45ee
[2026-05-09T20:05:05+09:00] fetched detail access via Invoke-WebRequest: 522c5ac8-127a-49c5-8dc5-1f426c9b45ee
[2026-05-09T20:05:07+09:00] fetched detail via Invoke-WebRequest: 9814be56-c87c-4a4d-873c-8b7b263d1464
[2026-05-09T20:05:08+09:00] fetched detail access via Invoke-WebRequest: 9814be56-c87c-4a4d-873c-8b7b263d1464
[2026-05-09T20:05:10+09:00] fetched detail via Invoke-WebRequest: d9fbc252-dfa7-4cad-a9a9-50decd075ce3
[2026-05-09T20:05:11+09:00] fetched detail access via Invoke-WebRequest: d9fbc252-dfa7-4cad-a9a9-50decd075ce3
[2026-05-09T20:05:13+09:00] fetched detail via Invoke-WebRequest: 8ebd851d-9347-47bc-8b2b-6e8a90320820
[2026-05-09T20:05:14+09:00] fetched detail access via Invoke-WebRequest: 8ebd851d-9347-47bc-8b2b-6e8a90320820
[2026-05-09T20:05:16+09:00] fetched detail via Invoke-WebRequest: 23004e5b-dbef-4151-a6e8-2a5ca1d4813a
[2026-05-09T20:05:17+09:00] fetched detail access via Invoke-WebRequest: 23004e5b-dbef-4151-a6e8-2a5ca1d4813a
[2026-05-09T20:05:19+09:00] fetched detail via Invoke-WebRequest: f19feec3-faa7-4da0-a9d7-8c765a44799c
[2026-05-09T20:05:20+09:00] fetched detail access via Invoke-WebRequest: f19feec3-faa7-4da0-a9d7-8c765a44799c
[2026-05-09T20:05:22+09:00] fetched detail via Invoke-WebRequest: 00fc6901-9b5f-4c97-91df-fb9dedda2a3d
[2026-05-09T20:05:23+09:00] fetched detail access via Invoke-WebRequest: 00fc6901-9b5f-4c97-91df-fb9dedda2a3d
[2026-05-09T20:05:25+09:00] fetched detail via Invoke-WebRequest: 8c9b1810-5acd-44a8-a088-58da2dd0a6fa
[2026-05-09T20:05:26+09:00] fetched detail access via Invoke-WebRequest: 8c9b1810-5acd-44a8-a088-58da2dd0a6fa
[2026-05-09T20:05:28+09:00] fetched detail via Invoke-WebRequest: a8a56ae9-9932-43e6-afc4-de52b15c7a22
[2026-05-09T20:05:29+09:00] fetched detail access via Invoke-WebRequest: a8a56ae9-9932-43e6-afc4-de52b15c7a22
[2026-05-09T20:05:31+09:00] fetched detail via Invoke-WebRequest: 790a615a-5489-4d97-b24e-5d0a9bcc6d5f
[2026-05-09T20:05:32+09:00] fetched detail access via Invoke-WebRequest: 790a615a-5489-4d97-b24e-5d0a9bcc6d5f
[2026-05-09T20:05:33+09:00] fetched detail via Invoke-WebRequest: 99df8b08-9b71-428b-a3b9-56ab3d5cb82d
[2026-05-09T20:05:35+09:00] fetched detail access via Invoke-WebRequest: 99df8b08-9b71-428b-a3b9-56ab3d5cb82d
[2026-05-09T20:05:37+09:00] fetched detail via Invoke-WebRequest: 842fec4c-c57f-45aa-8b1a-e43f50786472
[2026-05-09T20:05:38+09:00] fetched detail access via Invoke-WebRequest: 842fec4c-c57f-45aa-8b1a-e43f50786472
[2026-05-09T20:05:40+09:00] fetched detail via Invoke-WebRequest: d9a7634a-37b6-4650-a8c0-3b8036af7930
[2026-05-09T20:05:41+09:00] fetched detail access via Invoke-WebRequest: d9a7634a-37b6-4650-a8c0-3b8036af7930
[2026-05-09T20:05:42+09:00] fetched detail via Invoke-WebRequest: b86c8a2a-8e76-44b1-84a0-7c43a5ce1421
[2026-05-09T20:05:44+09:00] fetched detail access via Invoke-WebRequest: b86c8a2a-8e76-44b1-84a0-7c43a5ce1421
[2026-05-09T20:05:45+09:00] fetched detail via Invoke-WebRequest: b89b31b9-56f2-4a6b-a19e-805df744c418
[2026-05-09T20:05:47+09:00] fetched detail access via Invoke-WebRequest: b89b31b9-56f2-4a6b-a19e-805df744c418
[2026-05-09T20:05:48+09:00] fetched detail via Invoke-WebRequest: 1cf2ec56-5a6a-4a8c-920e-88cf1df6e386
[2026-05-09T20:05:49+09:00] fetched detail access via Invoke-WebRequest: 1cf2ec56-5a6a-4a8c-920e-88cf1df6e386
[2026-05-09T20:05:51+09:00] fetched detail via Invoke-WebRequest: 669d5cf8-aabd-4b9c-9137-7702ec754148
[2026-05-09T20:05:52+09:00] fetched detail access via Invoke-WebRequest: 669d5cf8-aabd-4b9c-9137-7702ec754148
[2026-05-09T20:05:54+09:00] fetched detail via Invoke-WebRequest: 7cb57d74-cded-407f-86b7-7776ab8a1609
[2026-05-09T20:05:55+09:00] fetched detail access via Invoke-WebRequest: 7cb57d74-cded-407f-86b7-7776ab8a1609
[2026-05-09T20:05:57+09:00] fetched detail via Invoke-WebRequest: 2e697355-ff1b-4038-a5e7-b8f4cb92312e
[2026-05-09T20:05:58+09:00] fetched detail access via Invoke-WebRequest: 2e697355-ff1b-4038-a5e7-b8f4cb92312e
[2026-05-09T20:05:59+09:00] fetched detail via Invoke-WebRequest: 7f8c3a7d-483c-431a-bba9-822dc85636af
[2026-05-09T20:06:01+09:00] fetched detail access via Invoke-WebRequest: 7f8c3a7d-483c-431a-bba9-822dc85636af
[2026-05-09T20:06:03+09:00] fetched detail via Invoke-WebRequest: 096a763d-8798-40a8-ab84-e8d7c1bc994c
[2026-05-09T20:06:04+09:00] fetched detail access via Invoke-WebRequest: 096a763d-8798-40a8-ab84-e8d7c1bc994c
[2026-05-09T20:06:05+09:00] fetched detail via Invoke-WebRequest: dc561512-1714-45cc-b482-5a807758ff31
[2026-05-09T20:06:07+09:00] fetched detail access via Invoke-WebRequest: dc561512-1714-45cc-b482-5a807758ff31
[2026-05-09T20:06:08+09:00] fetched detail via Invoke-WebRequest: e8570beb-b9b8-484e-acaa-889bed32ea16
[2026-05-09T20:06:10+09:00] fetched detail access via Invoke-WebRequest: e8570beb-b9b8-484e-acaa-889bed32ea16
[2026-05-09T20:06:11+09:00] fetched detail via Invoke-WebRequest: e99bbf5f-7cbe-4fd5-89e0-c64fc05f9669
[2026-05-09T20:06:13+09:00] fetched detail access via Invoke-WebRequest: e99bbf5f-7cbe-4fd5-89e0-c64fc05f9669
[2026-05-09T20:06:15+09:00] fetched detail via Invoke-WebRequest: eed5c133-97f1-415e-9dcc-c625d8d0d146
[2026-05-09T20:06:17+09:00] fetched detail access via Invoke-WebRequest: eed5c133-97f1-415e-9dcc-c625d8d0d146
[2026-05-09T20:06:18+09:00] fetched detail via Invoke-WebRequest: dcc272e9-3a4a-44c1-821c-d75610b5acd3
[2026-05-09T20:06:19+09:00] fetched detail access via Invoke-WebRequest: dcc272e9-3a4a-44c1-821c-d75610b5acd3
[2026-05-09T20:06:21+09:00] fetched detail via Invoke-WebRequest: 872ee46a-eb00-40a8-be97-216d2faf404f
[2026-05-09T20:06:22+09:00] fetched detail access via Invoke-WebRequest: 872ee46a-eb00-40a8-be97-216d2faf404f
[2026-05-09T20:06:23+09:00] fetched detail via Invoke-WebRequest: 424cc4da-0335-4192-a2e8-ec617478e74a
[2026-05-09T20:06:25+09:00] fetched detail access via Invoke-WebRequest: 424cc4da-0335-4192-a2e8-ec617478e74a
[2026-05-09T20:06:26+09:00] fetched detail via Invoke-WebRequest: a6e1dbe2-a4fc-4a8d-8d71-448a394d3b76
[2026-05-09T20:06:28+09:00] fetched detail access via Invoke-WebRequest: a6e1dbe2-a4fc-4a8d-8d71-448a394d3b76
[2026-05-09T20:06:29+09:00] fetched detail via Invoke-WebRequest: 84686db8-9090-46fd-bbd6-eb378bf69de9
[2026-05-09T20:06:30+09:00] fetched detail access via Invoke-WebRequest: 84686db8-9090-46fd-bbd6-eb378bf69de9
[2026-05-09T20:06:32+09:00] fetched detail via Invoke-WebRequest: c5e16cec-6658-4253-9c73-ed0819587924
[2026-05-09T20:06:33+09:00] fetched detail access via Invoke-WebRequest: c5e16cec-6658-4253-9c73-ed0819587924
[2026-05-09T20:06:35+09:00] fetched detail via Invoke-WebRequest: e3747816-52c9-4e25-b535-62b2bc346216
[2026-05-09T20:06:36+09:00] fetched detail access via Invoke-WebRequest: e3747816-52c9-4e25-b535-62b2bc346216
[2026-05-09T20:06:38+09:00] fetched detail via Invoke-WebRequest: 0a4c3245-3b2c-48ec-adac-d08a61c94c2a
[2026-05-09T20:06:39+09:00] fetched detail access via Invoke-WebRequest: 0a4c3245-3b2c-48ec-adac-d08a61c94c2a
[2026-05-09T20:06:41+09:00] fetched detail via Invoke-WebRequest: 853eb224-1021-43c8-8057-3535190b3f01
[2026-05-09T20:06:42+09:00] fetched detail access via Invoke-WebRequest: 853eb224-1021-43c8-8057-3535190b3f01
[2026-05-09T20:06:43+09:00] fetched detail via Invoke-WebRequest: d017d3a7-866f-4be6-b662-52e1d0fb7b8a
[2026-05-09T20:06:45+09:00] fetched detail access via Invoke-WebRequest: d017d3a7-866f-4be6-b662-52e1d0fb7b8a
[2026-05-09T20:06:46+09:00] fetched detail via Invoke-WebRequest: 35ffb4d2-1afc-4f5a-a0d9-ba4c0dab497e
[2026-05-09T20:06:48+09:00] fetched detail access via Invoke-WebRequest: 35ffb4d2-1afc-4f5a-a0d9-ba4c0dab497e
[2026-05-09T20:06:49+09:00] fetched detail via Invoke-WebRequest: 543f48cc-c5f8-461e-a0bd-a26681452df0
[2026-05-09T20:06:51+09:00] fetched detail access via Invoke-WebRequest: 543f48cc-c5f8-461e-a0bd-a26681452df0
[2026-05-09T20:06:53+09:00] fetched detail via Invoke-WebRequest: d459a15d-fe88-4ebd-934b-f2bc988ec71f
[2026-05-09T20:06:55+09:00] fetched detail access via Invoke-WebRequest: d459a15d-fe88-4ebd-934b-f2bc988ec71f
[2026-05-09T20:06:56+09:00] fetched detail via Invoke-WebRequest: ba05d933-897c-407b-83cb-b2e174c74a97
[2026-05-09T20:06:58+09:00] fetched detail access via Invoke-WebRequest: ba05d933-897c-407b-83cb-b2e174c74a97
[2026-05-09T20:06:59+09:00] fetched detail via Invoke-WebRequest: 4a790537-1772-42da-8289-ddf81ce08716
[2026-05-09T20:07:01+09:00] fetched detail access via Invoke-WebRequest: 4a790537-1772-42da-8289-ddf81ce08716
[2026-05-09T20:07:03+09:00] fetched detail via Invoke-WebRequest: 62736dae-4bf3-4499-a661-1d9dd7de9382
[2026-05-09T20:07:04+09:00] fetched detail access via Invoke-WebRequest: 62736dae-4bf3-4499-a661-1d9dd7de9382
[2026-05-09T20:07:05+09:00] fetched detail via Invoke-WebRequest: 2161f65c-20fd-4be5-b896-f37bcf1fdb40
[2026-05-09T20:07:07+09:00] fetched detail access via Invoke-WebRequest: 2161f65c-20fd-4be5-b896-f37bcf1fdb40
[2026-05-09T20:07:08+09:00] fetched detail via Invoke-WebRequest: 9afd18df-fa4c-41ac-9506-000eeff652f9
[2026-05-09T20:07:10+09:00] fetched detail access via Invoke-WebRequest: 9afd18df-fa4c-41ac-9506-000eeff652f9
[2026-05-09T20:07:11+09:00] fetched detail via Invoke-WebRequest: 381ed47c-1cad-4e17-bb00-a47a2b284dc1
[2026-05-09T20:07:13+09:00] fetched detail access via Invoke-WebRequest: 381ed47c-1cad-4e17-bb00-a47a2b284dc1
[2026-05-09T20:07:14+09:00] fetched detail via Invoke-WebRequest: 8c1d07c9-9d50-456f-8f60-c42b08e707f4
[2026-05-09T20:07:15+09:00] fetched detail access via Invoke-WebRequest: 8c1d07c9-9d50-456f-8f60-c42b08e707f4
[2026-05-09T20:07:17+09:00] fetched detail via Invoke-WebRequest: 8b8e47f0-4660-416a-ab77-e8fac68736db
[2026-05-09T20:07:18+09:00] fetched detail access via Invoke-WebRequest: 8b8e47f0-4660-416a-ab77-e8fac68736db
[2026-05-09T20:07:20+09:00] fetched detail via Invoke-WebRequest: e4623790-43e2-4d47-adf6-3c5574814bbf
[2026-05-09T20:07:21+09:00] fetched detail access via Invoke-WebRequest: e4623790-43e2-4d47-adf6-3c5574814bbf
[2026-05-09T20:07:23+09:00] fetched detail via Invoke-WebRequest: 358a25a7-d825-4e76-83cc-2dff0a1ba078
[2026-05-09T20:07:24+09:00] fetched detail access via Invoke-WebRequest: 358a25a7-d825-4e76-83cc-2dff0a1ba078
[2026-05-09T20:07:25+09:00] fetched detail via Invoke-WebRequest: a52bfe56-42fa-4ff6-a418-04c8fb2dcb3a
[2026-05-09T20:07:27+09:00] fetched detail access via Invoke-WebRequest: a52bfe56-42fa-4ff6-a418-04c8fb2dcb3a
[2026-05-09T20:07:29+09:00] fetched detail via Invoke-WebRequest: c331cc60-b9e6-46a0-b9bf-b2c305898e09
[2026-05-09T20:07:30+09:00] fetched detail access via Invoke-WebRequest: c331cc60-b9e6-46a0-b9bf-b2c305898e09
[2026-05-09T20:07:31+09:00] fetched detail via Invoke-WebRequest: 46cdc562-3247-47fa-8088-3f21e6204723
[2026-05-09T20:07:33+09:00] fetched detail access via Invoke-WebRequest: 46cdc562-3247-47fa-8088-3f21e6204723
[2026-05-09T20:07:34+09:00] fetched detail via Invoke-WebRequest: abb9cdfb-f8f5-4a41-9170-5afe399b61c2
[2026-05-09T20:07:36+09:00] fetched detail access via Invoke-WebRequest: abb9cdfb-f8f5-4a41-9170-5afe399b61c2
[2026-05-09T20:07:37+09:00] fetched detail via Invoke-WebRequest: cf3eb5d4-bc89-462f-a50d-4371f834eab0
[2026-05-09T20:07:39+09:00] fetched detail access via Invoke-WebRequest: cf3eb5d4-bc89-462f-a50d-4371f834eab0
[2026-05-09T20:07:40+09:00] fetched detail via Invoke-WebRequest: 9af4dcb9-af7d-47b2-b241-c45dd582b945
[2026-05-09T20:07:41+09:00] fetched detail access via Invoke-WebRequest: 9af4dcb9-af7d-47b2-b241-c45dd582b945
[2026-05-09T20:07:43+09:00] fetched detail via Invoke-WebRequest: 36cba17f-221f-48e5-b6a8-341ddd0b0160
[2026-05-09T20:07:44+09:00] fetched detail access via Invoke-WebRequest: 36cba17f-221f-48e5-b6a8-341ddd0b0160
[2026-05-09T20:07:46+09:00] fetched detail via Invoke-WebRequest: ce3df577-17b4-417f-8473-0da6d26b8038
[2026-05-09T20:07:47+09:00] fetched detail access via Invoke-WebRequest: ce3df577-17b4-417f-8473-0da6d26b8038
[2026-05-09T20:07:49+09:00] fetched detail via Invoke-WebRequest: 85a09d90-e1da-4dc1-b429-78b28d11f7f3
[2026-05-09T20:07:50+09:00] fetched detail access via Invoke-WebRequest: 85a09d90-e1da-4dc1-b429-78b28d11f7f3
[2026-05-09T20:07:51+09:00] fetched detail via Invoke-WebRequest: 47f1ecc8-1202-4c3b-80fd-9e86d5698e1b
[2026-05-09T20:07:53+09:00] fetched detail access via Invoke-WebRequest: 47f1ecc8-1202-4c3b-80fd-9e86d5698e1b
[2026-05-09T20:07:54+09:00] fetched detail via Invoke-WebRequest: 9f1acfca-fed2-4119-9195-ce7a3b7d32a8
[2026-05-09T20:07:56+09:00] fetched detail access via Invoke-WebRequest: 9f1acfca-fed2-4119-9195-ce7a3b7d32a8
[2026-05-09T20:07:57+09:00] fetched detail via Invoke-WebRequest: 3e5f27b7-ad68-4592-ae5c-9778c30efce5
[2026-05-09T20:07:59+09:00] fetched detail access via Invoke-WebRequest: 3e5f27b7-ad68-4592-ae5c-9778c30efce5
[2026-05-09T20:08:00+09:00] fetched detail via Invoke-WebRequest: a6a58bc4-6340-427a-98b6-c07ad7b09879
[2026-05-09T20:08:02+09:00] fetched detail access via Invoke-WebRequest: a6a58bc4-6340-427a-98b6-c07ad7b09879
[2026-05-09T20:08:03+09:00] fetched detail via Invoke-WebRequest: 47ab7599-000c-4f7c-902b-6e7810838768
[2026-05-09T20:08:04+09:00] fetched detail access via Invoke-WebRequest: 47ab7599-000c-4f7c-902b-6e7810838768
[2026-05-09T20:08:06+09:00] fetched detail via Invoke-WebRequest: be3a0bf4-05f7-4389-8636-7b0d68dc8cad
[2026-05-09T20:08:07+09:00] fetched detail access via Invoke-WebRequest: be3a0bf4-05f7-4389-8636-7b0d68dc8cad
[2026-05-09T20:08:09+09:00] fetched detail via Invoke-WebRequest: 51e93eb9-7acf-4125-ba58-7d5eb00bd672
[2026-05-09T20:08:10+09:00] fetched detail access via Invoke-WebRequest: 51e93eb9-7acf-4125-ba58-7d5eb00bd672
[2026-05-09T20:08:11+09:00] fetched detail via Invoke-WebRequest: 9d5b1c24-b54c-4285-9bbc-c28ddb6d6ec0
[2026-05-09T20:08:13+09:00] fetched detail access via Invoke-WebRequest: 9d5b1c24-b54c-4285-9bbc-c28ddb6d6ec0
[2026-05-09T20:08:15+09:00] fetched detail via Invoke-WebRequest: 55023fa5-bcb1-4b99-abb5-27fd2891a1d9
[2026-05-09T20:08:16+09:00] fetched detail access via Invoke-WebRequest: 55023fa5-bcb1-4b99-abb5-27fd2891a1d9
[2026-05-09T20:08:18+09:00] fetched detail via Invoke-WebRequest: 828a4373-9985-4a91-825b-8d745c72ece8
[2026-05-09T20:08:19+09:00] fetched detail access via Invoke-WebRequest: 828a4373-9985-4a91-825b-8d745c72ece8
[2026-05-09T20:08:21+09:00] fetched detail via Invoke-WebRequest: 89a8abfa-450d-4d2f-950d-05acce408265
[2026-05-09T20:08:23+09:00] fetched detail access via Invoke-WebRequest: 89a8abfa-450d-4d2f-950d-05acce408265
[2026-05-09T20:08:24+09:00] fetched detail via Invoke-WebRequest: a384d5b1-3653-4326-ab15-7fb08a2bf747
[2026-05-09T20:08:26+09:00] fetched detail access via Invoke-WebRequest: a384d5b1-3653-4326-ab15-7fb08a2bf747
[2026-05-09T20:08:27+09:00] fetched detail via Invoke-WebRequest: f97219ff-bb15-4087-b5ac-1f77452029e7
[2026-05-09T20:08:29+09:00] fetched detail access via Invoke-WebRequest: f97219ff-bb15-4087-b5ac-1f77452029e7
[2026-05-09T20:08:30+09:00] fetched detail via Invoke-WebRequest: 91c859db-2046-49d9-9391-a69c66f8bcc5
[2026-05-09T20:08:32+09:00] fetched detail access via Invoke-WebRequest: 91c859db-2046-49d9-9391-a69c66f8bcc5
[2026-05-09T20:08:33+09:00] fetched detail via Invoke-WebRequest: 63991ebb-03c0-4f6d-ac2d-c568f36a7322
[2026-05-09T20:08:35+09:00] fetched detail access via Invoke-WebRequest: 63991ebb-03c0-4f6d-ac2d-c568f36a7322
[2026-05-09T20:08:36+09:00] fetched detail via Invoke-WebRequest: 323dbe31-f05f-4f93-a46f-aed0862ddba4
[2026-05-09T20:08:38+09:00] fetched detail access via Invoke-WebRequest: 323dbe31-f05f-4f93-a46f-aed0862ddba4
[2026-05-09T20:08:39+09:00] fetched detail via Invoke-WebRequest: 9a26ba51-24f3-46b6-8eab-12a53b2409aa
[2026-05-09T20:08:41+09:00] fetched detail access via Invoke-WebRequest: 9a26ba51-24f3-46b6-8eab-12a53b2409aa
[2026-05-09T20:08:42+09:00] fetched detail via Invoke-WebRequest: 3fd4f344-e34d-4058-8109-3beafa5a5d7d
[2026-05-09T20:08:44+09:00] fetched detail access via Invoke-WebRequest: 3fd4f344-e34d-4058-8109-3beafa5a5d7d
[2026-05-09T20:08:46+09:00] fetched detail via Invoke-WebRequest: 838dda3f-18e6-44fa-8ef5-84b7728e0a52
[2026-05-09T20:08:47+09:00] fetched detail access via Invoke-WebRequest: 838dda3f-18e6-44fa-8ef5-84b7728e0a52
[2026-05-09T20:08:49+09:00] fetched detail via Invoke-WebRequest: c46a9cd9-cebd-4e78-97f6-68f0e7a62581
[2026-05-09T20:08:51+09:00] fetched detail access via Invoke-WebRequest: c46a9cd9-cebd-4e78-97f6-68f0e7a62581
[2026-05-09T20:08:53+09:00] fetched detail via Invoke-WebRequest: 1af66f13-f1a1-465f-84e5-d67610ca5c11
[2026-05-09T20:08:55+09:00] fetched detail access via Invoke-WebRequest: 1af66f13-f1a1-465f-84e5-d67610ca5c11
[2026-05-09T20:08:56+09:00] fetched detail via Invoke-WebRequest: 5a04497b-361e-43e0-bb34-3020f058089d
[2026-05-09T20:08:58+09:00] fetched detail access via Invoke-WebRequest: 5a04497b-361e-43e0-bb34-3020f058089d
[2026-05-09T20:09:00+09:00] fetched detail via Invoke-WebRequest: b63c55b5-e331-428d-8eac-8f0943acd6d7
[2026-05-09T20:09:02+09:00] fetched detail access via Invoke-WebRequest: b63c55b5-e331-428d-8eac-8f0943acd6d7
[2026-05-09T20:09:04+09:00] fetched detail via Invoke-WebRequest: 943e8efc-0a2a-4e37-9adb-a66352b55f38
[2026-05-09T20:09:06+09:00] fetched detail access via Invoke-WebRequest: 943e8efc-0a2a-4e37-9adb-a66352b55f38
[2026-05-09T20:09:07+09:00] fetched detail via Invoke-WebRequest: b68c622e-f6e8-4102-9639-12fea22dea09
[2026-05-09T20:09:09+09:00] fetched detail access via Invoke-WebRequest: b68c622e-f6e8-4102-9639-12fea22dea09
[2026-05-09T20:09:11+09:00] fetched detail via Invoke-WebRequest: b05cc07d-79d2-4eeb-ba03-b3a3c43fbd29
[2026-05-09T20:09:13+09:00] fetched detail access via Invoke-WebRequest: b05cc07d-79d2-4eeb-ba03-b3a3c43fbd29
[2026-05-09T20:09:15+09:00] fetched detail via Invoke-WebRequest: 97844346-b40d-4f5b-95bd-071a7be5286b
[2026-05-09T20:09:17+09:00] fetched detail access via Invoke-WebRequest: 97844346-b40d-4f5b-95bd-071a7be5286b
[2026-05-09T20:09:19+09:00] fetched detail via Invoke-WebRequest: 5f68d072-dc50-49f2-b268-562f20de6864
[2026-05-09T20:09:21+09:00] fetched detail access via Invoke-WebRequest: 5f68d072-dc50-49f2-b268-562f20de6864
[2026-05-09T20:09:23+09:00] fetched detail via Invoke-WebRequest: 9deb6636-48fe-443c-b172-7f49567e9d0b
[2026-05-09T20:09:25+09:00] fetched detail access via Invoke-WebRequest: 9deb6636-48fe-443c-b172-7f49567e9d0b
[2026-05-09T20:09:26+09:00] fetched detail via Invoke-WebRequest: 531be8f1-d713-41c3-9d67-d0ca8a084101
[2026-05-09T20:09:28+09:00] fetched detail access via Invoke-WebRequest: 531be8f1-d713-41c3-9d67-d0ca8a084101
[2026-05-09T20:09:30+09:00] fetched detail via Invoke-WebRequest: d55cfce1-64ba-4cc2-8f9a-8c78a409168c
[2026-05-09T20:09:32+09:00] fetched detail access via Invoke-WebRequest: d55cfce1-64ba-4cc2-8f9a-8c78a409168c
[2026-05-09T20:09:33+09:00] fetched detail via Invoke-WebRequest: fbc6c411-1f72-45c7-b99f-1e468d7cb970
[2026-05-09T20:09:35+09:00] fetched detail access via Invoke-WebRequest: fbc6c411-1f72-45c7-b99f-1e468d7cb970
[2026-05-09T20:09:37+09:00] fetched detail via Invoke-WebRequest: a365d50b-3fe3-450e-bdbc-2c2a64273a86
[2026-05-09T20:09:39+09:00] fetched detail access via Invoke-WebRequest: a365d50b-3fe3-450e-bdbc-2c2a64273a86
[2026-05-09T20:09:41+09:00] fetched detail via Invoke-WebRequest: 8874720a-0182-4bca-b2f8-c2a64160a954
[2026-05-09T20:09:42+09:00] fetched detail access via Invoke-WebRequest: 8874720a-0182-4bca-b2f8-c2a64160a954
[2026-05-09T20:09:44+09:00] fetched detail via Invoke-WebRequest: 9d101510-db29-42c1-9fdf-78b5cd5917e6
[2026-05-09T20:09:45+09:00] fetched detail access via Invoke-WebRequest: 9d101510-db29-42c1-9fdf-78b5cd5917e6
[2026-05-09T20:09:47+09:00] fetched detail via Invoke-WebRequest: 1b0d7656-91a8-4342-ac3c-1ff10e88ddd1
[2026-05-09T20:09:48+09:00] fetched detail access via Invoke-WebRequest: 1b0d7656-91a8-4342-ac3c-1ff10e88ddd1
[2026-05-09T20:09:50+09:00] fetched detail via Invoke-WebRequest: d76a61e1-dd31-4f00-8d6d-d7640ce4caa7
[2026-05-09T20:09:51+09:00] fetched detail access via Invoke-WebRequest: d76a61e1-dd31-4f00-8d6d-d7640ce4caa7
[2026-05-09T20:09:53+09:00] fetched detail via Invoke-WebRequest: bf8387b5-e990-4e4a-a305-bd9f53f74368
[2026-05-09T20:09:55+09:00] fetched detail access via Invoke-WebRequest: bf8387b5-e990-4e4a-a305-bd9f53f74368
[2026-05-09T20:09:56+09:00] fetched detail via Invoke-WebRequest: 45a9c0b3-ebf2-4538-a252-01962aabb4db
[2026-05-09T20:09:58+09:00] fetched detail access via Invoke-WebRequest: 45a9c0b3-ebf2-4538-a252-01962aabb4db
[2026-05-09T20:09:59+09:00] fetched detail via Invoke-WebRequest: 77ef631e-bcf8-4965-a29f-2ce3f16fa6cb
[2026-05-09T20:10:01+09:00] fetched detail access via Invoke-WebRequest: 77ef631e-bcf8-4965-a29f-2ce3f16fa6cb
[2026-05-09T20:10:02+09:00] fetched detail via Invoke-WebRequest: 47228c1d-e2f5-42bd-8bd5-fc32d0afb3f5
[2026-05-09T20:10:04+09:00] fetched detail access via Invoke-WebRequest: 47228c1d-e2f5-42bd-8bd5-fc32d0afb3f5
[2026-05-09T20:10:05+09:00] fetched detail via Invoke-WebRequest: 17f4c453-7290-4748-8ce8-fa6cbe2b95cd
[2026-05-09T20:10:07+09:00] fetched detail access via Invoke-WebRequest: 17f4c453-7290-4748-8ce8-fa6cbe2b95cd
[2026-05-09T20:10:09+09:00] fetched detail via Invoke-WebRequest: 3a9d5287-9c55-419d-ba20-ee186612148a
[2026-05-09T20:10:10+09:00] fetched detail access via Invoke-WebRequest: 3a9d5287-9c55-419d-ba20-ee186612148a
[2026-05-09T20:10:12+09:00] fetched detail via Invoke-WebRequest: 8deeedf5-7b9e-479f-b972-16ba90c7ffac
[2026-05-09T20:10:13+09:00] fetched detail access via Invoke-WebRequest: 8deeedf5-7b9e-479f-b972-16ba90c7ffac
[2026-05-09T20:10:15+09:00] fetched detail via Invoke-WebRequest: 8031c371-9ce1-4226-9823-5e862d35f5bb
[2026-05-09T20:10:16+09:00] fetched detail access via Invoke-WebRequest: 8031c371-9ce1-4226-9823-5e862d35f5bb
[2026-05-09T20:10:18+09:00] fetched detail via Invoke-WebRequest: d4e18d3c-eff9-4415-b3e3-ba3da1f5b331
[2026-05-09T20:10:19+09:00] fetched detail access via Invoke-WebRequest: d4e18d3c-eff9-4415-b3e3-ba3da1f5b331
[2026-05-09T20:10:21+09:00] fetched detail via Invoke-WebRequest: fb623400-a345-48ee-ac5f-83bfb58a499d
[2026-05-09T20:10:22+09:00] fetched detail access via Invoke-WebRequest: fb623400-a345-48ee-ac5f-83bfb58a499d
[2026-05-09T20:10:24+09:00] fetched detail via Invoke-WebRequest: b4c548de-af7f-4557-adcc-913f0012279e
[2026-05-09T20:10:25+09:00] fetched detail access via Invoke-WebRequest: b4c548de-af7f-4557-adcc-913f0012279e
[2026-05-09T20:10:27+09:00] fetched detail via Invoke-WebRequest: e2948be9-fa08-46e2-88c4-63baeb066940
[2026-05-09T20:10:28+09:00] fetched detail access via Invoke-WebRequest: e2948be9-fa08-46e2-88c4-63baeb066940
[2026-05-09T20:10:30+09:00] fetched detail via Invoke-WebRequest: cc9482d8-e3aa-424a-971b-212cf7e79146
[2026-05-09T20:10:31+09:00] fetched detail access via Invoke-WebRequest: cc9482d8-e3aa-424a-971b-212cf7e79146
[2026-05-09T20:10:33+09:00] fetched detail via Invoke-WebRequest: a5791489-0a26-4d23-a7d2-e98ba6ffbe90
[2026-05-09T20:10:35+09:00] fetched detail access via Invoke-WebRequest: a5791489-0a26-4d23-a7d2-e98ba6ffbe90
[2026-05-09T20:10:36+09:00] fetched detail via Invoke-WebRequest: cac260b4-4d7c-48c8-b47a-28cde5f76109
[2026-05-09T20:10:38+09:00] fetched detail access via Invoke-WebRequest: cac260b4-4d7c-48c8-b47a-28cde5f76109
[2026-05-09T20:10:39+09:00] fetched detail via Invoke-WebRequest: 0e42bfdb-3362-48ae-9ace-48a7afb64331
[2026-05-09T20:10:41+09:00] fetched detail access via Invoke-WebRequest: 0e42bfdb-3362-48ae-9ace-48a7afb64331
[2026-05-09T20:10:42+09:00] fetched detail via Invoke-WebRequest: 761320f0-7662-4d58-9ea0-76e295cb3716
[2026-05-09T20:10:44+09:00] fetched detail access via Invoke-WebRequest: 761320f0-7662-4d58-9ea0-76e295cb3716
[2026-05-09T20:10:45+09:00] fetched detail via Invoke-WebRequest: d31858a2-a4bf-4dc3-8559-ab1360d018ee
[2026-05-09T20:10:47+09:00] fetched detail access via Invoke-WebRequest: d31858a2-a4bf-4dc3-8559-ab1360d018ee
[2026-05-09T20:10:48+09:00] fetched detail via Invoke-WebRequest: a512b87f-ceda-47ac-a74b-40256b432db8
[2026-05-09T20:10:50+09:00] fetched detail access via Invoke-WebRequest: a512b87f-ceda-47ac-a74b-40256b432db8
[2026-05-09T20:10:51+09:00] fetched detail via Invoke-WebRequest: cffdf0cf-f0b9-4796-b2eb-d960ee62f265
[2026-05-09T20:10:53+09:00] fetched detail access via Invoke-WebRequest: cffdf0cf-f0b9-4796-b2eb-d960ee62f265
[2026-05-09T20:10:54+09:00] fetched detail via Invoke-WebRequest: b7d08333-7e07-4c7a-a6e6-1d19bbb19b81
[2026-05-09T20:10:56+09:00] fetched detail access via Invoke-WebRequest: b7d08333-7e07-4c7a-a6e6-1d19bbb19b81
[2026-05-09T20:10:57+09:00] fetched detail via Invoke-WebRequest: 85ef2637-7c2c-4d71-9a72-ade61a91d17d
[2026-05-09T20:10:59+09:00] fetched detail access via Invoke-WebRequest: 85ef2637-7c2c-4d71-9a72-ade61a91d17d
[2026-05-09T20:10:59+09:00] detail fetch summary: success=897 failure=0
[2026-05-09T20:11:08+09:00] monitor raw output:
{
  "fetchedAt": "2026-05-09T11:11:01.221Z",
  "totalMatchedStores": 839,
  "sourceCount": 18,
  "detailPageCount": 897,
  "detailedStoreCount": 897,
  "added": [
    "縺雁・縺｡繧・ｓ鬟溘∋繧狗ｧ∽ｽ懊ｍ/荳企｣ｯ逕ｰ鬧・,
    "繝√Η繝ｼ繝上え繧ｹ/螟ｧ譖ｽ譬ｹ鬧・,
    "縺ｷ縺ｫ縺ｷ縺ｫ/譁ｰ雎顔伐鬧・,
    "闃ｱ轣ｫ・・蜻ｳ蟯｡鬧・,
    "髻灘嵜鄒主ｧｫ/雎頑ｩ矩ｧ・・闊ｹ逕ｺ鬧・・蜊玲・ｧ・,
    "譛亥ｧｫ/蜊・ｨｮ鬧・,
    "鄒取｡・雎頑ｩ矩ｧ・,
    "鬲泌･ｳ/蜻ｳ蟯｡鬧・,
    "螟懊・逋偵＠螂ｳ逾・蟷ｳ驥晞ｧ・,
    "髑ｫ・医す繝ｳ・・蜷榊商螻矩ｧ・
  ],
  "removed": [
    "Hello.蜈育函/譁ｰ螳亥ｱｱ鬧・,
    "Kiss Me/蜊・ｨｮ鬧・,
    "Peach Love・槭ヴ繝ｼ繝√Λ繝厄ｽ・雎頑ｩ矩ｧ・,
    "繧ｵ繝励Λ繧､繧ｺ/荳企｣ｯ逕ｰ鬧・,
    "繧ゅ℃繧・▲縺ｨKiss/譁ｰ雎顔伐鬧・,
    "讌ｵ讌ｽSPA/鮟貞ｷ晞ｧ・,
    "鄒取｡懶ｼ医∩縺奇ｼ・雎頑ｩ矩ｧ・,
    "鬲・鴨蟾･謌ｿ・医∩繧翫ｇ縺上％縺・⊂縺・ｼ・譁ｰ雎顔伐鬧・,
    "逋偵＠諢幢ｼ医＞繧・＠縺ゅ＞・・蟷ｳ驥晞ｧ・
  ],
  "changed": [
    "謗ｲ霈我ｻｶ謨ｰ陦ｨ遉ｺ: https://www.esthe-ranking.jp/nagoya/asian/=39莉ｶ | https://www.esthe-ranking.jp/sakae/asian/=24莉ｶ | https://www.esthe-ranking.jp/shinsakae/asian/=36莉ｶ | https://www.esthe-ranking.jp/kanayama/asian/=33莉ｶ | https://www.esthe-ranking.jp/kurokawa/asian/=23莉ｶ | https://www.esthe-ranking.jp/hoshigaoka/asian/=28莉ｶ | https://www.esthe-ranking.jp/moriyama/asian/=21莉ｶ | https://www.esthe-ranking.jp/otai/asian/=10莉ｶ | https://www.esthe-ranking.jp/tokaidori/asian/=39莉ｶ | https://www.esthe-ranking.jp/kasadera/asian/=35莉ｶ | https://www.esthe-ranking.jp/toyota/asian/=186莉ｶ | https://www.esthe-ranking.jp/horita/asian/=26莉ｶ | https://www.esthe-ranking.jp/tsurumai/asian/=10莉ｶ | https://www.esthe-ranking.jp/showa/asian/=26莉ｶ | https://www.esthe-ranking.jp/komaki/asian/=91莉ｶ | https://www.esthe-ranking.jp/owari/asian/=121莉ｶ | https://www.esthe-ranking.jp/chita/asian/=85莉ｶ | https://www.esthe-ranking.jp/toyohashi/asian/=63莉ｶ -> https://www.esthe-ranking.jp/nagoya/asian/=40莉ｶ | https://www.esthe-ranking.jp/sakae/asian/=24莉ｶ | https://www.esthe-ranking.jp/shinsakae/asian/=36莉ｶ | https://www.esthe-ranking.jp/kanayama/asian/=33莉ｶ | https://www.esthe-ranking.jp/kurokawa/asian/=23莉ｶ | https://www.esthe-ranking.jp/hoshigaoka/asian/=28莉ｶ | https://www.esthe-ranking.jp/moriyama/asian/=20莉ｶ | https://www.esthe-ranking.jp/otai/asian/=10莉ｶ | https://www.esthe-ranking.jp/tokaidori/asian/=39莉ｶ | https://www.esthe-ranking.jp/kasadera/asian/=35莉ｶ | https://www.esthe-ranking.jp/toyota/asian/=184莉ｶ | https://www.esthe-ranking.jp/horita/asian/=26莉ｶ | https://www.esthe-ranking.jp/tsurumai/asian/=10莉ｶ | https://www.esthe-ranking.jp/showa/asian/=26莉ｶ | https://www.esthe-ranking.jp/komaki/asian/=93莉ｶ | https://www.esthe-ranking.jp/owari/asian/=121莉ｶ | https://www.esthe-ranking.jp/chita/asian/=86莉ｶ | https://www.esthe-ranking.jp/toyohashi/asian/=63莉ｶ",
    "蠎苓・繝ｪ繝ｳ繧ｯ謨ｰ: 896 -> 897",
    "隧ｳ邏ｰ蜿門ｾ嶺ｻｶ謨ｰ: 896 -> 897"
  ],
  "reportPath": "C:\\Users\\tknbo\\Documents\\Codex\\2026-04-28\\new-chat\\esthe_ranking_report.md",
  "snapshotPath": "C:\\Users\\tknbo\\Documents\\Codex\\2026-04-28\\new-chat\\esthe_ranking_snapshot.json"
}

[2026-05-09T20:11:08+09:00] using git: C:\Users\tknbo\AppData\Local\GitHubDesktop\app-3.5.8\resources\app\git\cmd\git.exe
[2026-05-09T20:11:08+09:00] local remote (origin): https://github.com/tknboon/esthe-viewer.git
[2026-05-09T20:18:03+09:00] auto publish target: https://github.com/tknboon/esthe-viewer.git
[2026-05-09T20:18:07+09:00] auto publish finished
[2026-05-09T20:18:07+09:00] scheduled run finished (46m 29s)
