店舗名,最寄駅,住所または座標,緯度,経度,掲載URL,オフィシャルHP,備考,電話,営業
Venus（ヴィーナス）,新豊田駅,"35.022267, 136.988202",35.022267,136.988202,https://www.esthe-ranking.jp/chita/shop-detail/a8a56ae9-9932-43e6-afc4-de52b15c7a22/,https://venus.bdd.jp/,駐車場 駐車場あります。（正面と横にございます）,080-6988-0213,13:00～翌 03:00
Second House（セカンドハウス）,豊田駅,愛知県豊田市下市場町６丁目60−１,,,https://www.esthe-ranking.jp/toyota/shop-detail/0ff4209c-d3de-457a-bc7a-315b2c736358/,https://secondhouse.iest.in/,駐車場あります。,090-6097-3920,24時間営業
美人楽園,豊田市駅,豊田市駅,,,https://www.esthe-ranking.jp/toyota/shop-detail/860f971a-00aa-4a24-8a78-687421be419d/,https://yumemakuraa.navi.mn/,アクセス欄に住所あり,050-6878-0783,12:00～LAST
～豊田来来～おいでん,貝津駅,愛知県豊田市貝津町鉄炮迫27-1,,,https://www.esthe-ranking.jp/toyota/shop-detail/821e3ffa-97d6-4696-b4ad-563dc44e1c77/,https://oiden.eei.jp/,貝津駅徒歩9分,090-4855-0079,13:00～LAST
豊田ラグタイム,末野原駅,"35.040088, 137.135828",35.040088,137.135828,https://www.esthe-ranking.jp/toyota/shop-detail/45493521-bf34-405b-8ca8-7c2ba5b42b7c/,https://toyotarugtime.rrp.jp/,ローソン豊田永覚新町店すぐ近く,080-9721-1460,10:30～翌 02:00(最終受付：翌1:30)
シルク,末野原駅,愛知県豊田市鴛鴨町長根50-1,,,https://www.esthe-ranking.jp/toyota/shop-detail/841ab4be-9d1e-429d-9522-06d48cdc0b9e/,https://shiruku.eeq.jp/,豊田東IC近く 豊田・岡崎248号線の通り道,090-9565-8509,24時間営業
ピンクラブ,上挙母駅,"35.070273, 137.151581",35.070273,137.151581,https://www.esthe-ranking.jp/toyota/shop-detail/75ca238d-04bb-4a35-b976-a6a8d45c7f60/,https://pinklove.eei.jp/,★新人エステシャン多数入替えリニューアル★豊田市・上挙母駅近く【ピンクラブ】です★,070-1634-1112,12:00～翌 03:00
女神のエステ,新豊田駅,愛知県豊田市小坂本町１丁目７−２,,,https://www.esthe-ranking.jp/toyota/shop-detail/5000c952-6070-4fcc-9417-8f8bc38d0b45/,https://beauty-goddess.navi.mn/,アクセス欄に住所あり,080-7064-9207,24時間営業
お兄ちゃん~High Five！,猿投駅,"35.120104, 137.18308",35.120104,137.18308,https://www.esthe-ranking.jp/toyota/shop-detail/f4dc6334-b91d-4386-ad5c-d37129352c2e/,https://oniichan-highfive.eei.jp/,アクセス欄に緯度経度と住所あり,080-3281-6699,12:00～翌 03:00
可愛いね！,土橋駅,愛知県豊田市東新町６丁目１２−５,,,https://www.esthe-ranking.jp/toyota/shop-detail/60263012-65e3-4b6c-8e6e-0135e3244b1c/,https://kawaiine.eei.jp/,店の前に1台、店の後ろに1台、ネギいちラーメンさんの駐車場がつかえます,090-9009-6868,12:00～LAST
さわやか,猿投駅,"35.12912020008774, 137.18590297480787",35.12912020008774,137.18590297480787,https://www.esthe-ranking.jp/toyota/shop-detail/a8793d90-1161-4476-b2f3-741b438780bd/,https://sawayaka.ddq.jp/,駐車場 店舗前にあります（3台分）,090-4400-7558,12:00～LAST
浪花,土橋駅,"35.08375, 137.128639",35.08375,137.128639,https://www.esthe-ranking.jp/toyota/shop-detail/e6855d7a-881b-477c-a2b1-d8cdbdac57f2/,https://naniwa.eei.jp/,駐車場 店舗前にあります。（6台）,080-6309-7888,12:00～LAST
豊田プラチナム,土橋駅,"35.06615290232472, 137.12440832944765",35.06615290232472,137.12440832944765,https://www.esthe-ranking.jp/toyota/shop-detail/15bfafb7-900a-41cc-8da7-cfbb01e3e219/,https://toyotaplatinum.uuo.jp/,コンコルド豊田インター店近く,070-5646-8705,11:00～翌 02:00
姫恋無双（ひめこいむそう）,梅坪駅,"35.100412, 137.16676",35.100412,137.16676,https://www.esthe-ranking.jp/toyota/shop-detail/921fb954-cffd-4e64-a412-923430179677/,https://himekoimusou.eei.jp/,豊田・名鉄三河線「梅坪駅」近くに新感覚リラクゼーションが新登場！日常に“ご褒美時間”をお届けします♪静かな隠れ家のような空間には、香り高いアロマがやさしく広がり、厳選されたセラピストたちが心を込めて施す極上のひとときへとご案内。癒しと贅沢の新スポットです☆,070-4070-6240,12:00～翌 03:00
マリア,豊田市駅,"35.0886101954173, 137.158510790812",35.0886101954173,137.158510790812,https://www.esthe-ranking.jp/toyota/shop-detail/ae7eb7fa-f377-4378-b487-248efa532250/,https://maria.evv.jp/,駐車場あります。宮地歯科となりの駐車場 7番8番10番の駐車場をお使いください,070-4132-3207,24時間営業
優,中岡崎駅,愛知県岡崎市板屋町55番,,,https://www.esthe-ranking.jp/toyota/shop-detail/12eaf7d0-d0c7-46d8-8220-f4999a43c3a8/,https://yuu.zzd.jp/,岡崎のリラクゼーション優です♪中岡崎駅から近くてアクセス抜群！ほんわか居心地の良い店内で、他では体感できないような癒しをお届けします。,090-6353-8284,13:00～LAST
リラクスパ,北岡崎駅,愛知県岡崎市伊賀町東郷中１２−１,,,https://www.esthe-ranking.jp/toyota/shop-detail/89358d28-4a26-4d3d-bebc-316be8338e42/,http://relaxing.xin-cvbi.online/,アクセス欄に住所あり,080-6284-0762,13:00～翌 03:00
キュア,相見駅,岡崎駅,,,https://www.esthe-ranking.jp/toyota/shop-detail/536547f3-f594-4adc-8148-aa34d374e1af/,http://cure.sh-ximjyu.tokyo/,アクセス欄に住所あり,070-2344-0406,12:00～翌 02:00
ピンクフラワー,三河安城駅,愛知県安城市三河安城東町1-30-15,,,https://www.esthe-ranking.jp/toyota/shop-detail/421d1b71-fc81-4097-8196-0420095d1c4c/,https://baranoaizinn.eei.jp/,駐車場あります。,070-6534-6688,24時間営業
香～kaori～,碧南中央駅,"34.88660532079093, 136.9920589331522",34.88660532079093,136.9920589331522,https://www.esthe-ranking.jp/toyota/shop-detail/46cc2873-1d81-453a-a58c-1322ec69f6f2/,https://kaori.zze.jp/,駐車場 店舗前に2台あります ※店舗裏にもあります,080-7805-7389,12:00～LAST
癒しの女神,新豊田駅,愛知県豊橋市牧野町215,,,https://www.esthe-ranking.jp/toyohashi/shop-detail/9a26ba51-24f3-46b6-8eab-12a53b2409aa/,https://iyasinomegami.bdd.jp/,駐車場：３台＋共同駐車場あり（隣接店舗様前への駐車はご遠慮ください）,080-3687-1618,12:00～翌 02:00
ハッピータイム,東刈谷駅,愛知県刈谷市東刈谷町1丁目17-13,,,https://www.esthe-ranking.jp/toyota/shop-detail/b9b1a29d-63be-4c79-a5f2-e2e139064d04/,https://happytime.ooe.jp/,東刈谷のリラクゼーションハッピータイムです♪ 東刈谷駅から近くてアクセス抜群！,070-2826-3783,12:00～翌 04:00
かわいい美人,南安城駅,"34.94921744933818, 137.09391765033953",34.94921744933818,137.09391765033953,https://www.esthe-ranking.jp/toyota/shop-detail/b74d94e1-530b-44ce-9060-8eb0e596eeff/,https://kawaiibijin.eei.jp/,安城市のリラクゼーション【かわいい美人】です♪ 南安城駅から近くてアクセス抜群！,070-7646-0206,24時間営業
ベストスパ,西尾駅,"34.887691, 137.128466",34.887691,137.128466,https://www.esthe-ranking.jp/toyota/shop-detail/28abaef8-e3df-4ec5-ac98-30bb11c99f68/,https://bestspa.eei.jp/,駐車場あります,080-8037-0022,12:00～LAST
ラッキースマイル,一ツ木駅,一ツ木駅,,,https://www.esthe-ranking.jp/toyota/shop-detail/8cc612d5-facf-4b12-84e9-1433c8e27066/,https://luckysmile.eei.jp/,刈谷市のリラクゼーション【ラッキースマイル】です♪一ツ木駅から近くてアクセス抜群！当店自慢のマッサージで、あなたに極上の時間をお贈りします。お気軽にご来店くださいね。,070-8358-2911,24時間営業
バレンタイン,新安城駅,愛知県安城市里町荒畑１５４−２,,,https://www.esthe-ranking.jp/toyota/shop-detail/aa5442a3-5970-40eb-becb-5ff139fd8a6c/,https://barentain-esute.navi.mn/,アクセス欄に住所あり,090-5874-6182,24時間営業
リフレッシュ,三河豊田駅,愛知県豊田市山之手７丁目５６,,,https://www.esthe-ranking.jp/toyota/shop-detail/81a97c0e-e885-4ed4-ae97-8ffb003ac346/,https://refresh.roo.jp/,アクセス欄に住所あり,090-6066-1203,12:00～LAST
ときめき,一ツ木駅,愛知県刈谷市恩田町3丁目160-6,,,https://www.esthe-ranking.jp/toyota/shop-detail/a1a2154c-ade1-415d-ab44-a05780c163a8/,https://tokimeki.bdd.jp/,"【刈谷にNEW OPEN】リラクゼーション ときめき です♪一ツ木駅から近くてアクセス抜群！ 最大【3,000円】OFF実施中☆彡PayPayでのお支払い可能です☆彡 スタッフ一同",090-6636-1383,11:00～翌 03:00
アールグレイ＋,三河安城駅,愛知県安城市三河安城町1丁目4-5,,,https://www.esthe-ranking.jp/toyota/shop-detail/a37d6ff2-b51e-4191-a27e-517b3e07beea/,https://earlgray.ooa.jp/,共用駐車場有・満車場合は近くのコインパーキングをご利用ください。,070-4797-4321,12:00～翌 03:00
ソレイユ,西尾駅,愛知県西尾市下町御城下45-1,,,https://www.esthe-ranking.jp/toyota/shop-detail/471affb2-cc68-4b68-8fc4-4865abe2fc4b/,https://soleil.bdd.jp/,★西尾で支持を集める話題店！在籍セラピストは全員写真本人保証！確かな技と心配りで満足度の高さが評判☆彡各種割引やキャンペーン充実・最大3000円割引！！駐車場完備☆彡完全個室☆彡落ち着いた時間を安心して楽しめる人気店♪この機会に“本物の癒し”をぜひご体験ください！,080-9118-8698,12:00～翌 03:00
お姫様LABO,安城駅,"34.959833, 137.082052",34.959833,137.082052,https://www.esthe-ranking.jp/toyota/shop-detail/c5e0941e-51bc-4d53-9d13-1688d275438a/,https://ohimesamalabo.ooa.jp/,アクセス欄に緯度経度と住所あり,080-8568-0620,24時間営業
たんぽぽ,豊田市駅,"35.08843738714646, 137.15279461114307",35.08843738714646,137.15279461114307,https://www.esthe-ranking.jp/toyota/shop-detail/39bcd7d0-3770-4dc7-850b-d161d87fb01e/,https://tanpopo.ood.jp/,駐車場 お近くのコインパーキングをご利用ください。,090-1813-1040,11:30～翌 02:30
勝手にしやがれ,三河豊田駅,"35.053594, 137.150793",35.053594,137.150793,https://www.esthe-ranking.jp/toyota/shop-detail/4d00d0c9-4b1a-4dd4-acd1-1d603fcf6495/,https://kattenishiyagare.eei.jp/,2000円割引実施中！！豊田市のリラクゼーション【勝手にしやがれ】です♪ 三河豊田駅から近くてアクセス抜群！居心地の良い店内で大人な癒しのひとときをお届けします。,080-2133-7888,12:00～翌 02:00
Luck（ラック）,矢作橋駅,"34.97581436497053, 137.1361583720989",34.97581436497053,137.1361583720989,https://www.esthe-ranking.jp/toyota/shop-detail/fc96d25f-c045-40d4-b376-adf6ab8a018d/,https://luck.qqo.jp/,駐車場 店舗前に複数あります。,080-1884-4475,12:30～翌 02:00
潤んだ瞳,上豊田駅,"35.11882645151179, 137.15195199999772",35.11882645151179,137.15195199999772,https://www.esthe-ranking.jp/toyota/shop-detail/20eb6dee-ce06-4d69-b90a-915139c7f58e/,https://urundahitomi.eei.jp/,上豊田駅から徒歩3分とアクセス抜群！我が家のような心地よさで、ほっと安心できるようなサービスをご提供いたします！,080-6903-4961,24時間営業
天使の心,大門駅,愛知県岡崎市薮田1丁目2-11,,,https://www.esthe-ranking.jp/toyota/shop-detail/a03249d0-1816-4e2e-8128-b85e48ddf978/,https://tenshinokokoro.eeh.jp/,専用駐車場６台あり,080-5658-5154,12:00～翌 05:00
ルルの小屋,刈谷駅,"34.991049771985416, 137.00465535697631",34.991049771985416,137.00465535697631,https://www.esthe-ranking.jp/toyota/shop-detail/264e0cab-25f3-4aac-9867-f82a4a1f0b47/,http://rururoom.refle.shop/,【アピタ刈谷店】に着きましたらお電話して下さい,080-1819-4790,24時間営業
アイリス,北岡崎駅,"34.9907602548789, 137.16412615666258",34.9907602548789,137.16412615666258,https://www.esthe-ranking.jp/toyota/shop-detail/4640119c-6806-47f2-a023-54e34354a4d2/,https://iris.ddv.jp/,岡崎市のリラクゼーション【アイリス】です♪ 北岡崎駅から近くてアクセス抜群！当店のハイクオリティな空間、セラピストによる極上の癒しをご堪能下さい。,080-5804-3911,24時間営業
秘密の夜（ひみつのよる）,新安城駅,愛知県安城市今本町3丁目6-8,,,https://www.esthe-ranking.jp/toyota/shop-detail/21ec6060-98ae-4042-87ac-5e14a854fd36/,https://himitsunoyoru.eei.jp/,"☆限定☆泡洗体コース2,000円OFF！新安城駅から徒歩7分！24時間営業！本人保証、安城美女アカスリ室有り・泡洗体有り・完全個室・予約優先です。心身共に潤うような充実した癒しをお楽しみいただけます",080-1588-4183,24時間営業
はなもも,西尾駅,"34.859245, 137.054211",34.859245,137.054211,https://www.esthe-ranking.jp/toyota/shop-detail/fd051619-7405-4499-a634-0297bfc00326/,https://hanamomo.evv.jp/,駐車場 駐車場あります。,080-8479-2661,12:00～翌 02:30
セクシードール,刈谷駅,愛知県刈谷市神明町6-37,,,https://www.esthe-ranking.jp/toyota/shop-detail/029cb208-e540-4d1a-a81f-791a2a52343a/,https://sexydoll.eei.jp/,アクセス欄に住所あり,080-2883-8404,24時間営業
雫（しずく）,六名駅,愛知県岡崎市天白町東池10-6,,,https://www.esthe-ranking.jp/toyota/shop-detail/f0ad681a-c9a5-4d43-bd8e-77e4c8994535/,https://shizuku.ggo.jp/,新人入店★各種特典あり★Pay Pay対応★駐車場完備★,070-5307-4931,11:00～翌 03:00
ラベンダー,岡崎駅,愛知県知多郡東浦町緒川下汐田１７−８,,,https://www.esthe-ranking.jp/chita/shop-detail/b89b31b9-56f2-4a6b-a19e-805df744c418/,http://fragrant.xin-jid.online/,緒川駅に着きましたら、ご連絡ください。,080-3652-3115,24時間営業
Cure（キュア）,相見駅,"34.890341, 137.128599",34.890341,137.128599,https://www.esthe-ranking.jp/toyota/shop-detail/3fb433b5-d633-4991-8635-5212df5ce6d7/,https://cure.eei.jp/,駐車場あります。,080-8479-4192,12:00～翌 03:00
花屋敷,一ツ木駅,愛知県刈谷市東新町6丁目3-1,,,https://www.esthe-ranking.jp/toyota/shop-detail/57688f00-4e2d-4931-ab91-031b94a598a3/,https://hanayashiki.bdd.jp/,刈谷市のリラクゼーション【花屋敷】です♪一ツ木駅から近くてアクセス抜群！心まで癒されるマッサージをお届けいたします！,080-1998-2310,24時間営業
E感じ,岡崎駅,"34.92588459270224, 137.1568600767372",34.92588459270224,137.1568600767372,https://www.esthe-ranking.jp/toyota/shop-detail/91db4fe5-f1cc-4cda-886f-1e0da2cf8b71/,https://iikannji.voo.jp/,【NEWOPEN】岡崎駅近くの「E感じ」！なんだか気になるこの名前、そのままに“いい感じ”を体感しませんか？元気で明るいセラピストが笑顔でお出迎えし、疲れた体も気分もスッキリ♪思わずクセになる、楽しく元気になれるリフレッシュ空間です！岡崎駅すぐですよ！,090-5078-6598,12:00～翌 03:00
Only one（オンリーワン）,西尾駅,"34.86654, 136.911315",34.86654,136.911315,https://www.esthe-ranking.jp/chita/shop-detail/76b9c695-3f56-47cb-81bf-c8242a592d54/,https://onlyone.ddv.jp/,駐車場 駐車場４台あります。,090-1787-3666,12:00～LAST
yura香,逢妻駅,"34.999197, 136.9915",34.999197,136.9915,https://www.esthe-ranking.jp/toyota/shop-detail/77e3f3e8-082f-484d-b925-83b7db63c305/,https://yuraka.eev.jp/,駐車場：あります(裏駐車場もあり 12番をご利用ください。裏口もございます),080-8852-6386,12:00～翌 02:00
蝶の楽園,大門駅,愛知県岡崎市大樹寺3丁目2-19,,,https://www.esthe-ranking.jp/toyota/shop-detail/28317dc7-2b17-4c2b-993a-90053c3e931a/,https://chounorakuen.eei.jp/,駐車場：3台あります。,070-1681-8899,10:00～翌 01:00
激安美少女,刈谷駅,愛知県刈谷市高倉町５丁目１０２,,,https://www.esthe-ranking.jp/toyota/shop-detail/5b23fc20-9e8e-4554-aa04-d296dfa3a95f/,http://www.mymermaid.tokyo/,アクセス欄に住所あり,080-7392-8575,12:00～翌 05:00
恋のstart（コイのスタート）,末野原駅,愛知県豊田市永覚新町3丁目63-12,,,https://www.esthe-ranking.jp/toyota/shop-detail/dde19264-4d45-416f-b64d-495aed53cb41/,https://koinostart.eev.jp/,駐車場2台あります。1・2の場所に停めてください,070-7526-2082,12:00～LAST
姫の王子（ひめのおうじ）,土橋駅,愛知県豊田市寿町8丁目15-5,,,https://www.esthe-ranking.jp/toyota/shop-detail/40d80526-6ec1-43d0-a321-6208a651cbf1/,https://himenoouji.eei.jp/,★☆姫の王子★☆土橋駅近くに新規オープン★ ☆,090-6616-8899,12:00～LAST
いちご娘,一ツ木駅,愛知県刈谷市一里山町砂山154,,,https://www.esthe-ranking.jp/toyota/shop-detail/4bac9886-b66b-4c91-9a43-7d1f9c4a587e/,https://kinnobara.eev.jp/,県道５４号線沿い、ファミリーマート刈谷一里山店隣,090-6397-9988,24時間営業
萌姫,東岡崎駅,"34°55'52.1""N 137°10'53.3""E",,,https://www.esthe-ranking.jp/toyota/shop-detail/959169f2-016d-4c42-9fb8-c9e7520a3370/,https://moehime.eei.jp/,アクセス欄に住所あり,080-7806-9198,12:00～LAST
優華（ユウカ）,知立駅,愛知県知立市本町中通1−１,,,https://www.esthe-ranking.jp/toyota/shop-detail/d85ca12d-2805-4a3d-b582-9e487ccccfa6/,http://yuuka.refle.shop/,駐車場：あり,080-1819-4790,24時間営業
激安美少女,安城駅南口,愛知県安城市御幸本町１０−８,,,https://www.esthe-ranking.jp/toyota/shop-detail/77e716ae-e950-4c76-b5b9-8e2ad52c60e6/,https://pinklip.navi.mn/,安城駅南口徒歩3分,090-4951-1275,11:00～LAST
癒しのアロマ,一ツ木駅,"35.0056911006775, 137.02006327133586",35.0056911006775,137.02006327133586,https://www.esthe-ranking.jp/toyota/shop-detail/45ac7ca2-6367-4fcd-9456-6888c35381a8/,https://iyashinoaroma.eei.jp/,暁第二ビル２F※共用駐車場があります,070-1665-6549,11:00～翌 03:00
恋の期待,知立駅,"35.010550901571804, 137.04309430528633",35.010550901571804,137.04309430528633,https://www.esthe-ranking.jp/toyota/shop-detail/fa187a90-4821-402c-8f61-bbeed734a91b/,https://koinokitai.eev.jp/,新人続々入店中！知立市のリラクゼーション【恋の期待 - こいのきたい】です。 知立駅から近くてアクセス抜群！,090-9585-1915,24時間営業
秘密の誘惑,東刈谷駅,愛知県刈谷市東刈谷町３丁目１２−３,,,https://www.esthe-ranking.jp/toyota/shop-detail/1b0f797c-4c05-439c-89a5-0d3123392274/,https://himitsunoyuuwaku.eev.jp/,ファミリーマートに着きましたらお電話ください,070-1654-8207,11:00～翌 03:00
Eden（エデン）,新安城駅,愛知県安城市住吉町５丁目１３−４０,,,https://www.esthe-ranking.jp/toyota/shop-detail/35665a8f-79fc-402e-918b-6ed62e6cb7ff/,https://eden.iest.in/,「本の王国 安城店」に着きましたら、お電話ください。,070-1660-8886,24時間営業
Aroma Baby（アロマベイビー）,岡崎駅,"34.924099372777995, 137.14261578792204",34.924099372777995,137.14261578792204,https://www.esthe-ranking.jp/toyota/shop-detail/fc723124-84d6-411c-945a-44e3a618836a/,https://aromababy.bdd.jp/,アクセス欄に緯度経度と住所あり,070-4449-2458,12:00～翌 03:00
絶叫治療院,三河豊田駅,"35.05534952328724, 137.14420495601317",35.05534952328724,137.14420495601317,https://www.esthe-ranking.jp/toyota/shop-detail/2e9f0e92-db2c-4320-80ce-2968750b956c/,https://zekyotiryouin.ddq.jp/,全員本人保証！☆触れた瞬間から余韻が離れないセラピスト揃い♪熱を帯びた時間へ誘います★彼女の微笑みがすべてを包み込む！三河豊田駅近く！特典実施最大2000円OFF！非日常的な癒しの空間！美しいセラピストが至福のひとときを演出！ご来店を心よりお待ちしています♪,070-1673-0011,12:00～翌 03:00
はつね（初音）,豊田市駅,愛知県豊田市日之出町２丁目４−２１,,,https://www.esthe-ranking.jp/toyota/shop-detail/315fa9d8-b1ac-4e90-9c9a-8bb0ed9fb708/,http://ahbsa.kaj-esute.asia/,地図の位置に着きましたら、ご連絡ください。,080-8026-0227,12:00～LAST
極楽Heaven,大門駅,"34.99142123597284, 137.1565094312972",34.99142123597284,137.1565094312972,https://www.esthe-ranking.jp/toyota/shop-detail/ceb406ef-7f6e-4648-be16-0d47a1af23e4/,https://gokurakuheaven.ooe.jp/,駐車場あります。,070-4070-6459,12:00～翌 03:00
イタズラ パラダイス,若林駅,若林駅 愛知県,,,https://www.esthe-ranking.jp/toyota/shop-detail/8419f8d0-32a8-4380-a3b9-3178b6540f76/,http://playful.sh-pdm.tokyo/,アクセス欄に住所あり,090-2787-1487,11:00～LAST
月のうさぎ,東岡崎駅,愛知県岡崎市菅生町蟹沢12-1,,,https://www.esthe-ranking.jp/toyota/shop-detail/d53cfd1c-1e80-4135-81c9-2aa7cdb1bebc/,https://getsunousagi.eei.jp/,お店の前の17番とお店の横の駐車場11番をご利用ください。,080-3358-1816,24時間営業
癒し妖精,大門駅,"34.990413619320194, 137.1692249096832",34.990413619320194,137.1692249096832,https://www.esthe-ranking.jp/toyota/shop-detail/acde74f3-0e3e-4da0-a208-81f3fe0a349e/,https://iyashiyousei.ooe.jp/,駐車場：あります。,080-6338-6888,24時間営業
Sweet girl（スイートガール）,牛田駅北口,愛知県安城市今本町西大塚33−2,,,https://www.esthe-ranking.jp/toyota/shop-detail/d6d2156a-0d00-4958-97a2-f2d77e74201e/,https://sweetgirl.bdd.jp/,牛田駅から近くてアクセス抜群！,090-9629-3520,11:00～翌 03:00
なごみ,岡崎駅,"35.01811807213674, 137.03720689166138",35.01811807213674,137.03720689166138,https://www.esthe-ranking.jp/toyota/shop-detail/4af6ea94-d0d8-47a0-8108-863cdb7b2ea2/,https://nagomi.ggo.jp/,知立市のリラクゼーション【なごみ】☆ 知立駅から近くてアクセス抜群！,090-2811-6116,13:00～翌 03:00
まどろみ,三河豊田駅,"35.049009, 137.147199",35.049009,137.147199,https://www.esthe-ranking.jp/toyota/shop-detail/17229b32-b632-4f9b-aff1-87c7a21def25/,https://madoromi.bdd.jp/,近くにつきましたら、お電話ください,090-5756-3426,12:00～翌 03:00
ペア,牛田駅,"35.00004431002302, 137.05381865889436",35.00004431002302,137.05381865889436,https://www.esthe-ranking.jp/toyota/shop-detail/b6d34c95-0698-45d5-b74b-540e2e5a2981/,http://bell.sh-wqv.xyz/,牛田駅徒歩6分,090-6384-8206,12:00～翌 02:00
来い遊ぼ（コイアソボ）,新豊田駅,愛知県豊田市広久手町5-30-19,,,https://www.esthe-ranking.jp/toyota/shop-detail/03b6e394-e2c1-4463-a20b-7f630aa893cf/,https://koisanpo.eei.jp/,駐車場あります。,070-4769-9336,12:00～LAST
癒しの恋,北岡崎駅,"34.970575, 137.15032",34.970575,137.15032,https://www.esthe-ranking.jp/toyota/shop-detail/18016a1a-5b7d-4f25-bba3-4d0e4beece38/,https://iyashinokoi.ddv.jp/,(付近に着きましたらお電話ください),080-9500-3651,12:00～LAST
チョメチョメハウス,刈谷駅,愛知県刈谷市神明町７丁目４０３,,,https://www.esthe-ranking.jp/toyota/shop-detail/bc1c6d74-a3f1-481b-be3f-dd16b3d178ee/,http://esno1.refle.shop/,（ファミリーマート 刈谷神明町店のお近くに着いたら、ご連絡ください）,080-8222-1260,24時間営業
ミシェランGirls,岡崎駅,"34.930158, 137.156433",34.930158,137.156433,https://www.esthe-ranking.jp/toyota/shop-detail/8c6ae813-dddc-477e-9f43-ee759f6f12a9/,https://micherangirls.uud.jp/,岡崎駅近くのリラクゼーション【ミシェランgirls】です♪,090-3958-8358,12:00～LAST
ハッピー娘～Happy Girls～,三河豊田駅,愛知県豊田市山之手６丁目５６−１,,,https://www.esthe-ranking.jp/toyota/shop-detail/43be9525-86ab-49ed-898e-a810fb56cae1/,http://happygirls.este88.com/,三河豊田駅徒歩7分,090-4356-7435,12:00～LAST
回転美人,大門駅,愛知県岡崎市大樹寺3丁目7-15,,,https://www.esthe-ranking.jp/toyota/shop-detail/e54ea302-8b7d-47ca-af30-22fb3725e4db/,https://kaitenbijin.eei.jp/,愛知・岡崎市大樹寺リラクゼーションエステ「回転美人」大門駅から近くてアクセス抜群！サプライズ大好きなスタッフがしっかりとした施術を体験していただけます。お近くまでお寄りの際は、是非遊びに来て下さい！,090-7961-6124,10:00～翌 03:00
桃の花,男川駅,愛知県岡崎市欠町字松塚30-3,,,https://www.esthe-ranking.jp/toyota/shop-detail/5f4c413d-4e36-4216-8c88-7cd820a8fa2a/,https://momonohana.eei.jp/,韓国料理横に共同駐車場8台有り,090-6072-8966,12:00～LAST
恋タイム,刈谷駅,"35.005709, 137.003647",35.005709,137.003647,https://www.esthe-ranking.jp/toyota/shop-detail/15169d1d-7d3f-4afb-924b-0cde781e7137/,https://jyunjyogirl.eei.jp/,駐車場あり,070-2612-6558,12:00～LAST
Luxe Spa（ラックススパ）,一ツ木駅,"35.008649, 137.030428",35.008649,137.030428,https://www.esthe-ranking.jp/toyota/shop-detail/f55f1334-90a9-45d7-86c7-5ff4792abafb/,https://luxespa.eei.jp/,【ファミリーマート 刈谷一ツ木町店】に着きましたらお電話して下さい,090-6998-3285,12:00～翌 03:00
Honey Baby,新安城駅,愛知県安城市今池町３丁目５−２,,,https://www.esthe-ranking.jp/toyota/shop-detail/a275b266-b7dc-49de-9d25-b1eb3acb7042/,https://honeybaby.ies.bz/,無料駐車場を完備しております,090-3967-8686,24時間営業
サンフラワー,南安城駅,愛知県安城市安城町,,,https://www.esthe-ranking.jp/toyota/shop-detail/877192cd-1b15-41c7-88b9-cd9596c72e01/,https://sun-floweries.navi.mn/,南安城駅徒歩5分,090-4116-5477,11:00～LAST
ひといき,大門駅,愛知県岡崎市井ノ口新町12-2,,,https://www.esthe-ranking.jp/toyota/shop-detail/761ddbd8-9c88-4cd2-990e-c873161d8dfe/,https://hitoiki.eei.jp/,アクセス欄に住所あり,080-2589-7552,12:00～翌 02:00
クルミ,新安城駅,"34.99565987376493, 137.08151690864992",34.99565987376493,137.08151690864992,https://www.esthe-ranking.jp/toyota/shop-detail/02238860-7044-496c-8bb3-0b6255a2e722/,https://kurumi.eeh.jp/,新安城駅から近くてアクセス抜群！,080-9511-6668,24時間営業
夢愛,豊明駅,愛知県刈谷市東境町児山413-3,,,https://www.esthe-ranking.jp/toyota/shop-detail/ba0f3586-d148-4217-8ec9-04dd5bd8e983/,https://yua.eei.jp/,アクセス欄に住所あり,070-5256-9466,11:00～LAST
蜜の香り,四郷駅,愛知県豊田市亀首町下町屋54-1,,,https://www.esthe-ranking.jp/toyota/shop-detail/6f90c3dd-44be-494d-acf0-1dec9d64282a/,https://mitsunokaori.eev.jp/,四郷駅から車で7分 最寄駅:亀首バス停 徒歩3分,080-6766-4957,13:00～翌 04:00
優姫,逢妻駅,愛知県刈谷市熊野町3丁目2,,,https://www.esthe-ranking.jp/toyota/shop-detail/a89a0ac2-119e-4fb1-895c-d5259ed1a6bf/,https://yuuhime.ddq.jp/,【熊野公園（刈谷市熊野町３丁目２）】に着きましたら、お電話ください,090-1789-5688,11:00～翌 03:00
Hot Land（ホットランド）,一ツ木駅,愛知県刈谷市一ツ木町３丁目１０−４,,,https://www.esthe-ranking.jp/toyota/shop-detail/3e3dbc1e-51fe-4045-ab58-ea70e9c25561/,https://hotland.iest.in/,【ジョーシン一ツ木店】に着きましたらお電話ください。,090-9182-9998,24時間営業
彼女の部屋,安城駅,"34.98350180242019, 136.8698326588954",34.98350180242019,136.8698326588954,https://www.esthe-ranking.jp/chita/shop-detail/d0b334b8-c749-4db2-9be8-f5315ca519ed/,https://kanojyonoheya.evv.jp/,駐車場 近隣のコインパーキングをご利用ください,080-7270-7317,11:00～翌 02:00
もみココチ,新豊田駅,"35.082008, 137.155099",35.082008,137.155099,https://www.esthe-ranking.jp/toyota/shop-detail/086ee093-a620-4897-b4f0-3b82955e5407/,https://momikokoti.eei.jp/,新豊田駅から近くてアクセス抜群！【もみココチ】です♪,070-8321-5858,11:00～LAST
幸運のPresent,東岡崎駅,"34.959884, 137.163665",34.959884,137.163665,https://www.esthe-ranking.jp/toyota/shop-detail/34f1184d-5e83-4b0b-a1b4-2b921a75c37c/,https://kouunnopresent.eei.jp/,駐車場 あります,080-8734-6404,24時間営業
さくらんぼ,富士松駅,"35.269029, 136.845387",35.269029,136.845387,https://www.esthe-ranking.jp/owari/shop-detail/9188e194-4702-44ca-981f-3d24c349f44e/,https://sakuranbo.ood.jp/,アクセス欄に緯度経度と住所あり,090-6575-5333,12:00～翌 03:00
ラッキーエンジェル,西岡崎駅,"34.949745935436496, 137.13089398425691",34.949745935436496,137.13089398425691,https://www.esthe-ranking.jp/toyota/shop-detail/b7a0e9f2-780d-456e-a6e0-3f578c5e22c5/,https://luckyangel.rpp.jp/,新人入店しました。追加料金一切なし、時間短縮一切なし！ 西岡崎駅から近くてアクセス抜群！,080-2458-6374,11:00～翌 02:00
Pure Resort（ピュア リゾート）,一ツ木駅,"35°00'35.4""N 137°01'01.4""E",,,https://www.esthe-ranking.jp/toyota/shop-detail/ce2ba9de-44cd-4680-81e2-a6ab22d4c66b/,https://pureresort.eei.jp/,刈谷市のリラクゼーションPure Resortです♪ 一ツ木駅から近くてアクセス抜群！隙間時間で体調改善をご堪能して下さい。,090-3222-6688,24時間営業
TiAmo〜ハニー〜,新豊田駅,"35.082928451273055, 137.14065233590551",35.082928451273055,137.14065233590551,https://www.esthe-ranking.jp/toyota/shop-detail/d27f38e5-5e65-411a-8763-b4425dcfd875/,https://tiamohoney.eei.jp/,新豊田駅から近くてアクセス抜群！,070-1638-5566,24時間営業
うたかた桜,知立駅,愛知県知立市新地町西新地28-4,,,https://www.esthe-ranking.jp/toyota/shop-detail/5ee167fd-382b-47de-8fab-bab1a567126f/,https://utakatasakura.eei.jp/,駐車場 2台あります,080-6040-0790,11:00～翌 04:00
にゃんにゃん,三河豊田駅,"35.05673266370621, 137.14451367147694",35.05673266370621,137.14451367147694,https://www.esthe-ranking.jp/toyota/shop-detail/b45a5597-8039-450d-9efa-8419734ca33d/,https://nyannyan.oos.jp/,豊田市Newオープン【にゃんにゃん】です♪ 新規お客様無期限で2000割引クーポン☆豊田市山之手６丁目58加納マンション1F・裏口をご利用いただけます☆駐車場1〜2番ご利用ください☆ 三河豊田駅から近くてアクセス抜群,070-9100-6868,12:00～LAST
愛Angel（アイ・エンジェル）,西尾駅,"34.86193782823768, 137.06458059113433",34.86193782823768,137.06458059113433,https://www.esthe-ranking.jp/toyota/shop-detail/7b59b83e-a24a-454c-8da4-4ef49ae18ccb/,https://aiangel.eei.jp/,西尾郵便局から徒歩１分,090-6950-5636,11:00～LAST
浪漫の時間,若林駅・黒笹駅・矢作橋駅・逢妻駅・安城駅,"35.027788136971594, 137.09918316798218",35.027788136971594,137.09918316798218,https://www.esthe-ranking.jp/toyota/shop-detail/36151484-fd68-4f6f-941f-360ff124a937/,http://romantic.fns-esute.asia/,ドミスーパー着きましたら電話してください。,090-7143-1519,12:00～翌 03:00
果樹園,刈谷駅,"35.00597447992109, 137.00881389202925",35.00597447992109,137.00881389202925,https://www.esthe-ranking.jp/toyota/shop-detail/0450bc91-a7eb-4b04-ac3a-106a8b39fd34/,https://kazyuen.eei.jp/,アクセス欄に緯度経度と住所あり,090-4266-9732,11:00～翌 03:00
ツバメ,安城駅,"35.322026, 136.771525",35.322026,136.771525,https://www.esthe-ranking.jp/owari/shop-detail/19d5d8b7-509a-4ca0-8acd-956dff8e76ec/,https://tubame.ooe.jp/,NEW！クーポン有、駐車場有、リラクゼーション ツバメ です！「開明駅」から徒歩５分、アクセスも便利♪任せて安心の施術技術で癒しと安らぎの世界へと誘います。心の籠った愛情たっぷりの施術で、明日の頑張る活力をフルチャージしてくれますよ♪,070-4756-6888,12:00～LAST
ラブリー,米野木駅,愛知県みよし市東陣取山201番地,,,https://www.esthe-ranking.jp/toyota/shop-detail/77ef5677-315d-4e18-bdce-f7b60a4fa0c0/,https://lovely.eeq.jp/,【駐車場案内】,070-5341-9409,12:00～LAST
Royal.Room（ロイヤルルーム）,知立駅,"35.00458141260825, 137.04264154659296",35.00458141260825,137.04264154659296,https://www.esthe-ranking.jp/toyota/shop-detail/5d9951bc-b2aa-4b93-802a-9d1c17e161e5/,https://royalroom.eei.jp/,新人続々入店中！知立駅から近くてアクセス抜群！,090-1274-1914,12:00～翌 01:00
アロマ美人,刈谷市駅,"34.983594, 136.994521",34.983594,136.994521,https://www.esthe-ranking.jp/toyota/shop-detail/b3c31915-5705-4fb7-8a32-913702140b4d/,https://aromabijin.rro.jp/,刈谷市駅すぐ近くにNEW OPEN☆彡【アロマ美人】です☆彡,070-7668-3388,10:00～LAST
花月～かげつ,六名駅,愛知県岡崎市天白町河原30-1,,,https://www.esthe-ranking.jp/toyota/shop-detail/ee66152e-0400-4606-bb87-476a234943ff/,https://kagetsu.ddq.jp/,2階※駐車場奥に2階に上がる階段があります,090-7498-2773,12:00～翌 03:00
Over,大門駅,"34.987402, 137.164339",34.987402,137.164339,https://www.esthe-ranking.jp/toyota/shop-detail/82993163-94b6-4372-bfba-a23cf2e7ebf3/,https://over.sso.jp/,アクセス欄に緯度経度と住所あり,090-3370-7814,12:00～LAST
Remember Me（リメンバーミー）,逢妻駅,愛知県刈谷市原崎町７丁目９０３,,,https://www.esthe-ranking.jp/toyota/shop-detail/3b8daffb-54cf-4949-a908-3b8c281ae977/,https://rememberme.iest.in/,アクセス欄に住所あり,090-6099-5918,24時間営業
歓楽谷,野田新町駅,愛知県刈谷市野田新町２丁目７０１,,,https://www.esthe-ranking.jp/toyota/shop-detail/0a65bf91-b624-4bb9-b7bd-19d14ce65936/,https://baby-go.navi.mn/,アクセス欄に住所あり,050-6882-9556,11:00～LAST
愛の予感,桜井駅,"34.90964787765045, 137.08780715953682",34.90964787765045,137.08780715953682,https://www.esthe-ranking.jp/toyota/shop-detail/d850460c-ac52-4c74-af6d-d5173b1dc397/,https://ainoyokan.ooa.jp/,桜井駅近くの癒しサロン【愛の予感】,080-8736-2951,24時間営業
青い薔薇,豊田市駅,愛知県豊田市高上2丁目11-14,,,https://www.esthe-ranking.jp/toyota/shop-detail/9f3689df-3a46-4157-9749-5fea23cb8e9b/,https://aoibara.zzf.jp/,駐車場 あります。,070-3357-4683,12:00～LAST
皐月（さつき）,西岡崎駅,愛知県岡崎市昭和町天神37,,,https://www.esthe-ranking.jp/toyota/shop-detail/e00aab9b-af7f-4a46-867a-fee21898c72f/,https://satuki.bdd.jp/,"★★★激安お得コース50分 7,000円★★★西岡崎駅から近くてアクセス抜群！",070-4093-9667,24時間営業
桜桃（さくらんぼ）,三河豊田駅,"35.059052902226675, 137.14776098792822",35.059052902226675,137.14776098792822,https://www.esthe-ranking.jp/toyota/shop-detail/418be34e-985b-49fa-975b-ba3a82f5d666/,https://sakuranbo.llo.jp/,三河豊田駅から近くてアクセス抜群！,080-2380-7308,09:00～翌 04:00
月の恋,豊田市駅,愛知県豊田市美里5丁目1番地11,,,https://www.esthe-ranking.jp/toyota/shop-detail/20cd6a66-70a3-4a57-8500-e3d05b285da7/,https://tsukinokoi.eei.jp/,駐車場 駐車場3台あります。お店の前から停めてください,090-8246-8804,24時間営業
甘熟いちご,三河豊田駅,"35.04953226917382, 137.15357209629087",35.04953226917382,137.15357209629087,https://www.esthe-ranking.jp/toyota/shop-detail/6df909ea-11f2-462e-a60b-085275893083/,https://kanjyukuichigo.eei.jp/,豊田市のリラクゼーション【甘熟いちご】です♪ 三河豊田駅から近くてアクセス抜群！,070-2626-2417,11:00～翌 02:00
蓬莱,西尾駅,"34.85995691284133, 137.0680078273121",34.85995691284133,137.0680078273121,https://www.esthe-ranking.jp/toyota/shop-detail/fc1afab9-47c3-4af7-bb44-026c097045d5/,https://www.relax-hourai.com/,地図上の↑付近に到着しましたら、090-5274-2584へお電話ください。,090-5274-2584,
ぐらどるスパ,宇頭駅・北岡崎駅・米津駅・知立駅・三河安城駅・豊田市駅,宇頭駅,,,https://www.esthe-ranking.jp/toyota/shop-detail/64f2e248-f173-447a-956f-dc9df033a328/,http://gurado.mensest.xyz/,アクセス欄に住所あり,050-6882-8816,11:00～翌 02:00
千林タイム,上挙母駅,愛知県豊田市下林町1丁目110-2,,,https://www.esthe-ranking.jp/toyota/shop-detail/52f9b403-50ef-493c-9dbf-f43196dc7c77/,https://senrintime.eev.jp/,駐車場 4台あります,0565-42-4928,12:00～翌 03:00
月の光,西岡崎駅,愛知県一宮市花池1町目5-26,,,https://www.esthe-ranking.jp/owari/shop-detail/0c051e13-caa3-4754-b749-4eb124264e24/,https://www.tukihikaitinomi184.info/,アクセス欄に住所あり,080-3614-6868,11:30～翌 02:00
クリスタリア,安城駅,"34.95829, 137.086742",34.95829,137.086742,https://www.esthe-ranking.jp/toyota/shop-detail/a28e6d41-ae53-46ac-b496-9298ae481f2c/,https://crystalia.eei.jp/,近くの【つばさや安城駅前店】に着きましたら、お電話ください,080-4969-7166,11:00～翌 02:00
君に恋してる,新豊田駅,"35.071973, 137.150415",35.071973,137.150415,https://www.esthe-ranking.jp/toyota/shop-detail/9991320b-f65c-4fa2-8a69-1827f3f95b61/,https://kiminikoisiteru.eei.jp/,アクセス欄に緯度経度と住所あり,080-1097-2667,11:00～翌 03:00
美樂（みらく）,三好ヶ丘駅,"35.12112, 137.107001",35.12112,137.107001,https://www.esthe-ranking.jp/toyota/shop-detail/eec43811-63c0-41d7-8f2c-960d3cc05126/,https://miraku.evv.jp/,駐車場 あります（店舗前・店舗裏）,090-6183-9898,12:00～LAST
蝶～バタフライ～,東刈谷駅,"34°58'19.0""N 137°02'55.3""E",,,https://www.esthe-ranking.jp/toyota/shop-detail/ff076e86-6c92-4c03-8ba8-aaf9dbee89ff/,https://butterfly.bdd.jp/,アクセス欄に住所あり,0566-93-1105,13:00～LAST
誘艶（ゆうえん）,三河安城駅,愛知県安城市三河安城町2,,,https://www.esthe-ranking.jp/toyota/shop-detail/8e80e2a6-b75f-4b8f-a354-289f20ec41e6/,https://yuen.dgg.jp/,三河安城駅北口に着きましたら、お電話ください。,080-6265-9871,11:00～LAST
千喜,知立駅,愛知県知立市広見3-59,,,https://www.esthe-ranking.jp/toyota/shop-detail/23234c2c-e0f8-4bcf-95a6-755ecb84ee30/,https://senki.eev.jp/,アクセス欄に住所あり,0566-83-2439,14:00～LAST
猫チュウ,西尾駅,愛知県西尾市永吉町4-3-3,,,https://www.esthe-ranking.jp/toyota/shop-detail/220c6ac9-e5d6-4af4-a316-2b1db2d02264/,https://nekochu.eei.jp/,アクセス欄に住所あり,080-7072-9197,11:00～LAST
森の花～もりのはな,一ツ木駅,"35.01040480314248, 137.027641",35.01040480314248,137.027641,https://www.esthe-ranking.jp/toyota/shop-detail/77652bcf-e148-4cbe-81f3-ee6bc83adba0/,https://morinohana.uuo.jp/,近くの【浜場公園】につきましたら、お電話ください,,24時間営業
悠馨（ゆうしん）,三河豊田駅,愛知県豊田市山之手6丁目53-2,,,https://www.esthe-ranking.jp/toyota/shop-detail/271bd263-eab4-4a58-9400-adab6f2ef8e8/,https://yushin.uud.jp/,三河豊田駅から徒歩約9分とアクセス抜群！,080-4964-9381,13:00～LAST
心（こころ）,豊田市駅,"35.086326787310924, 137.16122731777753",35.086326787310924,137.16122731777753,https://www.esthe-ranking.jp/toyota/shop-detail/e1817699-f065-4127-a6ad-1c6ec0a9d875/,http://heart-mind.menzu-iio.sbs/,豊田市駅徒歩7分,090-6366-6661,24時間営業
紫陽花（アジサイ）,上豊田駅,愛知県豊田市大清水町大清水49-2,,,https://www.esthe-ranking.jp/toyota/shop-detail/17b61979-b87e-4a21-b31c-150898a0aa42/,https://www.staaar-love.com/,豊田市 上豊田駅の近くにございます癒しリラクゼーションサロンです。,090-9171-8886,11:00～翌 04:00
レモン,安城駅,安城市アジアンエステ,,,https://www.esthe-ranking.jp/toyota/shop-detail/34925796-405d-4bb7-9769-741a294be742/,http://www.anjyou-0005.xyz/,安城駅徒歩1分,0566-95-4088,14:00～LAST
リンス,新豊田駅,愛知県名古屋市中村区名駅南三丁目2-20,,,https://www.esthe-ranking.jp/tsurumai/shop-detail/13a99d42-cfcc-47ec-b3c6-e4cae0a5b353/,https://rinse.eei.jp/,駐車場 近くのコインパーキングをご利用ください。,052-526-9233,14:00～LAST
桜花（さくら）,新瑞橋駅8番出口,愛知県名古屋市南区菊住1 丁目 4 番 14 号,,,https://www.esthe-ranking.jp/horita/shop-detail/0d65a103-7717-4d29-aae5-fb19916cd8fe/,https://sakura-minamiku.eev.jp/,新瑞橋駅8番出口から徒歩2分、スーパーピアゴ道向かえ、赤のれん、エディオンの道向かえ、スーパーイオンの東口より20m北、焼き肉しむらさんの上,080-9119-2221,24時間営業
うさぎの餅つき,鶴里駅,"35.10533773321985, 136.9465165871186",35.10533773321985,136.9465165871186,https://www.esthe-ranking.jp/horita/shop-detail/64851d4b-c379-48af-b38a-09e5089ef0b0/,https://usaginomochituki.eei.jp/,アクセス欄に緯度経度と住所あり,090-4077-2534,10:00～翌 04:00
YUAN_癒,野並駅,"35.103760266908296, 136.95509921801883",35.103760266908296,136.95509921801883,https://www.esthe-ranking.jp/horita/shop-detail/36fa0f8a-26cc-439d-b130-205cd8892f14/,https://yuaniyashi.eei.jp/,野並駅から近くてアクセス抜群！,090-4792-4506,24時間営業
Mydarling,神沢駅,"35.09926562845756, 136.992428345866",35.09926562845756,136.992428345866,https://www.esthe-ranking.jp/horita/shop-detail/cd31f3b5-4515-423e-a9e7-4eeb8f059bdb/,https://mydarling.eei.jp/,緑区の神沢台リラクゼーション【Mydarling - マイダーリン】です♪ 神沢駅から近くてアクセス抜群！,070-4206-7533,09:30～翌 05:00
エトワール,野並駅1番出口,愛知県名古屋市天白区野並１丁目272番地3,,,https://www.esthe-ranking.jp/horita/shop-detail/7f71806c-dad3-45dd-b9af-4434f59e05b7/,https://etoile.eei.jp/,お店前に無料駐車場3台あり。 コインパーキング利用時、駐車料金負担致します。,070-5406-5628,12:00～翌 03:00
ハローレディー,徳重駅,"35.098101, 136.992202",35.098101,136.992202,https://www.esthe-ranking.jp/horita/shop-detail/daa8700d-8058-444b-a234-a149a6a05e81/,https://hellolady.eei.jp/,西友鳴海店 に着きましたらお電話して下さい,080-8043-1647,10:00～翌 04:00
オトナ空間,瑞穂運動場東駅,愛知県名古屋市瑞穂区八勝通２丁目２９−１,,,https://www.esthe-ranking.jp/horita/shop-detail/f308128b-b20d-47e6-8955-32fb36161c7f/,https://otonakuukan.eei.jp/,駐車場 お近くのコインパーキングにお停めください（地図をご確認下さい）,050-8896-2339,11:00～LAST
誘惑,瑞穂運動場西駅・新瑞橋駅,新瑞橋駅,,,https://www.esthe-ranking.jp/horita/shop-detail/b3546468-7e1a-472e-b71f-50db4d8a6b25/,http://youhuo.mensest.xyz/,アクセス欄に住所あり,050-6876-0254,11:00～翌 02:00
ハニー,堀田駅2番出口,愛知県東海市加木屋町御林13-20,,,https://www.esthe-ranking.jp/chita/shop-detail/84686db8-9090-46fd-bbd6-eb378bf69de9/,https://honey.ddq.jp/,大府東海ＩＣ近く,080-9732-2096,14:00～翌 03:00(土日祝：12:00～翌3:00)
台湾乙女,神沢駅,"35.09815500000001, 136.99220365889556",35.09815500000001,136.99220365889556,https://www.esthe-ranking.jp/horita/shop-detail/aacb7f59-6f5f-4a6e-b176-a76ff12284f9/,https://taiwanotome.eei.jp/,アクセス欄に緯度経度と住所あり,090-8397-3757,24時間営業
Anytime（エニータイム）,野並駅,"35.09945, 136.953908",35.09945,136.953908,https://www.esthe-ranking.jp/horita/shop-detail/beca39bb-8ecd-473a-b1ae-bf3bef463954/,https://anytime.eei.jp/,野並駅徒歩3分,080-5282-8884,11:00～翌 02:30(最終受付：翌2:00)
タイヨウ,新瑞橋駅4番出口,愛知県名古屋市瑞穂区瑞穂通８丁目２４−２,,,https://www.esthe-ranking.jp/horita/shop-detail/8b7681a7-f66e-4788-93e5-28c437ce589d/,http://wxin.odj-esute.asia/,新瑞橋駅4番出口徒歩30秒,090-8184-8386,12:00～翌 02:00
ポイズン（poison）,徳重駅,"35.097659249401985, 136.99243536415304",35.097659249401985,136.99243536415304,https://www.esthe-ranking.jp/horita/shop-detail/c4a9efce-e30b-4106-96ed-748c5faf1119/,https://poison.eei.jp/,近くの【いずみパーキング鳴海東（名古屋銀行鳴海東支店駐車場）】につきましたら、お電話ください,080-3001-6688,12:00～LAST
姫花,新瑞橋駅,愛知県名古屋市瑞穂区瑞穂通８丁目１９−５,,,https://www.esthe-ranking.jp/horita/shop-detail/34cf1de2-97d3-45f3-aebf-209c961f8628/,http://jh.sh-1.xomnbqwe.tokyo/,新瑞橋駅徒歩1分,080-4522-6111,09:00～LAST
満点girl,鶴里駅,"35.10200828460436, 136.94286313159196",35.10200828460436,136.94286313159196,https://www.esthe-ranking.jp/horita/shop-detail/ab816993-e9eb-493a-889d-8d7a75dfc9ae/,https://manten-girl.eei.jp/,セブン-イレブン 名古屋弥生町店 に着きましたらお電話して下さい,090-1497-8737,24時間営業
蜜みつ,徳重駅,愛知県名古屋市緑区黒沢台4-801,,,https://www.esthe-ranking.jp/horita/shop-detail/122bba36-673e-4fd4-895c-ccb8307c149d/,https://mitsus.navi.mn/,アクセス欄に住所あり,090-1725-3999,12:00～翌 03:00
極楽艶（ごくらくえん）,瑞穂運動場西駅,"35.123393193822096, 136.93555665848314",35.123393193822096,136.93555665848314,https://www.esthe-ranking.jp/horita/shop-detail/7f24d68f-3fe9-4778-80c9-2769467c2151/,https://gokurakuen.eei.jp/,｛マクドナルド 瑞穂通店｝付近でご連絡をお待ちしております。,070-9277-0259,12:00～翌 02:00
Bliss,相生山駅,"35.09035162066433, 136.97868868896938",35.09035162066433,136.97868868896938,https://www.esthe-ranking.jp/horita/shop-detail/9005c7fd-1066-4c08-91df-aa93fb1f931f/,https://bliss.bdd.jp/,駐車場あります。,080-8028-5440,12:00～翌 03:00
スイートルーム,聚楽園駅,"35.049791902100466, 136.91497899999993",35.049791902100466,136.91497899999993,https://www.esthe-ranking.jp/chita/shop-detail/5ae5d45f-aa06-45a4-9dd9-2228713d6aa9/,https://sweetroom.evv.jp/,駐車場：あり,080-8943-5616,11:00～LAST
魔法の乙女,住吉町駅,半田市星崎町3-16-4,,,https://www.esthe-ranking.jp/chita/shop-detail/27dede5a-0ae7-424e-be30-9da2e57eddd9/,https://mahounootome.eey.jp/,駐車場 【住吉町ルーム】店舗前有ります,080-3659-9988,11:00～翌 02:00(受付：10:00～翌1:00)
姫の城,青山駅,愛知県半田市青山２丁目２６−７,,,https://www.esthe-ranking.jp/chita/shop-detail/803dada2-a049-4e20-ab4b-93041cb08798/,http://jicirty.byb-esute.asia/,最大2000円OFFクーポン実施中！駐車場あり！PayPay使用可！ご予約ご来店、心からお待ちしております！,070-4499-3766,11:00～翌 03:00
HANA,乙川駅,"34.909493, 136.947858",34.909493,136.947858,https://www.esthe-ranking.jp/toyohashi/shop-detail/d9fbc252-dfa7-4cad-a9a9-50decd075ce3/,https://hana.eeq.jp/,Ｖ・drug 半田乙川店近くに着きましたらお電話して下さい,090-7114-7445,09:00～翌 03:00
Peach Girl〜ピーチガール,青山駅,愛知県半田市青山１丁目７,,,https://www.esthe-ranking.jp/chita/shop-detail/7153a443-0f6d-49f3-a3f9-7778a668f4b6/,https://peachgirl.ooa.jp/,【松のや 半田店】付近でお電話ください。,090-6106-6611,12:00～翌 03:00
秘密の彼女,太田川駅,愛知県東海市大田町後田214-1,,,https://www.esthe-ranking.jp/chita/shop-detail/790a615a-5489-4d97-b24e-5d0a9bcc6d5f/,https://kanojyo.crayonsite.info/,新時代居酒屋の近くに着いたら、ご連絡ください。,080-9525-7136,11:00～翌 03:00
愛の魂（あいのたましい）,大府駅・尾張森岡駅,愛知県知多郡東浦町森岡新池下３６,,,https://www.esthe-ranking.jp/chita/shop-detail/0a4c3245-3b2c-48ec-adac-d08a61c94c2a/,http://adh.sh-himenoyw.work/,尾張森岡駅徒歩8分,090-7058-6428,12:00～翌 03:00
ミツバチ,知多半田駅,"34.89138299999999, 136.92453766717026",34.89138299999999,136.92453766717026,https://www.esthe-ranking.jp/chita/shop-detail/1554103f-e317-4f08-893f-d32cdcef97b5/,https://mitsubachi.eei.jp/,駐車場 3台あり,080-9496-9392,12:00～翌 02:00
セレブ秘書,名和駅,"35.0598300933293, 136.91247705644517",35.0598300933293,136.91247705644517,https://www.esthe-ranking.jp/chita/shop-detail/d459a15d-fe88-4ebd-934b-f2bc988ec71f/,https://serebuhisho.xnn.jp/,【NEWOPEN】■東海市に新装開店！駅徒歩1分 扉を開ければ都会の喧騒を忘れる別世界♪ ■朝8時〜翌3時まで営業 仕事帰りも深夜も、ふと思い立った時に♪ ■若く魅力的な中国人スタッフ 絶妙な距離感と気遣いで心解ける癒やしを♪,050-6881-5012,08:00～翌 03:00
淑女の手,太田川駅,愛知県東海市富木島町伏見1丁目17-9,,,https://www.esthe-ranking.jp/chita/shop-detail/669d5cf8-aabd-4b9c-9137-7702ec754148/,https://syukuzyonote.ddq.jp/,キング666東海店駐車場すぐ隣り,070-8510-8226,24時間営業
バニラ〜vanilla〜,共和駅,愛知県大府市東新町2丁目205番,,,https://www.esthe-ranking.jp/chita/shop-detail/aed07205-ff17-4989-a706-632b55febafd/,https://vanilla.oou.jp/,♪新人ナナちゃん入りました♪大府のリラクゼーションバニラ~vanillaです。共和駅から徒歩約4分なのでアクセス抜群！全員【本人保証】！心から喜んでいただけるようなサービスで、疲れやストレスの解消を体感できます！,080-9001-7118,12:00～翌 03:00
激安美人,朝倉駅,愛知県知多市八幡新町１丁目10-9,,,https://www.esthe-ranking.jp/chita/shop-detail/61c63a06-a46e-42d3-b1e8-04e68f3f40a1/,https://gekiyasu-bijin.navi.mn/,アクセス欄に住所あり,050-6862-0454,11:00～LAST
ふらり,共和駅西口,"35.03432431324703, 136.95419149030886",35.03432431324703,136.95419149030886,https://www.esthe-ranking.jp/chita/shop-detail/ba05d933-897c-407b-83cb-b2e174c74a97/,https://furari.vvo.jp/,大府市のリラクゼーション【ふらり】です♪ 共和駅西口から近くてアクセス抜群！,070-6585-7192,12:00～翌 02:00(平日最終受付：翌01:30)
Amor（アモール）,太田川駅,"35.016414859496614, 136.91153165451487",35.016414859496614,136.91153165451487,https://www.esthe-ranking.jp/chita/shop-detail/9814be56-c87c-4a4d-873c-8b7b263d1464/,https://amor.ddv.jp/,店舗前に駐車場11台あります。,090-6643-0052,14:00～翌 03:00
ダーリン,朝倉駅,愛知県知多市八幡新町1-14-8,,,https://www.esthe-ranking.jp/chita/shop-detail/4081946b-c4a1-4812-9287-b89e5ae3f287/,https://darling.navi.mn/,朝倉駅徒歩7分,080-7482-8990,11:00～LAST
美女世界,新舞子駅,愛知県知多市新舞子字大口204-8,,,https://www.esthe-ranking.jp/chita/shop-detail/c5e16cec-6658-4253-9c73-ed0819587924/,https://bijyosekai.eei.jp/,駐車場あります。,090-4495-1199,24時間営業
X女学園,青山駅,"34.877953, 136.915876",34.877953,136.915876,https://www.esthe-ranking.jp/chita/shop-detail/71d090f5-1880-467d-8ae3-72832f8257a7/,https://xjogakuen.eei.jp/,アクセス欄に緯度経度と住所あり,070-1665-6488,12:00～翌 03:00
ラブラブ,共和駅,"35.03067309815594, 136.95709197617637",35.03067309815594,136.95709197617637,https://www.esthe-ranking.jp/chita/shop-detail/842fec4c-c57f-45aa-8b1a-e43f50786472/,https://lovelove.eeq.jp/,近くのゲオ共和店（大府市追分町１丁目５６）の裏側の駐車場に着きましたら、お電話ください,070-4204-4157,11:00～翌 03:00
High Grande,半田駅,愛知県半田市荒古町２丁目１３,,,https://www.esthe-ranking.jp/chita/shop-detail/00fc6901-9b5f-4c97-91df-fb9dedda2a3d/,https://high-grande.iest.in/,駐車場,090-6643-6989,24時間営業
Lucky（ラッキー）,青山駅,愛知県半田市有楽町6丁目92,,,https://www.esthe-ranking.jp/chita/shop-detail/4a790537-1772-42da-8289-ddf81ce08716/,https://lucky.zzj.jp/,青山駅から近くてアクセス抜群！,080-7881-6360,12:00～LAST
Candy Heart（キャンディーハート）,知多半田駅,"34.895788, 136.914494",34.895788,136.914494,https://www.esthe-ranking.jp/chita/shop-detail/d9a7634a-37b6-4650-a8c0-3b8036af7930/,https://candyheart.eei.jp/,【セブン-イレブン 半田雁宿町店】近くに着いたらお電話ください。,090-8702-8376,24時間営業
おりびあ,共和駅,"35.034814352849374, 136.95744997552612",35.034814352849374,136.95744997552612,https://www.esthe-ranking.jp/chita/shop-detail/096a763d-8798-40a8-ab84-e8d7c1bc994c/,https://oribia.eeh.jp/,【あいち銀行 大府中央支店横のコインパーキング】（愛知県大府市東新町２丁目１８０）に着きましたら、お電話ください,080-4226-1668,12:00～翌 03:00
クレオパトラ,太田川駅,"35.021257889150796, 136.89490181339985",35.021257889150796,136.89490181339985,https://www.esthe-ranking.jp/chita/shop-detail/f19feec3-faa7-4da0-a9d7-8c765a44799c/,https://cleopatra.eei.jp/,東海市にメンズエステ【クレオパトラ】が待望の新規オープン！太田川駅から徒歩すぐの好アクセスで、通いやすさもバッチリ♪実力派セラピストが、心身の疲れをやさしくほぐして癒しの世界へご案内します☆日々の疲れを忘れて、贅沢なひとときをぜひ当店でご体感ください！,090-9122-5885,12:00～LAST
HOT COCO（ホットココ）,共和駅,"35.035511, 136.955049",35.035511,136.955049,https://www.esthe-ranking.jp/chita/shop-detail/f38b27ae-a3fa-4170-a2f2-8dfb05c4eaee/,https://hotcoco.eei.jp/,目的地（地図）に着きましたら再度お電話ください。,080-9735-7370,11:00～LAST
バニラキッス,尾張横須賀駅西口,愛知県東海市横須賀町四ノ割20,,,https://www.esthe-ranking.jp/chita/shop-detail/dc561512-1714-45cc-b482-5a807758ff31/,https://vanillakiss.eei.jp/,尾張横須賀駅から徒歩５分のアクセス抜群のリラクゼーション店です。疲れが気になるあなたにぴったりの癒しのマッサージで潤いある一時をお過ごし下さい。,070-2677-1353,12:00～翌 03:00
2倍ドキッ!,大府駅・共和駅,"35.00779545076812, 136.96944431355212",35.00779545076812,136.96944431355212,https://www.esthe-ranking.jp/chita/shop-detail/23004e5b-dbef-4151-a6e8-2a5ca1d4813a/,https://nibaidoki.eei.jp/,駐車場あります。,080-1940-5013,12:00～翌 03:00
Luna,青山駅,"34.875426, 136.918247",34.875426,136.918247,https://www.esthe-ranking.jp/chita/shop-detail/424cc4da-0335-4192-a2e8-ec617478e74a/,https://luna.eew.jp/,お客様の疲れ具合に合わせた癒しの技でまた次の日も頑張れること間違いなし！半田市のリラクゼーション【Luna~ルナ~】です♪ 青山駅から近くてアクセス抜群！,070-6410-1607,11:00～翌 02:00
お待たせ,八幡新田駅,"34.974531, 136.911634",34.974531,136.911634,https://www.esthe-ranking.jp/chita/shop-detail/e99bbf5f-7cbe-4fd5-89e0-c64fc05f9669/,https://omatase.eei.jp/,駐車場：店舗前にあります,080-5709-0314,13:00～翌 04:00
明るい少女,半田口駅,愛知県半田市岩滑東町２丁目１０２,,,https://www.esthe-ranking.jp/chita/shop-detail/8ebd851d-9347-47bc-8b2b-6e8a90320820/,https://bright-giries.navi.mn/,アクセス欄に住所あり,080-3280-0372,12:00～翌 02:30
大好き×２,亀崎駅,愛知県半田市大伝根町２丁目１−１４,,,https://www.esthe-ranking.jp/chita/shop-detail/c4511c7a-c2f0-45d4-96f9-3de18cc5674d/,https://daisuki-daisuki.eei.jp/,着きましたらお電話ください,090-3422-5888,12:00～LAST
養生館,知多半田駅,"34.89138970242493, 136.92450209642053",34.89138970242493,136.92450209642053,https://www.esthe-ranking.jp/chita/shop-detail/872ee46a-eb00-40a8-be97-216d2faf404f/,http://nana.odj-esute.asia/,愛知県半田市瑞穂町8一12ー11に着きましたら、ご連絡ください。,090-6770-6888,24時間営業
癒しの家,半田駅,愛知県半田市瑞穂町7-2-7,,,https://www.esthe-ranking.jp/chita/shop-detail/eed5c133-97f1-415e-9dcc-c625d8d0d146/,https://iyashinoie.eeq.jp/,最高のセラピストが揃ったここなら、心も体も軽くなります♪ひとりひとりに合わせたマッサージで隅々まで癒されてくださいね。お近くまでお寄りの際は、是非遊びに来て下さいね！,080-7262-5858,12:00～24:00
恋する乙女,尾張横須賀駅,"35.009202, 136.886829",35.009202,136.886829,https://www.esthe-ranking.jp/chita/shop-detail/e8570beb-b9b8-484e-acaa-889bed32ea16/,https://koisuruotome.bdd.jp/,駐車場：あり【横須賀駅近くに着きましたら、ご連絡ください】,090-7245-9051,24時間営業
あしたを愛してる,青山駅,愛知県半田市有楽町５丁目３７,,,https://www.esthe-ranking.jp/chita/shop-detail/fd5cf4cf-f9e0-41ce-b27e-eaf8049228bc/,http://love.sh-lo.tokyo/,4月28日より新人：かおりちゃん/本人保証ヤヤちゃん/本人保証 2名在籍技術最高！最大3000円割引の特典実施中！店舗前共有駐車場あり！仕事帰りや買い物ついでにも立ち寄りやすい♪PayPay利用可能！,070-6686-3888,12:00～LAST
ラクネイ,尾張横須賀駅西口,愛知県東海市横須賀町四ノ割20,,,https://www.esthe-ranking.jp/chita/shop-detail/1cf2ec56-5a6a-4a8c-920e-88cf1df6e386/,https://rakunei.eei.jp/,★東海市のリラクゼーション店がNEWOPEN★尾張横須賀駅西口から徒歩約5分の抜群のアクセス,080-4531-8133,14:00～翌 03:00
美少女にゃんにゃん,高横須賀駅,愛知県東海市加木屋町内堀１３９−１,,,https://www.esthe-ranking.jp/chita/shop-detail/2e697355-ff1b-4038-a5e7-b8f4cb92312e/,http://opaod.odj-esute.asia/,高横須賀駅徒歩10分,080-1281-5065,12:00～翌 02:00
純な少女,青山駅,愛知県半田市青山５丁目１−４,,,https://www.esthe-ranking.jp/chita/shop-detail/f6eab40d-df8e-4972-bad0-fe6ca3754342/,https://a-girlone.navi.mn/,アクセス欄に住所あり,090-2350-4026,12:00～翌 02:30
ありみ,乙川駅,愛知県半田市新居町6-4-1,,,https://www.esthe-ranking.jp/chita/shop-detail/9e4e8265-6489-4b7b-af6c-8e561efeee5e/,http://massage-est.info/,駐車場あり,080-7642-6688,12:00～LAST
魅娘（みむすめ）,青山駅,"34.87458921644219, 136.9184072334971",34.87458921644219,136.9184072334971,https://www.esthe-ranking.jp/chita/shop-detail/b578176b-8857-482f-8a88-ae6550d8e2e0/,http://mimusume.sh-ilp.tokyo/,【セブン-イレブン 半田有楽町店】の近くに着いたらお電話ください。,070-1639-0817,12:00～LAST
Secret Room,南加木屋駅,愛知県愛西市諏訪町中杁２８６番地１,,,https://www.esthe-ranking.jp/owari/shop-detail/35ffb4d2-1afc-4f5a-a0d9-ba4c0dab497e/,http://secret.sh-lbr.tokyo/,ファミリーマート 佐織諏訪店の近くに着いたら、ご連絡ください。,090-3299-5798,10:00～LAST
ナイショガーデン,知多半田駅,"34.8978528720444, 136.92806983738694",34.8978528720444,136.92806983738694,https://www.esthe-ranking.jp/chita/shop-detail/7cb57d74-cded-407f-86b7-7776ab8a1609/,https://evening-garden8.iest.in/,地図の駐車場に着いたらお電話ください。,070-2165-9888,24時間営業
巨峰,大府駅,"35°00'25.9""N 136°57'31.0""E",,,https://www.esthe-ranking.jp/chita/shop-detail/8c9b1810-5acd-44a8-a088-58da2dd0a6fa/,https://kyohou.eev.jp/,大府市のリラクゼーション巨峰です♪ 大府駅から近くてアクセス抜群！こだわった店内で疲れを解消して頂けるよう、一生懸命施術させて頂きます。セラピストが与える贅沢な安らぎに包まれながら、ひとりひとりに合わせたマッサージで隅々まで癒されてくださいね。,080-7708-5264,11:00～翌 02:00
LaLa spa,太田川駅,愛知県東海市高横須賀町４丁目１１４,,,https://www.esthe-ranking.jp/chita/shop-detail/f91f6cac-5e1d-4081-9288-75059b67af2d/,https://lalaspatokai.crayonsite.net/,駐車場 あり,070-4067-3149,11:00～翌 03:00
AROMA more,尾張森岡駅,愛知県知多郡東浦町森岡前田48,,,https://www.esthe-ranking.jp/chita/shop-detail/b86c8a2a-8e76-44b1-84a0-7c43a5ce1421/,https://kirakuen.ood.jp/,駐車場あります。,090-2496-6888,12:00～翌 03:00
快感パニック,共和駅,"35.03506645802561, 136.9550282804868",35.03506645802561,136.9550282804868,https://www.esthe-ranking.jp/chita/shop-detail/d017d3a7-866f-4be6-b662-52e1d0fb7b8a/,http://panic.sh-ohv.tokyo/,ここに着きましたら、お電話ください,070-3165-1358,11:00～LAST
にこにこ,共和駅,愛知県名古屋市中川区高畑２丁目２２番地,,,https://www.esthe-ranking.jp/tokaidori/shop-detail/59510a55-7dbc-4458-9d53-373b21de655d/,http://vanillakiss.odj-esute.asia/,地図の位置に着きましたら、ご連絡ください。,090-8556-5974,10:00～翌 02:00
STELLARIS（ステラリス）,尾張横須賀駅,"35.01034686333654, 136.88555769934447",35.01034686333654,136.88555769934447,https://www.esthe-ranking.jp/chita/shop-detail/1b150d70-90ae-4cc9-b8d4-7782d0743d15/,https://stellaris.eei.jp/,尾張横須賀駅に着きましたらお電話ください。,090-6351-3844,12:00～翌 01:00
Sweet Baby（スウィートベイビー）,尾張横須賀駅,"35.01034426786107, 136.88556225037655",35.01034426786107,136.88556225037655,https://www.esthe-ranking.jp/chita/shop-detail/af94a32d-2e84-498d-bc75-b5932bed8368/,https://sweetbaby.eev.jp/,ファミリーマート津知屋横須賀店に着きましたらお電話ください,090-1789-5688,11:00～翌 02:00
Boundless～バウンドレス,半田駅,愛知県半田市瑞穂町８丁目７−４,,,https://www.esthe-ranking.jp/chita/shop-detail/d46ee369-7665-43bc-b07d-e7623071b651/,https://boundless.crayonsite.net/,アクセス欄に住所あり,080-1352-1176,11:30～翌 03:00
ハッピーバブルズ,太田川駅,"35.02064806902949, 136.9094785146315",35.02064806902949,136.9094785146315,https://www.esthe-ranking.jp/chita/shop-detail/d5aca42b-175d-47c8-9b61-3a88a2937000/,https://happybubbles.bdd.jp/,駐車場あります。,070-8987-0520,24時間営業
楽（らく）,巽ヶ丘駅,"34.962736, 136.91509",34.962736,136.91509,https://www.esthe-ranking.jp/chita/shop-detail/a173724c-7c13-447f-9f93-49a1b81f6ccf/,https://yasasii.eeh.jp/,地図の近辺に着きましたらお電話ください,070-3548-4340,24時間営業
中国館,青山駅・太田川駅,愛知県半田市青山1-9-15,,,https://www.esthe-ranking.jp/chita/shop-detail/8c1d07c9-9d50-456f-8f60-c42b08e707f4/,https://www.chugokukan6688.com/,アクセス欄に住所あり,0569-89-9896,10:00～24:00
First Love（ファーストラブ）,知多半田駅,"34.88885054997958, 136.926377517977",34.88885054997958,136.926377517977,https://www.esthe-ranking.jp/chita/shop-detail/2161f65c-20fd-4be5-b896-f37bcf1fdb40/,https://firstlove.uud.jp/,★知多半田駅徒歩8分・First Love~ファーストラブ★ お得な割引コースを多数ご用意しております！美しくセクシーなセラピストたちが、優しく丁寧な施術で癒しの時間をお届け♪疲れた心と身体を、極上のリラックス空間でゆっくり癒してください。,080-4226-9988,11:00～LAST
吉利（ジリ）,大府駅,"35.008935, 136.973164",35.008935,136.973164,https://www.esthe-ranking.jp/chita/shop-detail/46cdc562-3247-47fa-8088-3f21e6204723/,https://ziri.eei.jp/,駐車場：店舗前と店舗の裏にあります。裏の駐車場は201号になります。,0562-46-8822,12:00～翌 02:00
猫もみ,知多半田駅,"34.900370549952235, 136.93045700000005",34.900370549952235,136.93045700000005,https://www.esthe-ranking.jp/chita/shop-detail/358a25a7-d825-4e76-83cc-2dff0a1ba078/,https://nekomomi.evv.jp/,駐車場2台あります,070-3990-7175,12:00～LAST
Love（ラブ）,成岩駅,愛知県半田市栄町3丁目31番地,,,https://www.esthe-ranking.jp/chita/shop-detail/9afd18df-fa4c-41ac-9506-000eeff652f9/,https://love.zzl.jp/,アクセス 半田市成岩駅前すぐ。イシハラフード成岩店近く。,090-1729-1685,12:00～LAST
鑫鑫（しんしん）,大府駅,"35.022170180807144, 136.9881545183385",35.022170180807144,136.9881545183385,https://www.esthe-ranking.jp/chita/shop-detail/c331cc60-b9e6-46a0-b9bf-b2c305898e09/,https://shinshin.eev.jp/,アクセス欄に緯度経度と住所あり,090-8475-8999,13:00～LAST
四季館（しきかん）,坂部駅,愛知県知多郡阿久比町卯坂字坂部3,,,https://www.esthe-ranking.jp/chita/shop-detail/8b8e47f0-4660-416a-ab77-e8fac68736db/,https://shikikan.ooe.jp/,坂部駅徒歩2分,080-5139-0107,12:00～翌 01:00
もみもみ館,知多半田駅,愛知県半田市清城町1丁目12-21,,,https://www.esthe-ranking.jp/chita/shop-detail/abb9cdfb-f8f5-4a41-9170-5afe399b61c2/,https://momimomi.eev.jp/,アクセス欄に住所あり,080-3677-8868,11:00～24:00
七彩（ななさい）,青山駅,"34.868395, 136.911407",34.868395,136.911407,https://www.esthe-ranking.jp/chita/shop-detail/e4623790-43e2-4d47-adf6-3c5574814bbf/,https://nanasai.eev.jp/,アクセス アオキスーパー武豊店付近に到着しましたらご連絡下さい。,070-9080-2107,12:00～LAST
温柔の郷,共和駅,愛知県大府市追分町2-129,,,https://www.esthe-ranking.jp/chita/shop-detail/a52bfe56-42fa-4ff6-a418-04c8fb2dcb3a/,https://onjyunosato.eei.jp/,新人2名入店中！大府市のリラクゼーション【温柔の郷 - おんじゅうのさと】です♪ 共和駅から近くてアクセス抜群！,090-9898-2666,11:00～LAST
夜桜（よざくら）,青山駅,■愛知県,,,https://www.esthe-ranking.jp/chita/shop-detail/cf3eb5d4-bc89-462f-a50d-4371f834eab0/,https://yozakura.ooz.jp/,朝倉駅徒歩15分,090-3932-1668,12:00～翌 03:00
ふわり～Fuwari～,一社駅,"35.183333, 136.987056",35.183333,136.987056,https://www.esthe-ranking.jp/hoshigaoka/shop-detail/0258bebb-c1af-41d8-a7af-98a12281e7d1/,https://fuwari123.crayonsite.info/,近くの【コーポ宮根（名古屋市名東区八前1丁目205）】に着きましたら、お電話ください,080-9573-9776,11:00～翌 03:00
舞の夢,一社駅,"35.169767997381, 136.9948060328478",35.169767997381,136.9948060328478,https://www.esthe-ranking.jp/hoshigaoka/shop-detail/b8b5d16f-38b8-47bc-a486-e134a99cc0a1/,https://nagisa.bdd.jp/,パーキング【タイムズ一社第３】に着きましたらお電話してください,080-4546-5025,24時間営業
LOVE,藤が丘駅,愛知県名古屋市港区東海通4-2-1,,,https://www.esthe-ranking.jp/tokaidori/shop-detail/a22aac26-c74e-4348-91f0-a98262aa0b35/,http://rabu.sh-srx.tokyo/,東海通駅徒歩1分,070-8385-0209,24時間営業
甘い気持ち,藤が丘駅,藤が丘駅 愛知県,,,https://www.esthe-ranking.jp/hoshigaoka/shop-detail/786356ba-c4aa-42b8-a5e7-6e642b659405/,https://amaikimochi.eei.jp/,駐車場 近くにコインパーキングあります。,070-1615-6462,09:00～LAST
美人姿,藤が丘駅,"35.185354, 137.028961",35.185354,137.028961,https://www.esthe-ranking.jp/hoshigaoka/shop-detail/edb8410c-70e0-4c1e-ab73-b4a7c8491a79/,https://bijinshi.roo.jp/,★名東区に待望の癒し空間がグランドオープン！藤が丘駅から徒歩圏内★極上のリラクゼーションをご提供♪厳選されたセラピストたちが織りなす繊細な施術が、心身を深く満たします。洗練された静寂のプライベート空間で、特別な癒しの時間をお楽しみください,080-8691-1629,12:00～翌 03:00
ピンクハニー,本郷駅2番出口,"35.17715475303084, 137.0151311919102",35.17715475303084,137.0151311919102,https://www.esthe-ranking.jp/hoshigaoka/shop-detail/e9212fd9-0189-4ed7-a5e1-b93d1a4e0cc9/,https://pinkhoney.eei.jp/,本郷駅から近くてアクセス抜群！,070-4486-7412,09:00～翌 05:00
Kiss パラダイス,上社駅,愛知県名古屋市名東区上社１丁目１３１１,,,https://www.esthe-ranking.jp/hoshigaoka/shop-detail/1290d36a-f444-467b-8c77-b5d340239f38/,http://kiss.sh-mxe.tokyo/,上社駅徒歩2分,090-1792-1468,11:00～LAST
マイメード,藤が丘駅,"35.17502568218353, 137.01649630610459",35.17502568218353,137.01649630610459,https://www.esthe-ranking.jp/hoshigaoka/shop-detail/b5fd8df2-39d9-4fd9-931f-4f3e9e537baa/,https://mer-maid.navi.mn/,アクセス欄に緯度経度と住所あり,090-7162-4158,11:00～LAST
素敵な夜,上社駅,愛知県名古屋市名東区上社4-89,,,https://www.esthe-ranking.jp/hoshigaoka/shop-detail/7cca27f5-7de1-4c76-ad8b-2efd09d0d69a/,https://sutekinayoru.bdd.jp/,上社駅徒歩3分,090-4966-4273,11:00～翌 03:00
秘密Lover,藤が丘駅,"35.180566, 137.019904",35.180566,137.019904,https://www.esthe-ranking.jp/hoshigaoka/shop-detail/2df2d102-082d-458d-9a05-7622d9a81028/,https://himitulover.eei.jp/,駐車場：お近くのコインパーキングをご利用ください。,070-4071-6046,11:00～翌 05:00
オカエリ,本郷駅,"35.175067, 137.017851",35.175067,137.017851,https://www.esthe-ranking.jp/hoshigaoka/shop-detail/74d79235-ead0-4ce6-a66b-159b4e0e696d/,https://okaeri.bdd.jp/,アクセス欄に緯度経度と住所あり,090-7675-2080,10:00～翌 03:00
白月光,本郷駅,"35.174878, 137.016034",35.174878,137.016034,https://www.esthe-ranking.jp/hoshigaoka/shop-detail/ffcac49e-f7c2-47d3-a2cd-a711319f489e/,https://kingstan.eei.jp/,アクセス欄に緯度経度と住所あり,080-8631-9305,09:30～翌 04:30
パクパクチューチュー,一社駅,愛知県名古屋市名東区八前１丁目４１０,,,https://www.esthe-ranking.jp/hoshigaoka/shop-detail/6944a066-fa23-4ed4-922b-759af67a1c5e/,http://slurp.sh-yuzazaiiy.tokyo/,ここに着きましたら、お電話ください。,090-2787-1487,11:00～LAST
癒しの猫,藤が丘駅,"35.101913067877526, 136.94302113861758",35.101913067877526,136.94302113861758,https://www.esthe-ranking.jp/horita/shop-detail/b6f601c2-7ce5-47a6-94ff-6ccd12bdbe61/,https://iyashinoneko.eev.jp/,【セブンイレブン 名古屋弥生町店】近くに着いたらお電話ください。,050-6874-5685,12:00～翌 03:00
ハニータイム,一社駅,"35.064926, 136.97588",35.064926,136.97588,https://www.esthe-ranking.jp/kasadera/shop-detail/7ff5eebe-0165-43c1-a18f-476ac63e1631/,https://honeytime.evv.jp/,太子ヶ根公園に着きましたらお電話して下さい,090-8545-2666,12:00～翌 02:00
健康カプセルサロン,藤が丘駅,■愛知県,,,https://www.esthe-ranking.jp/hoshigaoka/shop-detail/889e3e92-83e2-49b3-ac72-26bd1c580db4/,https://shop2.es-johokan.com/kenkoucapsulesalon-f/,アクセス欄に住所あり,080-4544-0635,10:00～LAST
Candy（キャンディー）,金山駅北口,"35.145724, 136.900963",35.145724,136.900963,https://www.esthe-ranking.jp/kanayama/shop-detail/8df24e0f-3b93-45ad-bbe7-3fac1cdb39b7/,https://candy.ddq.jp/,金山総合駅北口からイオン横を北に徒歩約３分！,090-1725-3999,11:00～翌 02:00
Valley（ヴァリー）,金山駅北口,愛知県名古屋市中区金山4丁目3ー2,,,https://www.esthe-ranking.jp/kanayama/shop-detail/53b0c389-be3b-4e78-bc41-d5abae0934f0/,https://valley.eev.jp/,金山駅北口徒歩3分,052-324-7581,11:00～翌 02:00
極楽のひととき,六番町駅,"35.116263326689136, 136.8910340805791",35.116263326689136,136.8910340805791,https://www.esthe-ranking.jp/kanayama/shop-detail/e802eae5-543e-473d-800a-9a4c212f1a38/,https://gokurakunohitotoki.eei.jp/,近くの【ウエルシア熱田五番町店】につきましたら、お電話ください,090-1813-1040,11:00～翌 02:00
台湾夢の天使,金山駅北口,金山駅,,,https://www.esthe-ranking.jp/kanayama/shop-detail/16ba92e7-5d43-482d-bbb3-89a9542dfdb6/,https://airfeel-taibei.navi.mn/,アクセス欄に住所あり,080-2656-5881,09:00～翌 04:00
桜花爛漫,金山駅南口1分,"35.142444998809815, 136.8988235367034",35.142444998809815,136.8988235367034,https://www.esthe-ranking.jp/kanayama/shop-detail/daeb73f5-f585-4962-8e8c-3c6576079b19/,https://oukaranman.eei.jp/,金山駅から近くてアクセス抜群！,080-7654-1688,11:00～翌 03:00
Nice Feelings（ナイスフィーリングス）,金山駅南口,"35.1434989, 136.8970775",35.1434989,136.8970775,https://www.esthe-ranking.jp/kanayama/shop-detail/95c59dae-b9a0-401a-ac22-5ef69276bcf8/,https://nicefeelings.eei.jp/,名古屋市中区のリラクゼーションNiceFeelingsです♪ 金山駅から近くてアクセス抜群！,080-3282-9076,12:00～翌 03:00
マリーゴールド,金山駅南口,"35.14221671471016, 136.9004832164526",35.14221671471016,136.9004832164526,https://www.esthe-ranking.jp/kanayama/shop-detail/77b61032-9822-434a-8868-99b602e6e025/,http://marigold.sh-paq.tokyo/,金山駅南口徒歩2分,080-9777-1687,24時間営業
タンポポ,金山駅南口,金山駅,,,https://www.esthe-ranking.jp/kanayama/shop-detail/d739ebdc-6756-4a0d-afc2-a2b690efa2df/,http://dandelion.naj-esute.asia/,5月 3日新人入店いたしました。同時に 3 名以上のお客様に対応できます。写真は100％本人保証、体重45キロの美女で、心と体を優しく包み、究極の癒しを楽しんで、200％ご満足保証！さらに人気コースが 3000 円引きとなります！！,070-1544-6575,24時間営業
MK5,金山駅北口,"35.14538800000006, 136.9036973411045",35.14538800000006,136.9036973411045,https://www.esthe-ranking.jp/kanayama/shop-detail/4e8391b7-0645-4127-87da-3fd15b201034/,https://mk5.eei.jp/,JR金山駅北口／名城線金山駅【1番出口】,090-9213-8666,11:00～LAST
桃楽園（とうらくえん）,金山駅南口,愛知県名古屋市中区正木4-8-8 メゾン金山1006号,,,https://www.esthe-ranking.jp/kanayama/shop-detail/8bf7f595-3f35-4f84-a6eb-04dcab4efeb4/,https://tourakuen.eey.jp/,名古屋・金山駅から徒歩２分,052-265-6979,10:00～翌 05:00
ホワイトフラワー,金山駅,"35.14289683574782, 136.89874675410525",35.14289683574782,136.89874675410525,https://www.esthe-ranking.jp/kanayama/shop-detail/019afceb-29ad-485e-bb24-ab0454a10582/,http://whiteflower.refle.shop/,駐車場：お近くのコインパーキングをご利用ください。,080-1819-4790,24時間営業
clover（クローバー）,金山駅,"35.14081, 136.892871",35.14081,136.892871,https://www.esthe-ranking.jp/kanayama/shop-detail/cc0378f3-0b2b-4503-8452-21c71e4fe0b3/,https://clover.ooa.jp/,金山駅・尾頭橋駅近くに新規オープン！落ち着いた雰囲気の店内で身も心も癒される時間を体験してください！,080-9720-1688,12:00～翌 03:00
台湾Honey（ハニー）,金山駅,愛知県名古屋市熱田区金山町１丁目,,,https://www.esthe-ranking.jp/kanayama/shop-detail/2414d4fe-3fd9-41a7-a1a4-5a3e274aea9a/,https://honey-baby.navi.mn/,金山駅徒歩1分,080-5861-8215,24時間営業
きらり,金山駅南口,"35.14276700000751, 136.89489567055745",35.14276700000751,136.89489567055745,https://www.esthe-ranking.jp/kanayama/shop-detail/78f396e9-f456-4ef3-9d41-25315a0ecaaf/,https://kirari.bdd.jp/,金山駅から近くてアクセス抜群！中川区のリラクゼーション【キラリ】です♪,080-3332-8889,11:00～LAST
HAPPY HONEY（ハッピーハニー）,金山駅南口,"35.14240023068077, 136.8988171915815",35.14240023068077,136.8988171915815,https://www.esthe-ranking.jp/kanayama/shop-detail/974e991c-1f71-43a1-88c7-18f5e5043bff/,http://happyhoney.refle.shop/,金山駅南口から近くてアクセス抜群！,070-1634-7888,24時間営業
黒猫の恋,日比野駅,"35.13844990329356, 136.89351767055226",35.13844990329356,136.89351767055226,https://www.esthe-ranking.jp/kanayama/shop-detail/b38cfa32-8fac-4202-8aca-66519642b030/,https://kuronekonokoi.eei.jp/,駐車場有り（2台） ※近くにコインパーキングもございます。,080-6955-0555,12:00～翌 03:00
フォレスト,尾頭橋駅,"35.148633, 136.89344",35.148633,136.89344,https://www.esthe-ranking.jp/kanayama/shop-detail/5cc87748-542f-45e2-8be2-319ce688825f/,https://relahouse.eei.jp/,尾頭橋駅徒歩5分,080-3637-8889,10:00～翌 03:00
桜の香り,金山駅,金山駅,,,https://www.esthe-ranking.jp/kanayama/shop-detail/08297bf5-5cd7-4555-91ff-cc5d23e03e59/,http://cherry-blossom.fbh-esute.asia/,金山駅 に着きましたら、ご連絡ください。,080-2901-9069,10:00～翌 02:00
部屋の秘密,金山駅北口2番出口,"35.145208, 136.90502",35.145208,136.90502,https://www.esthe-ranking.jp/kanayama/shop-detail/1fe59982-5900-4693-bb5b-cf7f3f6cf7bc/,https://heyanohimitu.eei.jp/,金山駅北口2番出口に着きましたら、お電話ください。,080-9690-1944,12:00～翌 02:30
白い恋人,東別院駅,"35.153486302099104, 136.89842769391112",35.153486302099104,136.89842769391112,https://www.esthe-ranking.jp/kanayama/shop-detail/6d523317-3db2-43dd-8928-288a2b2ee10d/,https://siroikoibito.eei.jp/,NEW OPEN♪中区、金山、大須エリアのリラクゼーションマッサージ白い恋人です。東別院駅から徒歩７分、大須観音駅から徒歩７分、上前津駅から徒歩10分、金山駅から徒歩12分の落ち着いた雰囲気の店内でセラピストとゆったりとした時間を過ごすことができます。,070-1676-6888,12:00～翌 03:00
Lemon（レモン）,尾頭橋駅,"35.141819, 136.893596",35.141819,136.893596,https://www.esthe-ranking.jp/kanayama/shop-detail/9715d370-ca63-4b4d-b2ff-f2f59a0d7938/,https://lemon.ddv.jp/,尾頭橋駅から近くてアクセス抜群！,070-1662-0658,12:00～翌 03:00
もみじ,金山駅南口,愛知県名古屋市南区柴田本通4-1,,,https://www.esthe-ranking.jp/kasadera/shop-detail/145e8d7d-edfc-4c0f-9feb-3dc961c6eb6f/,https://momiji.ddq.jp/,駐車場 近くのコインパーキングをご利用ください,080-9790-8513,24時間営業
美豊サロン,尾頭橋駅,"35.14295428435856, 136.8933408229292",35.14295428435856,136.8933408229292,https://www.esthe-ranking.jp/kanayama/shop-detail/e1846238-3cf8-4fde-9572-37f3685f1689/,https://bihousalon.eei.jp/,セブンイレブン 名古屋尾頭橋店 に着きましたらお電話して下さい,070-3765-1762,12:00～翌 02:00
大好きオッパ,金山駅南口,■愛知県,,,https://www.esthe-ranking.jp/kanayama/shop-detail/1e582370-0cb8-48f4-991d-676a970c0c1b/,https://www.daisukiopa184.info/,アクセス欄に住所あり,080-5644-6688,12:00～LAST
つばき,金山駅北口,■愛知県,,,https://www.esthe-ranking.jp/kanayama/shop-detail/4bdd9fcb-d1dd-459f-90a8-ca880619c0d7/,https://tsubaki.eei.jp/,金山駅北口徒歩1分,052-322-2373,12:00～23:30(土日祝：11:00～23:30 最終受付：22:30)
恵欣媛（けいきんえん）,大江駅,愛知県名古屋市南区北頭町3-11,,,https://www.esthe-ranking.jp/kasadera/shop-detail/0a65b5e4-41e3-4f43-9b49-95e85821d784/,https://keikinen.ooa.jp/,"大江駅・笠寺駅の近く。若い女の子のお店です。可愛い子ばかり！態度やサービス・性格も大事にしています。割引情報満載！新人続々入店中！団体様大歓迎！大人気コース（オイル・リンパ対象！1,000円OFF！）",052-829-0688,13:00～LAST
お兄さん食べる私作る,大高駅,愛知県名古屋市緑区大高町鷲津１１−１,,,https://www.esthe-ranking.jp/kasadera/shop-detail/7aa7158a-a195-45bb-a860-4c9381e24ca6/,http://oniisan.pla-dx.cfd/,地図の位置に着きましたら、ご連絡ください。,080-3641-1717,24時間営業
NO定義（ノーテイギ）,左京山駅,"35.071242, 136.961828",35.071242,136.961828,https://www.esthe-ranking.jp/kasadera/shop-detail/7773344b-ba35-4478-aaf1-d5e89a670ed3/,https://noteigi.eei.jp/,駐車場あります。,080-9536-2527,12:00～翌 03:00
エグゼスパ,左京山駅,愛知県名古屋市緑区左京山101-2,,,https://www.esthe-ranking.jp/kasadera/shop-detail/904b326d-5282-4917-9fae-a8a03bc083dd/,https://exespa.zzf.jp/,☆完全個室、送迎無料、仮眠室完備☆左京山に新規OPEN♪♪左京山駅からとても近くてアクセス抜群！！心の届く接客・心のこもった施術・心の安らぐ空間で、真の癒しマッサージをお楽しみください☆新規OPENキャンペーン実施中!!詳しくはHPへ☆,080-8747-0037,11:00～翌 04:00
櫻の恋,大江駅,愛知県名古屋市南区加福本通3丁目70番,,,https://www.esthe-ranking.jp/kasadera/shop-detail/bb6ed21d-58d1-4150-8854-b41ce3b45c73/,https://sakuranokoi.eey.jp/,大江駅から近くてアクセス抜群！,090-9027-1828,12:00～LAST
カミノテ,鳴海駅,愛知県名古屋市緑区鳴海町薬師山１７９−１,,,https://www.esthe-ranking.jp/kasadera/shop-detail/e6325f52-7829-4a4a-bb83-450197e40c69/,https://kaminote-dyellow.navi.mn/,【セブン-イレブン名古屋鳴海町薬師山店】の近くに着いたらお電話ください。,070-1074-3443,11:00～翌 04:00
き楽や,本笠寺駅,愛知県名古屋市南区前浜通7-16,,,https://www.esthe-ranking.jp/kasadera/shop-detail/36d6bf28-d5da-4d79-b600-e1dda6abbbd3/,https://kirakuya.eei.jp/,アクセス欄に住所あり,080-1031-0801,11:00～翌 03:00
激アツのコイ,中京競馬場前駅,"35.05938300000003, 136.98819065889555",35.05938300000003,136.98819065889555,https://www.esthe-ranking.jp/owari/shop-detail/3d0abc15-d33a-4b05-babb-a1afac9f98f0/,https://koihime.bdd.jp/,アクセス欄に緯度経度と住所あり,070-4117-5246,10:00～LAST
Flower（フラワー）,大高駅,愛知県名古屋市緑区鳴海町下汐田152番地5,,,https://www.esthe-ranking.jp/kasadera/shop-detail/4d1c4c4f-2957-41da-aa6a-1ea36846feba/,https://flower.bdd.jp/,緑区にリラクゼーション【Flower - フラワー】がOPENです♪大高駅から近くてアクセス抜群！心がこもった空間で身も心も癒されるマッサージをご提供させていただきます。当店の極上マッサージを体感していただければ、心と体のお手入れもバッチリ完了♪,080-3070-8866,24時間営業
仙桃（せんとう）,笠寺駅,愛知県名古屋市南区弥次ヱ町１丁目１９,,,https://www.esthe-ranking.jp/kasadera/shop-detail/059efea5-15af-47f9-ac44-2be79ed245d7/,http://peachs.sh-rgy.tokyo/,南区、笠寺駅のリラクゼーション【仙桃-せんとう】です！4月28日より新人：ここちゃん/本人保証みきちゃん/本人保証 2名在籍技術最高！団体最大4000円割引の特典実施！店舗前駐車場あり！仕事帰りや買い物ついでにも立ち寄りやすい♪PayPay利用可能！,090-8469-5775,12:00～LAST
楽のや,鳴海駅,愛知県名古屋市緑区鳴海町薬師山１６６−１,,,https://www.esthe-ranking.jp/kasadera/shop-detail/7f5cda59-242a-41b5-ad2e-aa809faf069d/,https://raku-yarosered.navi.mn/,鳴海駅徒歩10分,080-3286-9966,11:00～翌 04:00
ヒーリング,中京競馬場前駅,"35.062644, 136.976205",35.062644,136.976205,https://www.esthe-ranking.jp/kasadera/shop-detail/e1a1d33f-64b4-4178-88be-b61fef5eee3d/,https://healing.dgg.jp/,◆国道1号線沿い◆,090-6859-9166,12:00～翌 02:00
You and Me,笠寺駅,愛知県名古屋市南区本地通1丁目5番地5,,,https://www.esthe-ranking.jp/kasadera/shop-detail/6c8db3cb-a9ce-4c10-88a7-b9458846ebff/,https://youandme.bdd.jp/,駐車場 店舗前（No.1/No.2）にもあり。満車の場合は予約時にお問い合わせください,070-2472-4017,12:00～LAST
ねこも～みん,鳴海駅,愛知県名古屋市緑区鳴海町上汐田24,,,https://www.esthe-ranking.jp/kasadera/shop-detail/4b88f95f-1b5a-4db1-9354-618a3ee1ab64/,https://nekomo-min.eei.jp/,駐車場 お近くのコインパーキングをご利用下さい。,090-9127-6768,12:00～翌 04:00(受付：11:40〜翌3:00)
華の手,鳴海駅,"35°05'14.2""N 136°57'19.7""E",,,https://www.esthe-ranking.jp/kasadera/shop-detail/a39f31ae-ce3c-436d-a66a-edce0c29f2fc/,https://hananote.eei.jp/,鳴海駅徒歩10分,070-1066-3014,11:00～翌 04:00
365,柴田駅,"35.07420020987796, 136.9096592705751",35.07420020987796,136.9096592705751,https://www.esthe-ranking.jp/kasadera/shop-detail/f04d936b-77a5-4049-996c-eaeb6aebc405/,https://sanrokugo.eei.jp/,駐車場：近くのコインパーキングをご利用ください。,090-7049-7113,12:00～LAST
南区・悠楽庵,左京山駅,愛知県名古屋市緑区左京山３０６２,,,https://www.esthe-ranking.jp/kasadera/shop-detail/c8687180-407a-41fd-ac92-76efd72ddfda/,https://nakakawa-yuraku.navi.mn/,アクセス欄に住所あり,070-9184-3107,11:00～翌 04:00
Hello.Sir,有松駅,"35.080776656484396, 136.97555979854218",35.080776656484396,136.97555979854218,https://www.esthe-ranking.jp/chita/shop-detail/a8d90856-f46c-4d05-b851-48affeea5c58/,https://hellosir.eei.jp/,丁寧でやさしい手技で、日頃の疲れやコリをゆっくりほぐし、気づけば思わず眠ってしまうような心地よさに。少しだけ距離が近くなるような、,050-6863-9241,09:00～翌 03:00
あいにぃ,大高駅,"35.065798, 136.947289",35.065798,136.947289,https://www.esthe-ranking.jp/kasadera/shop-detail/6372e74c-c2b4-41dd-946a-62dc1d3de945/,https://ainii.llo.jp/,近くの【名古屋市緑区大高町丸根】まで着きましたら、お電話ください,080-5812-6688,12:00～LAST
ジェラシー,鳴海駅,"35.087013, 136.948063",35.087013,136.948063,https://www.esthe-ranking.jp/kasadera/shop-detail/e015230a-7c6d-44b5-96bf-be55e6fe947c/,https://jealousy.eei.jp/,【ファミリーマート（緑浦里店）】付近です,080-5716-5588,12:00～LAST
ブルーローズ,大高駅,"35°04'11.6""N 136°56'27.1""E",,,https://www.esthe-ranking.jp/kasadera/shop-detail/fbcc557c-5fd5-4f09-b52a-e4976c3ba3c1/,https://bluerose.bdd.jp/,大高駅徒歩1分,080-9489-3888,12:00～LAST
愛,柴田駅,■愛知県,,,https://www.esthe-ranking.jp/toyohashi/shop-detail/cffdf0cf-f0b9-4796-b2eb-d960ee62f265/,https://shop2.es-johokan.com/ai-ai/,アクセス欄に住所あり,080-6982-7878,10:00～24:00
キュンHeart,小牧駅,愛知県小牧市弥生町75番地,,,https://www.esthe-ranking.jp/komaki/shop-detail/de4f47e4-4e34-4f0c-9bf4-ba75783cf185/,https://kyunheart.ddq.jp/,新人入店中！ももこちゃん&まなちゃんとモエちゃんとみほちゃんとののちゃん&依奈ちゃんとノアちゃん出勤します!!厳選セラピスト！本人保証！コスプレ可愛い！数人団体OK！最大3000円割引できます。PayPay使うできます！店の前に駐車場有！,080-9738-8866,11:00～LAST
ビーチの薫,犬山駅・神領駅,"35.38146585946796, 136.94370771609306",35.38146585946796,136.94370771609306,https://www.esthe-ranking.jp/komaki/shop-detail/dd9ac0c5-af09-4942-aab0-13251752ab0b/,http://kaoru.odj-esute.asia/,松屋犬山店着きましたら電話してください。,080-2677-4583,12:00～翌 03:00
A5少女,小牧駅,"35.291723, 136.921797",35.291723,136.921797,https://www.esthe-ranking.jp/komaki/shop-detail/6850ca1f-006a-4663-9176-c7d6328453df/,https://ichigoichie.xdd.jp/,駐車場は建物の周りの駐車場全部できます。二階できましたよ。新人続く入店よろしくお願いします♪,080-1573-9358,10:00～LAST
美姫,春日井駅,"35°14'38.8""N 136°58'19.2""E",,,https://www.esthe-ranking.jp/komaki/shop-detail/4f463557-8d0e-44ff-afd9-17c8217851a1/,https://miki.ooz.jp/,近くにコインパーキング有りますのでご利用ください。,090-8167-5789,24時間営業
甘えん坊,小牧駅,"35.291722432035336, 136.92179698752682",35.291722432035336,136.92179698752682,https://www.esthe-ranking.jp/komaki/shop-detail/7190a369-a365-4667-a077-4e343d1858cb/,https://amaenbou.gzz.jp/,小牧市のリラクゼーション【甘えん坊】です♪小牧駅から近く新規オープン(^｡^)新人入店続くんですよ。駐車場は建物周りの駐車場全部できます。玄関は後ろから入るできます。PayPay 使うできます。最大3000円割引できます。,080-9358-2888,10:00～LAST
陽,瀬戸口駅,"35.20541630235802, 137.07959295257544",35.20541630235802,137.07959295257544,https://www.esthe-ranking.jp/komaki/shop-detail/6506a015-1c2d-44bf-a234-cf8808a4b036/,https://you.evv.jp/,NEW OPEN 瀬戸市リラクゼーション陽~ようです♪ 新人入店・団体ご来店 大歓迎！！瀬戸口駅から近くてアクセス抜群！安心・安全・満足の三拍子揃った施術をご提供します。お客様の体に合わせた癒し技術で疲れやストレスの解消を体感します。,080-6858-8675,12:00～翌 03:00
花蝴蝶（はなこちょう）,犬山駅,愛知県犬山市松本町１丁目,,,https://www.esthe-ranking.jp/komaki/shop-detail/7d92578c-f197-4260-9f7d-170d6713c839/,https://hanakochou.eei.jp/,新規出店OPEN！【花蝴蝶】♪ 犬山駅スグ！から近くてアクセス抜群！,070-4006-2446,11:00～翌 03:00
美女ドキン,前後駅・高蔵寺駅,愛知県豊明市前後町三ツ谷１３５８−４,,,https://www.esthe-ranking.jp/komaki/shop-detail/11973cd4-ec7c-4e19-8b60-213250b84f3d/,http://bijo-dokin.nfj-111.site/,♪PayPay使うできます♪全コース1000円OFF♪駅から近く、アクセス抜群の立地です♪日々の疲れやストレスを芯から解きほぐします♪ 優しい笑顔と丁寧な対応で、貴方のご来店をお待ちしています♪,090-9053-8507,12:00～翌 03:00
スイートハウス,犬山駅,"35°22'43.3""N 136°57'08.2""E",,,https://www.esthe-ranking.jp/komaki/shop-detail/4ac515d7-2c46-40ba-a5b9-5f6704cc0a46/,https://sweethouse.eeh.jp/,「イエローハット犬山店」裏に着きましたらご連絡下さい,080-4534-9898,12:00～翌 02:00
おれのバニーちゃん,日進駅,"35.107327896313, 137.04247632231295",35.107327896313,137.04247632231295,https://www.esthe-ranking.jp/komaki/shop-detail/176f7fda-25ff-4099-9ab8-1f96f333203f/,https://orenobunnytyan.eei.jp/,近くの【ファミリーマート（東郷町和合店）】につきましたら、お電話ください,080-8135-6331,12:00～翌 03:00
幸せの風船,小牧原駅,愛知県小牧市小牧２丁目３６,,,https://www.esthe-ranking.jp/komaki/shop-detail/5a594ca0-81bc-4442-bc34-de9110c5baf1/,https://shiawasenofuusen.eew.jp/,アクセス欄に住所あり,080-7820-8083,11:00～翌 05:00
貴族（キゾク）,長久手古戦場駅,"35°10'30.4""N 137°02'43.0""E",,,https://www.esthe-ranking.jp/komaki/shop-detail/533cb7ce-5af6-4bb5-8d4c-2a8cc78560bd/,https://kizoku.ooe.jp/,駐車場：あり,090-7572-8555,11:00～翌 03:00
Retreat（リトリート）,平針駅,"35.135851, 137.014903",35.135851,137.014903,https://www.esthe-ranking.jp/komaki/shop-detail/fdff2465-2c3d-400b-9e95-9c5b240eeccf/,https://retreat.eei.jp/,駐車場あります。,090-1758-0066,12:00～翌 03:00
ごほうび,味鋺駅,愛知県春日井市二子町1-8-15,,,https://www.esthe-ranking.jp/komaki/shop-detail/8106f16f-9bb8-4453-bbd4-7695998469e9/,http://gohoubi.refle.shop/,味鋺駅徒歩3分,070-4333-1408,11:00～翌 03:00
IRIS（アイリス）,瀬戸口駅,愛知県瀬戸市菱野町12-3,,,https://www.esthe-ranking.jp/komaki/shop-detail/df96e361-c93c-4fb5-ac17-f3c53663fbae/,https://iris.zzb.jp/,無料駐車場 3台,070-2411-0088,12:00～翌 02:00
Luana（ルアナ）,瀬戸口駅,愛知県瀬戸市緑町1丁目18,,,https://www.esthe-ranking.jp/komaki/shop-detail/c2116214-a269-4515-b3e6-2123fb22fd51/,https://luana.eev.jp/,アクセス欄に住所あり,090-5327-6777,13:00～LAST
にゃん,勝川駅,"35.228663, 136.952225",35.228663,136.952225,https://www.esthe-ranking.jp/komaki/shop-detail/7d2556fe-e7fc-4036-b5c6-c7fc629df3b2/,https://nyan.eeh.jp/,駐車場 あり,080-8812-4141,09:00～翌 06:00
秘密の愛言葉,春日井駅,"35.244236, 136.984951",35.244236,136.984951,https://www.esthe-ranking.jp/komaki/shop-detail/f4fcb693-243f-42bb-ac5f-373c4be74b7f/,https://himitunoaikotoba.eei.jp/,"春日井駅から近くてアクセス抜群！18時まで1,000円割引でとってもお得ですよ！優しいセラピストにいっぱい癒されちゃいましょっ！！仮眠もできて便利なお店♪",080-8130-5703,24時間営業
星空（ほしぞら）,小牧口駅,"35.280315, 136.91779",35.280315,136.91779,https://www.esthe-ranking.jp/komaki/shop-detail/09cb0bec-8245-4069-9b52-50847bc0517a/,https://moyuruomoi.eeh.jp/,NEW「星空～ほしぞら」です♪小牧駅近く、クーポン有り♪ゆったりくつろげる空間で、心も体もリフレッシュして頂けます♪癒しのプロの手によって、心身ともにご満足いただけるはず。,080-5155-1616,12:00～翌 03:00
恋愛1番,犬山口駅,"35.375247453246494, 136.932392",35.375247453246494,136.932392,https://www.esthe-ranking.jp/komaki/shop-detail/9ed9e21a-943f-4177-a3f0-947881b40c7c/,http://number1.refle.shop/,犬山口駅から近くてアクセス抜群！,080-1819-4790,24時間営業
桃の花（もものはな）,味美駅,愛知県春日井市味美白山町１丁目,,,https://www.esthe-ranking.jp/komaki/shop-detail/d279990c-e3b9-4cff-8006-b8a0c432ab02/,http://yukinohana1.refle.shop/,ヤマナカ味美店のお近くについたら、ご連絡ください。,080-8921-6439,11:00～翌 03:00
秋,赤池駅,■愛知県,,,https://www.esthe-ranking.jp/tsurumai/shop-detail/d8aec164-1a08-4670-82b5-994481ec9c7f/,https://aromarirakuaki.eei.jp/,上前津駅10番出口徒歩1分,070-1631-7717,11:30～24:30
らくらく～楽々～,瀬戸口駅,"35.205419, 137.079594",35.205419,137.079594,https://www.esthe-ranking.jp/komaki/shop-detail/e02e09fc-1b24-4eaa-9bc7-aab73986cc6f/,https://rakuraku.gvv.jp/,駐車場：あり,080-5759-9444,12:00～翌 03:00
Lucky Star,小牧駅,"35.294609, 136.902745",35.294609,136.902745,https://www.esthe-ranking.jp/komaki/shop-detail/ad9e0294-7e45-44dc-82ba-7ba42a84fdbf/,https://nekochan.zzm.jp/,NEW OPEN！Lucky Starです！駐車場完備！クーポン有り！充実のコース内容,080-9485-2807,12:00～翌 03:00
ぴんくのぴいち,日進駅,"35.10188528280582, 137.07514517458728",35.10188528280582,137.07514517458728,https://www.esthe-ranking.jp/komaki/shop-detail/edef8eef-feeb-4fa5-944a-ccf2226bdeee/,https://pinknopeach.eei.jp/,駐車場 あります。コインパーキングご利用の場合は、当店が駐車料金を負担いたします。,090-8180-0197,11:00～翌 02:00
楓（かえで）,杁ヶ池公園駅,"35.172829, 137.03439",35.172829,137.03439,https://www.esthe-ranking.jp/komaki/shop-detail/72c00ce4-1c63-4a66-8f8e-19795830cc3d/,https://kaede.ddq.jp/,地図の駐車場に着きましたらお電話ください。ご案内します。,080-3686-5531,24時間営業
Sweet Kiss（スイートキス）,日進駅,"35.12117751564715, 137.05417644047375",35.12117751564715,137.05417644047375,https://www.esthe-ranking.jp/komaki/shop-detail/99d85c82-0398-4a24-929a-c1c2ed4483fd/,https://sweetkiss.eei.jp/,無料駐車場がございます。,080-2154-3280,24時間営業
ドキドキ信号,前後駅,"35.054852, 136.985532",35.054852,136.985532,https://www.esthe-ranking.jp/komaki/shop-detail/855e85ae-f540-4a10-af57-b441881accff/,https://dokidokisingo.eei.jp/,近くにつきましたら、お電話ください,080-7710-9054,12:00～翌 03:00
POPSTAR,勝川駅,"35.22875100000002, 136.95218218998923",35.22875100000002,136.95218218998923,https://www.esthe-ranking.jp/komaki/shop-detail/53a61880-9da7-4fea-97e3-a45f697c4e44/,https://popstar.bdd.jp/,勝川駅から近くてアクセス抜群！癒しを極めた彼女たちのマッサージをお届けいたします！,070-2617-1698,24時間営業
桃色小町,山口駅,愛知県瀬戸市山口町277番地,,,https://www.esthe-ranking.jp/komaki/shop-detail/25c86ac0-3f24-4e5e-aa07-21890762871c/,https://momoiro-komachi.iest.in/,共同駐車場があります。店舗前の場所にお停めください。,090-3937-8920,24時間営業
美艶華（びえんか）,小牧駅,愛知県小牧市久保一色3411-11,,,https://www.esthe-ranking.jp/komaki/shop-detail/cf679858-6214-49b8-ad36-393d72b92bb6/,https://bienka.eei.jp/,アクセス欄に住所あり,070-1688-5230,12:00～LAST
花火,日進駅,"35.12026, 137.048233",35.12026,137.048233,https://www.esthe-ranking.jp/komaki/shop-detail/3d27c6ad-2056-44cf-a92e-000e4204118e/,https://hanabi.rrv.jp/,駐車場：あり,090-6950-9993,11:00～翌 03:00
もみ楽,山口駅,愛知県瀬戸市山口町３１２,,,https://www.esthe-ranking.jp/komaki/shop-detail/8404f3eb-e75e-47a2-9475-b877f94fa59f/,https://momiraku.bdd.jp/,山口駅徒歩2分,0561-59-8800,12:00～LAST
LURE TOUCH（ルアータッチ）,瀬戸市役所前駅・藤が丘駅,瀬戸市役所前駅,,,https://www.esthe-ranking.jp/komaki/shop-detail/412dce96-4535-46ba-a0d5-d0e16f796a4d/,https://luretouch.eei.jp/,名鉄瀬戸線 瀬戸市役所前駅 徒歩2分,090-4062-4401,12:00～翌 03:00
萌え娘,神領駅,"35.254834, 137.018423",35.254834,137.018423,https://www.esthe-ranking.jp/komaki/shop-detail/e39a874f-8e55-41ca-9a3a-794e78c8214f/,https://moemusume.ddq.jp/,☆春日井☆新誕生した秘密のリトリート空間・萌え娘！神領駅すぐ近くの好立地♪五感を癒すオイルの香りと美女の優しい手技に包まれる、至福のひととき。誰にも邪魔されない贅沢な癒しをぜひご体感ください！お会いできるのを楽しみに、心を込めてお待ちしています♪,070-4437-2048,12:00～翌 03:00
黒バラ,前後駅,"35.055735570713736, 136.99167062433347",35.055735570713736,136.99167062433347,https://www.esthe-ranking.jp/komaki/shop-detail/43d51ad3-403c-4702-b97f-f9da0ec39131/,https://secret.bdd.jp/,アクセス欄に緯度経度と住所あり,070-4420-1684,24時間営業
春爛漫,小牧駅,"35.29305381076062, 136.93418544367958",35.29305381076062,136.93418544367958,https://www.esthe-ranking.jp/komaki/shop-detail/0741cd45-5128-49a2-94b6-921f7f029b31/,https://haruranman.bdd.jp/,ナフコ小牧二重堀店まで着きましたらご連絡ください,050-6878-5073,11:00～LAST
ピンクゾーン,犬山駅,"35.386379453321915, 136.9415723294478",35.386379453321915,136.9415723294478,https://www.esthe-ranking.jp/komaki/shop-detail/985a9016-982e-4144-812d-cf604ff134c3/,http://pink.sh-uxt.xyz/,犬山駅徒歩10分,050-6868-6891,11:00～LAST
ナイショガール,勝川駅,愛知県春日井市勝川町6丁目,,,https://www.esthe-ranking.jp/komaki/shop-detail/4fc754be-c336-4edf-9d39-0ece0792ed17/,https://birdie.eei.jp/,お近くのコインパーキングをご利用下さい。,070-4005-8829,24時間営業
ピンクルーム,小牧駅,"35.291889, 136.934368",35.291889,136.934368,https://www.esthe-ranking.jp/komaki/shop-detail/5954dfb3-ede2-4771-958c-fe0e86f84bed/,https://pinkroom.eei.jp/,アクセス欄に緯度経度と住所あり,0568-50-2842,12:00～LAST
ヒーリングエンジェルズ,小牧駅,愛知県小牧市元町1-20-1,,,https://www.esthe-ranking.jp/komaki/shop-detail/d12be097-bb44-4034-aaa8-ae73eb268f2e/,https://healingangels.eei.jp/,可愛いセラピストのリラクゼーションです。 小牧駅から近くてアクセス抜群！肌への適度な刺激とマッサージをお届けいたします。高い施術レベルの手技で身体の調子を整え明日からの英気を養います。,070-1670-8866,12:00～LAST
Dream Lumos（ドリ一ムル一モス）,赤池駅,"35.145466, 137.02501",35.145466,137.02501,https://www.esthe-ranking.jp/komaki/shop-detail/db387e22-5ce8-4f6d-9a93-a45985e8e5dd/,https://dreamlumos.oos.jp/,【ソフトバンク（日進香久山店）】の近くです,080-9715-8097,12:00～翌 03:00
夢～ドリーム～,犬山駅,"35.379855986049456, 136.95076829362233",35.379855986049456,136.95076829362233,https://www.esthe-ranking.jp/komaki/shop-detail/41ec3f5d-9acc-4d5f-b889-30ece7d7d9a4/,https://yume.xxd.jp/,★新規OPEN！犬山のリラクゼーション【夢～ドリーム】で至福のひとときを♪犬山駅から徒歩すぐの便利なロケーションで、日々の疲れを癒しませんか？熟練のスタッフが心を込めた施術で、深いリラックスとリフレッシュをお届けします♪,090-7235-7922,11:00～LAST
紅の夢,岩倉駅,愛知県小牧市小木南3-6,,,https://www.esthe-ranking.jp/komaki/shop-detail/b7745452-24be-4114-8e13-cc000b3f9210/,https://kounoyume.eei.jp/,アクセス欄に住所あり,070-9034-9876,12:00～翌 02:00
香港,小牧駅,"35.286927, 136.823415",35.286927,136.823415,https://www.esthe-ranking.jp/owari/shop-detail/749ef292-2f67-4548-b278-c6e3b128fb72/,https://kaori.dgg.jp/,アクセス欄に緯度経度と住所あり,070-4408-3310,11:00～LAST
Mercury（マーキュリー）,豊明駅,愛知県豊明市新田町吉池25-14,,,https://www.esthe-ranking.jp/komaki/shop-detail/372f7f3d-5d26-4f8c-b790-4d6bd27e8afb/,https://mercury.eei.jp/,豊明市役所近く豊明駅から車で約5分,090-3867-5264,13:00～翌 03:00
美健（みけん）,小牧駅2番出口,"35.29259925905251, 136.92204740665835",35.29259925905251,136.92204740665835,https://www.esthe-ranking.jp/komaki/shop-detail/2fee1448-9607-4ec8-b598-9f162aaa59d5/,https://www.mikenkomaki.info/,小牧駅2番出口徒歩9分,0568-54-8822,11:00～翌 02:00
レオ,前後駅,愛知県豊明市新栄町６丁目７,,,https://www.esthe-ranking.jp/komaki/shop-detail/22e26e11-a727-4da2-b579-bb56fbbbb33f/,http://leo.sh-lca.tokyo/,アクセス欄に住所あり,070-2344-0406,12:00～翌 02:00
台湾の娘,春日井駅,愛知県春日井市中央通１丁目７８,,,https://www.esthe-ranking.jp/komaki/shop-detail/7817a602-a63d-4b9a-a4b9-9dd24e86b861/,https://taiwannomusume.eei.jp/,★24時間営業★ 春日井駅から徒歩1分 リピート多々☆彡,070-9220-6845,24時間営業
泡姫,勝川駅,愛知県春日井市若草通4-105,,,https://www.esthe-ranking.jp/komaki/shop-detail/ca213aa2-01c8-420e-a4cc-321fd2090a32/,http://www.awahime.eevjp.com/,アクセス欄に住所あり,070-2300-5799,12:00～翌 02:00
Stream（ストリーム）,日進駅,愛知県日進市栄１丁目１１１２,,,https://www.esthe-ranking.jp/komaki/shop-detail/f2e8df54-0359-4f61-8492-ee7570a4544a/,https://streammens.crayonsite.net/,アクセス欄に住所あり,090-4763-2856,11:00～翌 03:00
幻想,赤池駅,"35.120154, 137.018181",35.120154,137.018181,https://www.esthe-ranking.jp/komaki/shop-detail/6579f6df-b8b1-45a3-a9f0-4714fbcb252b/,https://gensou.ooa.jp/,駐車場：あります。※コインパーキングをご利用の場合は、駐車料金を負担いたします。,070-9184-3582,24時間営業
桜,春日井駅,愛知県愛西市北河田町郷西401番地,,,https://www.esthe-ranking.jp/owari/shop-detail/40486661-14c6-44a8-bd44-8ec47288dbf6/,https://sakura.ddv.jp/,駐車場 お店前に2台あり,080-3678-8188,12:00～翌 02:00
ドキドキ,豊明駅,"35.057882, 137.017257",35.057882,137.017257,https://www.esthe-ranking.jp/komaki/shop-detail/ab4ac54a-013e-4892-b80b-d27ce321569d/,https://dokidoki.eey.jp/,共有駐車場あります。,080-2575-2477,12:00～LAST
癒しhouse,瀬戸口駅,"35.205606411471315, 137.081226838339",35.205606411471315,137.081226838339,https://www.esthe-ranking.jp/komaki/shop-detail/33d9de35-e1f0-43f8-b180-7a714d8409f3/,https://iyashihouse.crayonsite.com/,（お近くに着いたら、ご連絡ください）,080-9293-5283,11:30～翌 03:00
初めてのキャンディ,はなみずき通駅,"35.183638, 137.049419",35.183638,137.049419,https://www.esthe-ranking.jp/komaki/shop-detail/32d98901-8757-45ef-ac45-85782e568a63/,https://hajimetenocandy.eei.jp/,アクセス欄に緯度経度と住所あり,080-9017-4897,11:00～翌 03:00
Miss you（ミスユー）,春日井駅,"35.24924058255543, 136.98415493618742",35.24924058255543,136.98415493618742,https://www.esthe-ranking.jp/komaki/shop-detail/2a45a77d-57db-4f5b-a4a6-e65d1e549f98/,https://missyou.crayonsite.net/,お近くに着いたら、ご連絡ください。,090-1090-9513,11:00～翌 03:00
Star sea（スターシー）,豊明駅,愛知県豊明市新田町門先11-10,,,https://www.esthe-ranking.jp/komaki/shop-detail/08a9f89c-617e-4775-9541-93f8a4b6b8da/,https://starsea.crayonsite.info/,近くの【らーめん屋（豊明市新田町門先11-10)】に着きましたら、お電話ください,090-7409-2597,11:00～翌 03:00
バラの物語,前後駅,愛知県豊明市三崎町高鴨４−５,,,https://www.esthe-ranking.jp/komaki/shop-detail/892a7794-93fa-4d73-97ca-f6bf23cdb3c7/,https://baranostory.crayonsite.net/,駐車場あり,070-2617-6090,11:00～翌 03:00
和（なごみ）,春日井駅,"35.24940168839388, 136.9726704372129",35.24940168839388,136.9726704372129,https://www.esthe-ranking.jp/komaki/shop-detail/c4a6f442-9ba0-43b1-9464-5e94ab6ef421/,https://peace.bdd.jp/,駐車場：近隣のパーキングをご利用ください。,080-3662-8891,10:00～23:00
告白,勝川駅,"35.23078837733094, 136.95318863768205",35.23078837733094,136.95318863768205,https://www.esthe-ranking.jp/komaki/shop-detail/f8aa25d3-1bd4-4ab6-bbcd-9fe8b07dba7d/,https://kokuhaku.ooe.jp/,勝川駅から近くてアクセス抜群！,070-4455-6388,10:00～翌 03:00
バラ,春日井駅,愛知県春日井市瑞穂通7-9-1,,,https://www.esthe-ranking.jp/komaki/shop-detail/eb6051d3-0724-400c-a8fa-4d6650539b3f/,https://www.barakasugai184.com/,アクセス欄に住所あり,0568-56-0308,13:00～翌 02:30
りらりら,水野駅,"35°12'45.8""N 137°04'11.8""E",,,https://www.esthe-ranking.jp/komaki/shop-detail/41f35630-550a-492f-91bf-5d80c74bac3a/,https://rirarira.eei.jp/,【お車】363号線沿い、すき屋のある363号線と22号線の交差点より50ｍ、名鉄瀬戸線水野駅より徒歩19分,090-6809-9000,13:00～翌 02:00
Twins（ツインズ）,味美駅,"35.229527777097985, 136.92806380302804",35.229527777097985,136.92806380302804,https://www.esthe-ranking.jp/komaki/shop-detail/707b364a-f0ad-4eef-a21c-e4053b0dd45c/,https://twins.eei.jp/,春日井市のリラクゼーションTwins〜ツインズ〜です♪ 味美駅から近くてアクセス抜群！,080-8437-4055,12:00～翌 01:00
TAKUMI（たくみ）,小牧駅,愛知県小牧市中央4丁目156,,,https://www.esthe-ranking.jp/komaki/shop-detail/5a2a0a4f-9c29-42be-bca5-3fe0050e9fe3/,https://takumi.eev.jp/,駐車場あります。,090-1255-7586,12:00～翌 01:30(受付：9:00～)
力必加・舒心屋,春日井駅,■愛知県,,,https://www.esthe-ranking.jp/komaki/shop-detail/c420568a-7c1a-4f96-91b1-889e26b63b0c/,https://ribijia-joushinya.eei.jp/,春日井駅徒歩3分,0568-29-6565,12:00～翌 03:00
Only love（オンリーラブ）,豊明駅,■愛知県,,,https://www.esthe-ranking.jp/komaki/shop-detail/12877d1f-2e5b-41f2-a382-8b4d83924e92/,https://kokoiine.eev.jp/,"20代本人保証。終日2,000円割引実施中！豊明駅から近くてアクセス抜群。心まで癒されるマッサージをご提供いたします。上質の美女多数在籍。皆様に出会えるのを楽しみにしております",080-9451-1360,11:00～翌 02:00
康楽,勝川駅,■愛知県,,,https://www.esthe-ranking.jp/komaki/shop-detail/e0350ed5-18a1-4347-babf-a914ce8dcfe7/,https://kouraku.evv.jp/,アクセス欄に住所あり,090-6351-4996,13:00～LAST(最終受付：翌2:00まで)
鴻福（こうふく）,大山寺駅,■愛知県,,,https://www.esthe-ranking.jp/komaki/shop-detail/3e2b2b83-e826-4821-b5c2-7d543bb5c0a7/,https://kouhuku.eev.jp/,アクセス欄に住所あり,080-4523-6888,09:30～23:00
華の夜,大曽根駅,"35.19307766877198, 136.93739571545518",35.19307766877198,136.93739571545518,https://www.esthe-ranking.jp/kurokawa/shop-detail/4d0efaec-5335-44c4-904b-f509e6f89cc2/,https://hananoyoru.eei.jp/,大曽根時間貸駐車場に到着したらご連絡ください。,080-2513-928,24時間営業
Happiness（ハピネス）,上飯田駅,愛知県名古屋市北区上飯田通1丁目19-2,,,https://www.esthe-ranking.jp/kurokawa/shop-detail/a1e3e522-3bfe-4ece-bfcf-3a3713cf5740/,https://happiness.llo.jp/,駐車場：お近くのコインパーキングをご利用下さい。※駐車料金サービス致します。,080-2780-6937,24時間営業
花月夜,黒川駅,"35.205793, 136.903161",35.205793,136.903161,https://www.esthe-ranking.jp/kurokawa/shop-detail/c3dfbaf8-bb3a-4f66-b4fb-f5581c8279dc/,https://hanatsukiyo.eei.jp/,駐車場 専用駐車場あり ※コスモスの向かえ、愛知トヨタ横28番,090-4059-5870,12:00～翌 02:00
気楽園,志賀本通駅,愛知県名古屋市北区志賀本通２丁目３７,,,https://www.esthe-ranking.jp/kurokawa/shop-detail/bf45d6d4-7277-4f12-8f95-ced08c001777/,http://kikai-garden.xin-loji.online/,志賀本通駅徒歩3分,090-9903-1980,12:00～24:00
楽縁（らくえん）,黒川駅,愛知県名古屋市北区萩野通1-17,,,https://www.esthe-ranking.jp/kurokawa/shop-detail/f608e877-e611-461e-9be2-9764feda8f5b/,https://shifukutime.eei.jp/,アクセス欄に住所あり,070-4513-1419,12:00～翌 02:00
SUPER HATENA,大曽根駅5番出口,"35.194618, 136.93634",35.194618,136.93634,https://www.esthe-ranking.jp/kurokawa/shop-detail/72127e5c-2891-4af9-9174-72dbb894487e/,https://superhatena.eei.jp/,大曽根駅5番出口徒歩1分,070-5098-0578,12:00～LAST
cat＆girl（キャットアンドガール）,黒川駅,"35°12'39.5""N 136°54'37.6""E",,,https://www.esthe-ranking.jp/kurokawa/shop-detail/41eb6478-d6d5-46f6-8ed3-dc51f265e684/,https://catandgirl.eei.jp/,アクセス欄に住所あり,050-6873-4321,11:00～LAST
AngelTime（エンジェルタイム）,黒川駅,愛知県名古屋市北区田幡2,,,https://www.esthe-ranking.jp/kurokawa/shop-detail/d26e9db3-c9fa-48b2-ad8a-2d93c5429d95/,https://angeltime.eei.jp/,黒川駅から近くてアクセス抜群！優しい女性スタッフによる心安らぐおもてなしをお届けするリラクゼーション【AngelTime~エンジェルタイム】です♪,080-8730-5226,11:00～翌 02:00
会いたい,大曽根駅,愛知県一宮市北方町中島東郷1−１,,,https://www.esthe-ranking.jp/owari/shop-detail/d2ab6ddb-18e3-40ae-a6a5-adcb88094744/,http://aitai.hl-web23.work/,木曽川堤駅徒歩6分,080-9113-5666,12:00～翌 02:00
情熱のガール,茶屋ヶ坂駅,"35.18367480723475, 136.96188945952213",35.18367480723475,136.96188945952213,https://www.esthe-ranking.jp/hoshigaoka/shop-detail/a30c6dbb-a01e-4a17-b84f-9e35fc5b9861/,https://jyonetsunogirl.eeh.jp/,アクセス欄に緯度経度と住所あり,090-7217-2386,24時間営業
千夏（ちなつ）,黒川駅,愛知県名古屋市北区黒川本通4丁目29-1,,,https://www.esthe-ranking.jp/kurokawa/shop-detail/f56acc80-358b-4beb-9552-98461494f967/,https://tinatu.eei.jp/,新人3名入店中！おすすめコース限定！18時まで2000円OFF！18時以降1000円OFF！黒川駅から近くてアクセス抜群！,070-5036-8080,12:00～翌 02:00
Miss You Tonight,大曽根駅,"35.19040028176771, 136.93000672282471",35.19040028176771,136.93000672282471,https://www.esthe-ranking.jp/kurokawa/shop-detail/d75568b0-9e76-4b4f-88ef-a832b102adbf/,http://dsg.xin-cvbi.online/,アクセス欄に緯度経度と住所あり,090-3933-1666,24時間営業
Angel（エンジェル）,黒川駅,愛知県豊川市諏訪２丁目２０,,,https://www.esthe-ranking.jp/toyohashi/shop-detail/cc9482d8-e3aa-424a-971b-212cf7e79146/,http://angel-es.info/,駐車場有り 3番 4番,080-3689-9688,11:00～翌 02:00
寂しい猫,小幡駅,"35.201109, 136.97749",35.201109,136.97749,https://www.esthe-ranking.jp/moriyama/shop-detail/edee4ee2-b53d-4225-88b7-b814e52bacf8/,https://ningyonohimitsu.eei.jp/,アクセス欄に緯度経度と住所あり,070-8905-0336,24時間営業
台湾かぐや,新守山駅,"35.207046695265895, 136.95436430813322",35.207046695265895,136.95436430813322,https://www.esthe-ranking.jp/moriyama/shop-detail/635fac10-fbf9-4227-a865-6fa6e52c48a7/,https://taiwankaguya.eei.jp/,駐車場 近くのコインパーキングをご利用ください。,090-5183-3529,24時間営業
愛猫,小幡駅,"35.19632218061478, 136.9777790341261",35.19632218061478,136.9777790341261,https://www.esthe-ranking.jp/moriyama/shop-detail/03c5ae90-8b8e-4fdf-802a-5742ccecfd2b/,https://aineko.eei.jp/,小幡駅徒歩5分,070-4228-2009,09:00～翌 06:00
彼女の秘密,新守山駅,愛知県豊明市前後町善江１６７４−１,,,https://www.esthe-ranking.jp/komaki/shop-detail/78780248-3260-4654-8474-8e31cfff2110/,http://manzoku1.refle.shop/,（ファミリーマート 前後駅北店の近くに着いたら、ご連絡ください）,080-8076-9441,24時間営業
猫,小幡駅,愛知県名古屋市守山区小幡１丁目１１−２,,,https://www.esthe-ranking.jp/moriyama/shop-detail/55699ace-3cc8-4667-9006-7f8181a0c470/,https://cat-cat.navi.mn/,小幡駅徒歩4分,080-4305-8825,24時間営業
AnAn,小幡駅,"35.196663, 136.982693",35.196663,136.982693,https://www.esthe-ranking.jp/moriyama/shop-detail/e1ab9516-aebc-4cd7-a29d-6889c4960c5c/,https://anan.eei.jp/,守山区のリラクゼーションAnAnです 小幡駅から近くてアクセス抜群！,070-1622-6868,24時間営業
PURE恋,新守山駅,"35.20986437735729, 136.94295984826746",35.20986437735729,136.94295984826746,https://www.esthe-ranking.jp/moriyama/shop-detail/dfb6df30-a232-4a3d-ac76-028eeeb2c28b/,https://purekoi.eei.jp/,駐車場 あり,090-1725-3999,12:00～翌 02:00
恋（こい）,喜多山駅,"35.191669, 136.991419",35.191669,136.991419,https://www.esthe-ranking.jp/moriyama/shop-detail/39db8ec7-b8e4-4a4d-aac9-a822949c7cc5/,https://shinren.eev.jp/,アクセス欄に緯度経度と住所あり,090-8473-2345,12:00～翌 02:00
妹の部屋,喜多山駅,"35.191480011617216, 136.99042740762454",35.191480011617216,136.99042740762454,https://www.esthe-ranking.jp/owari/shop-detail/3b9f1d97-5f62-4923-9668-e06077c7f9d5/,http://sister-room.xin-gbhi.online/,地図の位置に着きましたら、ご連絡ください。,090-8555-6788,12:00～翌 02:00
ラブハニー,新守山駅,"35.203184547904556, 136.94530067055143",35.203184547904556,136.94530067055143,https://www.esthe-ranking.jp/moriyama/shop-detail/caf34f8b-5660-4c03-a962-36b5476bea42/,https://lovehoney.eei.jp/,近くにコインパーキングあります。,080-9261-9008,24時間営業
Yamituki Yamerenda~癒しのアラビアンナイト~,小幡駅,"35.194359, 136.970498",35.194359,136.970498,https://www.esthe-ranking.jp/moriyama/shop-detail/f6784a5e-13cb-4fa7-87af-6fc7b95684c3/,https://yamitukiyamerenda.eei.jp/,ファミリーマート 守山小六町店に着きましたらご連絡ください,080-9491-0153,11:00～翌 02:00
夢～Dream〜,印場駅,愛知県名古屋市守山区四軒家1-703,,,https://www.esthe-ranking.jp/moriyama/shop-detail/78da1103-6d10-4ccc-bc4b-6b67537614a9/,https://dream.gzz.jp/,共同駐車場あります。,080-4846-6888,12:00～LAST
セラフィ,喜多山駅,"35.19149660760443, 136.99596733863217",35.19149660760443,136.99596733863217,https://www.esthe-ranking.jp/moriyama/shop-detail/f4ea3e4b-658b-475b-87c8-3489002635ec/,http://www.serafi.relaxmens.com/,駐車場3台あります。,080-4223-6688,13:00～翌 02:00
トパーズ,小幡駅北口,"35°12'00.8""N 136°58'26.6""E",,,https://www.esthe-ranking.jp/moriyama/shop-detail/626939de-ffcd-49b7-ab14-be582ac74ff7/,https://iris.evv.jp/,小幡駅北口より瀬戸街道沿いを大曽根方面へ徒歩1分,090-7687-8968,12:00～LAST
恋人空間,亀島駅・太閤通駅,愛知県名古屋市中村区亀島２丁目２６−５,,,https://www.esthe-ranking.jp/nagoya/shop-detail/812d1b13-c480-4d7d-ba5a-9279487cda88/,http://lover-space.ndj-dx.cfd/,ローソンストア100 亀島店着きましたら電話してください。,090-7888-1239,12:00～翌 03:00
Feeling（フィーリング）,名古屋駅西口,"35.168108, 136.879631",35.168108,136.879631,https://www.esthe-ranking.jp/nagoya/shop-detail/9abfa567-86da-4b7e-afd3-7785ad6b92e9/,https://erika.eev.jp/,名古屋駅西口徒歩5分,052-485-9799,12:00～LAST(最終受付：翌4:00)
五月花（さつきばな）,名古屋駅,"35.17001083397781, 136.87647521061905",35.17001083397781,136.87647521061905,https://www.esthe-ranking.jp/nagoya/shop-detail/cb0a2195-ee86-4c86-b4fb-2b0370c640bd/,https://satsukibana.eei.jp/,太閤通口よりビックカメラ方面へ、牛次郎様（ラーメン屋）付近に着いたらTEL下さい,080-6262-6788,11:00～翌 04:00
にゃんにゃんタイム,名古屋駅,名古屋市中村区名駅4-2-10,,,https://www.esthe-ranking.jp/nagoya/shop-detail/a3fc4ce8-f56d-442e-b2d8-994526db0898/,https://nyan-nyan.eei.jp/,国際センター駅から徒歩３分、名古屋駅から徒歩６分,052-564-9888,12:00～翌 04:00
Love Wish（ラブウィッシュ）,名古屋駅,"35°10'30.3""N 136°53'13.9""E",,,https://www.esthe-ranking.jp/nagoya/shop-detail/dad10edf-f545-4f85-81ae-5239775a377e/,https://lovewish.eeh.jp/,新規OPEN♪厳選セラピスト！本人保証！おもてなしなサービス！満足コース5000円OFF（コース内容の価格は割引後価格）。名古屋駅から近くてアクセス抜群！,080-6867-6788,11:00～翌 04:00
Stardust（スターダスト）,名古屋駅西口,愛知県名古屋市中村区則武１丁目１３−９,,,https://www.esthe-ranking.jp/nagoya/shop-detail/7674ffff-35cc-42fc-9618-374b774bed19/,http://stardust.fnfy-esute.asia/,ビックカメラから徒歩4分圏内,070-1664-8666,12:00～LAST
Rose Healing（ローズヒーリング）,名古屋駅,愛知県名古屋市中村区名駅3丁目13-28,,,https://www.esthe-ranking.jp/nagoya/shop-detail/d03dc580-cf26-4802-9a80-cfa492cbd1c3/,https://rosehealing.eev.jp/,【名駅のお店】名古屋駅から徒歩3分☆6月6日リニューアルで和風に生まれ変わった名駅のメンズエステ・オイルマッサージなら【ローズヒーリング】へ厳選されたセラピストが至福のオイルマッサージ・リンパマッサージをお届けいたします。,052-583-7681,12:00～LAST(最終受付：翌4:00)
プチトマト,国際センター駅,愛知県名古屋市中村区名駅５丁目１６−１７,,,https://www.esthe-ranking.jp/nagoya/shop-detail/0d3b7de5-d516-4390-9666-44befc759da9/,https://puchitomato.ooa.jp/,国際センター駅徒歩3分,080-6966-4888,12:00～LAST
Fall in Love～フォーリンラブ,名古屋駅,"35.17622007151746, 136.88769271865496",35.17622007151746,136.88769271865496,https://www.esthe-ranking.jp/nagoya/shop-detail/3068ac06-fada-4eec-b174-af5761fa885d/,https://fallinlove.xnn.jp/,名古屋駅徒歩10分,090-3434-6677,11:00～翌 04:00
ミドリ,名古屋駅,"35.17118918426942, 136.87586219153343",35.17118918426942,136.87586219153343,https://www.esthe-ranking.jp/nagoya/shop-detail/ccf5fa1d-68e6-4161-a04e-aaed55ed8293/,https://midori.bdd.jp/,名古屋駅徒歩３分※ビッグカメラ方面。牛次郎に着いたらTEL下さい,090-1788-7788,11:00～翌 04:00
stunning（スタニング）,名古屋駅西口,"35.16725, 136.878637",35.16725,136.878637,https://www.esthe-ranking.jp/nagoya/shop-detail/2e55bcf1-7187-4ca9-8216-cfd681da6d5b/,https://stunning.eei.jp/,名古屋駅西口（新幹線口）近く！ハイレベルなセラピストによる施術で、心身ともに癒します。疲れを忘れ、リフレッシュを求めるお客様は是非、当店をご利用くださいね♪,090-3397-9677,11:00～翌 04:00
乙女の扉,八田駅,愛知県半田市青山１丁目１−１,,,https://www.esthe-ranking.jp/toyohashi/shop-detail/62736dae-4bf3-4499-a661-1d9dd7de9382/,https://tdnmkigkr.heal-ms.com/,名鉄河和線 / 青山駅 徒歩4分,080-3076-6513,24時間営業
妖艶,名古屋駅,"35.159131, 136.89147",35.159131,136.89147,https://www.esthe-ranking.jp/nagoya/shop-detail/a1e4c6fa-32c0-484c-a506-1df8e7fb9f3c/,https://youen.eei.jp/,バーミヤン水主町店に着きましたらお電話ください。,052-990-6392,11:00～翌 03:00
咲～saki～,名古屋駅新幹線口,"35.172195, 136.87701",35.172195,136.87701,https://www.esthe-ranking.jp/nagoya/shop-detail/1d83649d-2dc1-442a-b09a-6241c2970df1/,https://saki.eeh.jp/,名古屋駅新幹線口徒歩4分,090-9945-5618,12:00～翌 04:00
四つ葉～よつば～,中村公園駅地下鉄1番出口,"35.167969437922494, 136.85591167041224",35.167969437922494,136.85591167041224,https://www.esthe-ranking.jp/nagoya/shop-detail/18bbe7d5-32bd-4c35-95a1-d5ff2f842846/,https://yotuba.xnn.jp/,駐車場：近くにコインパーキングあります。※施術時間内で発生した料金は全額当店が負担します。,090-7034-9859,24時間営業
秘密の小屋,岩塚駅3番出口,"35°09'29.2""N 136°51'16.3""E",,,https://www.esthe-ranking.jp/nagoya/shop-detail/c3f7a355-21cd-4f74-a7c6-fc0f94d327e9/,https://moonlight.eeh.jp/,オールタイム１０００円割引★駅から徒歩３分★秘密の小屋【営業時間は12:00~翌3:00※ご予約は来店２０分以上前にお願いします！】接客・技術・おもてなしのレベルが高いセラピストが至福の時間をご提供いたします。,080-7047-4875,12:00～翌 03:00
純愛,岩塚駅・太閤通駅,岩塚駅,,,https://www.esthe-ranking.jp/nagoya/shop-detail/a812caed-d8ba-485e-bc71-e62ab9c480c9/,http://chunai.mensest.xyz/,アクセス欄に住所あり,050-6879-7451,11:00～翌 02:00
ネコミミッコ,八田駅,"35.148144, 136.852922",35.148144,136.852922,https://www.esthe-ranking.jp/nagoya/shop-detail/e62ff5a2-42a0-4232-a404-268dac09767a/,https://nekomimikko.eei.jp/,駐車場 八田駅近くのコインパーキングをご利用ください。,080-8848-2117,24時間営業
白桜,名古屋駅,"35.173044, 136.87819",35.173044,136.87819,https://www.esthe-ranking.jp/nagoya/shop-detail/60869aee-cf70-46a0-a154-406d557a6ce7/,https://kinrakuen.eei.jp/,名古屋駅から近くてアクセス抜群！,070-9117-5003,11:00～LAST
おにゃんこ,名古屋駅,"35.167258, 136.878758",35.167258,136.878758,https://www.esthe-ranking.jp/nagoya/shop-detail/466266d4-7d06-45cb-92c2-9b210df39922/,https://onyanko.eei.jp/,アクセス欄に緯度経度と住所あり,090-6060-0578,11:00～翌 04:00
りん,岩塚駅,"35.158009, 136.854501",35.158009,136.854501,https://www.esthe-ranking.jp/nagoya/shop-detail/bf7477d2-7e8a-447f-a6c7-9f318e8f4e17/,https://yorunobiyaku.eei.jp/,地下鉄岩塚駅 【デイリーヤマザキ 岩塚駅店】付近でお電話して下さい,090-3109-7972,11:00～翌 02:00
Rainbow（レインボー）,中村公園駅2番出口,愛知県名古屋市中村区鳥居西通1-54-3,,,https://www.esthe-ranking.jp/nagoya/shop-detail/09b9be21-6180-4580-a4e9-77c934728916/,https://rainbow.roo.jp/,駐車場：お近くのコインパーキングをご利用下さい。,090-6466-3888,12:00～翌 03:00
ROME HOLIDAY（ローマホリデー）,太閤通駅2番出口,"35.167736, 136.874862",35.167736,136.874862,https://www.esthe-ranking.jp/nagoya/shop-detail/0c3719b5-1e74-4741-acf3-8210e61c7d49/,https://romeholiday.eei.jp/,太閤通駅2番出口徒歩3分,080-3638-0333,12:00～翌 03:00(受付：11:30～翌2:00)
天使のささやき,名古屋駅新幹線西口,愛知県名古屋市中村区則武1丁目13-9,,,https://www.esthe-ranking.jp/nagoya/shop-detail/201c0504-ac88-40a3-b9d9-c20fd04c310d/,https://tenshinosasayaki.eei.jp/,駐車場：お近くのコインパーキングをご利用下さい。,080-9496-8866,12:00～LAST(受付：11:00～LAST)
Re:fla （リフラ）,中村公園駅4分,■愛知県,,,https://www.esthe-ranking.jp/nagoya/shop-detail/62baa064-5f50-4230-93fe-78b4aba91cba/,http://nakamurarifura.xyz/,アクセス欄に住所あり,070-2625-2157,11:00～LAST
濡れ濡れ,中村公園駅,■愛知県,,,https://www.esthe-ranking.jp/nagoya/shop-detail/9bcff6ea-67c8-45dd-9aa0-5c6407fae37b/,http://nurenureest888.xyz/smile.sh-hop.tokyo/,アクセス欄に住所あり,090-4630-7012,11:00～LAST
愛楽庵,名古屋駅,■愛知県,,,https://www.esthe-ranking.jp/nagoya/shop-detail/9efdbcb5-9ebd-4ddc-8c21-d1f2fc2a113a/,https://airakuan.eev.jp/,名古屋駅徒歩７分,052-571-0089,11:00～翌 02:00
幸（ゆき）,名古屋駅,■愛知県,,,https://www.esthe-ranking.jp/nagoya/shop-detail/4040cbab-ad13-4b28-91ad-4ca8de6d1769/,https://yuki.eei.jp/,名古屋のマッサージ 名古屋駅桜通口西へ住友ビル隣りハローワーク近くのリラクゼーション,080-5291-6688,11:00～翌 01:00
Seven（セブン）,名古屋駅太閤通口,■愛知県,,,https://www.esthe-ranking.jp/nagoya/shop-detail/6c9d34e6-c984-4b2a-97f1-3e2c6d9f997d/,http://hfmg0.xyz/,名古屋駅太閤通口徒歩5分,052-887-9439,12:00～LAST
アンジュ,名古屋駅,■愛知県,,,https://www.esthe-ranking.jp/nagoya/shop-detail/9bef27a5-04b7-4ac0-9d51-875aa03c4f86/,https://ange888.jimdofree.com/,アクセス欄に住所あり,080-4962-1788,12:00～翌 01:00
夜の娘,浄心駅5番出口,"35°11'29.7""N 136°53'25.7""E",,,https://www.esthe-ranking.jp/otai/shop-detail/1eef84c3-8f76-4d5d-abb3-3f63b9de3149/,https://haguya.eei.jp/,近くのコインパーキングご利用ください。,070-2301-6197,09:00～LAST
moon,庄内通駅,愛知県名古屋市西区江向町１丁目４−１,,,https://www.esthe-ranking.jp/otai/shop-detail/013a67ea-8736-4b1d-879e-e4c423573700/,https://aichi-moon.navi.mn/,駐車場,070-1662-6677,12:00～翌 02:00
Green（グリーン）,比良駅,"35.224741904457304, 136.8960443294478",35.224741904457304,136.8960443294478,https://www.esthe-ranking.jp/otai/shop-detail/359fa994-0842-4c27-9619-d20e1c75ebde/,https://green.ooe.jp/,西区のリラクゼーション【Green】です♪ 比良駅から近くてアクセス抜群！,090-4397-4913,12:00～翌 02:00
フェアリーランド,味鋺駅,愛知県春日井市二子町２丁目３−１５,,,https://www.esthe-ranking.jp/otai/shop-detail/61a6506d-7f6b-4bd8-b21e-64be7660cd09/,https://lemon-pink02.navi.mn/,味鋺駅徒歩3分,090-5779-6637,11:00～翌 03:00
ラッキー777＋,味美駅,愛知県名古屋市北区楠4-501,,,https://www.esthe-ranking.jp/otai/shop-detail/76357d3c-5c6c-45b4-934d-85495826f593/,https://luckysevenplus.eei.jp/,【タチヤ楠店】すぐ近くです,070-5645-4321,12:00～LAST
姫の恋,上小田井駅,"35.223676, 136.876648",35.223676,136.876648,https://www.esthe-ranking.jp/otai/shop-detail/02ce32e4-e040-40d8-92cb-00ccb332063c/,https://himenokoi.eei.jp/,駐車場：近隣のコインパーキングをご利用ください,070-3833-6733,12:00～LAST
ジュリエット～juliet～,庄内通駅,愛知県名古屋市西区香呑町６丁目-68-3,,,https://www.esthe-ranking.jp/otai/shop-detail/304dc78d-c0de-4300-ba61-42851da68fb7/,http://juliet.oyiiihuu.name/,アクセス欄に住所あり,070-8325-3406,12:00～翌 03:00
ダイヤモンドガールズ,浄心駅,"35.19735, 136.893875",35.19735,136.893875,https://www.esthe-ranking.jp/otai/shop-detail/3601d984-fc45-4479-b5f3-e43e0b7e6a4b/,https://diamondgirls.eei.jp/,アクセス欄に緯度経度と住所あり,080-3659-8666,12:00～LAST
パンドラ,味鋺駅,"35.222132, 136.935533",35.222132,136.935533,https://www.esthe-ranking.jp/otai/shop-detail/3f030762-efb6-40cb-9ff5-1b0082b052ad/,https://pandora.qdd.jp/,アクセス欄に緯度経度と住所あり,070-1639-6986,12:00～翌 01:00
桜花～さくら～,名鉄一宮駅,愛知県一宮市本町4-1-8,,,https://www.esthe-ranking.jp/owari/shop-detail/251c5fb5-2013-4858-9bba-905c2eae6947/,https://kaikou.eei.jp/,"感謝クーポン！終日3,000円割引できます。！5月22日新人入店､こあ､まい、やな､すず、20代。毎日3人の女の子が出勤していますコスプレ可愛い！アカスリ大好評！優しいマッサージがオススメ。一宮エステ・邂逅です。駅から近くてアクセス抜群！!",070-4172-9876,11:00～翌 03:00
秘密俱楽部,国府宮駅,愛知県稲沢市松下２丁目７−１４,,,https://www.esthe-ranking.jp/owari/shop-detail/9b3c596c-41ed-4314-a5c4-14833b28d941/,https://secret-club.navi.mn/,国府宮駅徒歩５分,090-3441-6777,12:00～翌 03:00
天使の手（てんしのて）,妙興寺駅,愛知県一宮市花池３丁目９−６,,,https://www.esthe-ranking.jp/owari/shop-detail/c48582ba-e705-44bd-a8a9-5f8cbef4c562/,https://tensinote.eei.jp/,駐車場：店舗前2台・第2駐車場2台あります。,090-6595-1818,12:00～翌 04:00
濃密candy,西春駅,野並駅,,,https://www.esthe-ranking.jp/horita/shop-detail/bf29fd8e-74b9-411f-99ff-055785d158c8/,https://iine.eei.jp/,アクセス欄に住所あり,090-7272-5654,11:00～LAST
クリーム,妙興寺駅,"35.296226, 136.815853",35.296226,136.815853,https://www.esthe-ranking.jp/owari/shop-detail/f36bba4b-c4d0-430d-bfa2-1cd54602b998/,https://cream.eei.jp/,新規OPEN！一宮駅から近くてアクセス抜群！充実のコースで満足いただけます！,090-6080-0115,11:00～翌 03:00
silent night（サイレントナイト）,岩倉駅,"35.28231877549762, 136.8802320853889",35.28231877549762,136.8802320853889,https://www.esthe-ranking.jp/owari/shop-detail/c9c0f545-4c68-485f-9ce2-a4349dab4768/,https://silentnight.eei.jp/,"岩倉駅から近くてアクセス抜群！最大割引2,000円☆彼女の高い施術力によるマッサージを感じてください。心から喜んでいただけるようなサービスで、心と体のお手入れもバッチリ完了♪",080-3639-1618,12:00～翌 02:00
花蝶園,蟹江駅,"35.140714806648084, 136.79087065889544",35.140714806648084,136.79087065889544,https://www.esthe-ranking.jp/owari/shop-detail/b3e228b5-faa2-4ba2-9a6f-be4eee4c068d/,https://kachouen.eei.jp/,【セブン-イレブン 蟹江今店】に着きましたらお電話してください,090-3109-7972,10:30～翌 03:00
王様の休日,一宮駅,"35.301419, 136.800411",35.301419,136.800411,https://www.esthe-ranking.jp/owari/shop-detail/70829023-5e58-4682-bb0e-eea490c9b572/,https://ousamanokyuuzitu.eei.jp/,"一宮駅近くに新規オープン！終日スペシャルコース3,000円割引！癒しを極めたセラピストたちのマッサージをご堪能頂けます♪心から喜んでいただけるようなサービスで、心と体のお手入れもバッチリ完了♪",090-9908-0161,11:00～翌 03:00
あざと可愛い,三郷駅,愛知県尾張旭市瀬戸川町２丁目１８３,,,https://www.esthe-ranking.jp/owari/shop-detail/b67e2a1d-8c0c-4c4f-8409-4709eac77d45/,https://azatokawaii.crayonsite.info/,近くの【パチンコ玉越・尾張旭店（尾張旭市瀬戸川町２丁目１８３）】に着きましたら、お電話ください,090-4547-8628,11:00～翌 03:00
とろあまTime,江南駅,"35.33694963317408, 136.87283249518273",35.33694963317408,136.87283249518273,https://www.esthe-ranking.jp/owari/shop-detail/36efa1b0-400c-4796-924c-eed7b42dae42/,https://toroama.crayonsite.info/,江南駅徒歩2分,080-8808-1056,11:00～翌 03:00
小楽園,観音寺駅,愛知県一宮市末広3-11-14,,,https://www.esthe-ranking.jp/owari/shop-detail/b14939d6-4d18-48d4-8a06-a89aa835c5b5/,https://smallrakuen.navi.mn/,アクセス欄に住所あり,080-4228-3666,12:00～翌 03:00
誘惑ルーム,木田駅,愛知県あま市小橋方田中５６８,,,https://www.esthe-ranking.jp/owari/shop-detail/b8c5f54d-a4ae-4a4f-b704-d3865b5a3818/,https://yuuwakuroom.crayonsite.info/,近くにつきましたら、お電話ください,080-2958-6148,11:00～翌 03:00
心の恋,西春駅,愛知県北名古屋市鹿田清水３８−１,,,https://www.esthe-ranking.jp/owari/shop-detail/330fda1a-4672-4e5d-b292-f9f1e29c8b77/,http://heart-love.xin-kioi.online/,地図の位置に着きましたら、ご連絡ください。,080-2044-7073,10:00～翌 04:00
マシュマロ乙女,岩倉駅,"35.281061, 136.868728",35.281061,136.868728,https://www.esthe-ranking.jp/kasadera/shop-detail/613112b4-1d4e-4538-885d-50efd5dd6cbb/,https://marshmallowotome.eei.jp/,ファミリーマート 岩倉新柳町店に着きましたら電話してください,080-2651-0523,10:00～翌 04:00
白桜妖精,岩倉駅,"35.27878571556213, 136.87257765889552",35.27878571556213,136.87257765889552,https://www.esthe-ranking.jp/owari/shop-detail/abffa694-c5e5-46a5-86db-2c58fa04e58e/,https://hakuouyousei.eei.jp/,アクセス欄に緯度経度と住所あり,070-2648-7047,24時間営業
癒の郷（いやしのさと）,三郷駅,"35.21634, 137.051023",35.21634,137.051023,https://www.esthe-ranking.jp/owari/shop-detail/a6664c43-ee28-42f6-aa66-0cff371039e8/,https://iyashinosato.eey.jp/,感謝クーポン癒しコース4000円割コスプレ無料！尾張旭のリラクゼーション癒の郷~いやしのさとです♪ 三郷駅から近くてアクセス当店自慢のマッサージで、あなたに極上の時間をお贈りします。スタッフ一同みなさまのお越しをお待ちしております！,080-6317-1804,12:00～翌 02:00
癒しのマダム,甚目寺駅,"35.1891026556695, 136.82634031186478",35.1891026556695,136.82634031186478,https://www.esthe-ranking.jp/owari/shop-detail/f7d56c32-ed5c-4ace-be71-d35da23d4ab8/,https://iyashimadamu.crayonsite.com/,近くに着きましたら、お電話ください。,080-7822-3524,11:00～翌 03:00
魔性の宮,今伊勢駅,"35.32447953758065, 136.8131834904257",35.32447953758065,136.8131834904257,https://www.esthe-ranking.jp/owari/shop-detail/0766dfb3-656d-4eae-b376-fc1ed960e356/,https://masyounomiya.eei.jp/,駐車場あります,080-8341-8107,12:00～翌 03:00
花花,蟹江駅,"35.345769, 136.870711",35.345769,136.870711,https://www.esthe-ranking.jp/owari/shop-detail/6672340c-7604-43a6-bfbe-e82de6fd6825/,https://waraku.bdd.jp/,アクセス欄に緯度経度と住所あり,080-2636-7788,12:00～翌 02:00
ドキドキトラップ,蟹江駅,"35.14058277124771, 136.7909582329851",35.14058277124771,136.7909582329851,https://www.esthe-ranking.jp/owari/shop-detail/c2c4e4fc-366b-4342-a13a-0b44daed4a6c/,https://dokidokitorappu.crayonsite.net/,（セブン-イレブン 蟹江今店の近く）,090-7404-4073,11:00～翌 03:00
君のBaby,岩倉駅,"35.275517880226495, 136.88126877701214",35.275517880226495,136.88126877701214,https://www.esthe-ranking.jp/owari/shop-detail/d3af15ff-0ee9-434b-a3c3-4bf732f8efc8/,https://kiminobaby.bdd.jp/,スギドラッグ岩倉東店に着きましたらお電話して下さい,080-2502-3621,11:00～翌 03:00
ルナ,近鉄蟹江駅,"35.13730434887431, 136.7825274271176",35.13730434887431,136.7825274271176,https://www.esthe-ranking.jp/owari/shop-detail/1076be66-37b9-4558-9a42-e886c7b45386/,http://luna.xin-uel.online/,アクセス欄に緯度経度と住所あり,070-5332-0450,12:00～翌 03:00
優しい光,江南駅,"35.3326, 136.863065",35.3326,136.863065,https://www.esthe-ranking.jp/owari/shop-detail/cf5777b6-d226-4fff-b9c8-5fe046b002a0/,https://yasashiihikari.ddv.jp/,駐車場あります。,070-2315-9608,12:00～翌 03:00
Utopia～ユートピア～,江南駅,愛知県江南市村久野町平河90,,,https://www.esthe-ranking.jp/owari/shop-detail/1db9766b-f309-46db-8316-4dfc77347169/,https://utopia.eei.jp/,【村久野新開バス駅から徒歩1分】 すいとぴあ名草線~ドン・キホーテ・江南厚生病院近く,090-6646-9888,10:00～LAST
癒しタイム,旭前駅西口,愛知県尾張旭市向町４丁目１−１,,,https://www.esthe-ranking.jp/owari/shop-detail/6f4d409c-48cf-4c66-91f1-0d88a65f422c/,http://healingtime.este88.com/,駅の南口を出て「中華料理 萬香館」に着きましたら、ご遠慮なくお電話ください、スタッフより詳しく案内いたします。,090-8635-3190,11:00～翌 03:00
ボンボン,近鉄弥富駅,"35.107722674476214, 136.7353619522093",35.107722674476214,136.7353619522093,https://www.esthe-ranking.jp/owari/shop-detail/66b2ca94-fb3a-406b-b17a-249936ff5ede/,https://bonbon.xnn.jp/,アクセス欄に緯度経度と住所あり,090-4546-4119,11:00～翌 02:00
ももいろ,徳重・名古屋芸大駅,愛知県北名古屋市六ツ師北屋敷２３０４−１,,,https://www.esthe-ranking.jp/owari/shop-detail/7c23067c-1e32-4412-b862-314c3c97d5b1/,https://momoiro.ggo.jp/,駐車場 あり,070-1659-8808,11:00～LAST
秘密教室,三郷駅,"35.215706, 137.053731",35.215706,137.053731,https://www.esthe-ranking.jp/owari/shop-detail/65aae64a-4311-45a7-8a22-87defbdbc84c/,https://himitukyousitu.eei.jp/,尾張旭市のリラクゼーション秘密教室です♪ 三郷駅から近くてアクセス抜群！,070-3786-2161,08:00～LAST
縁,木曽川駅,愛知県一宮市北方町北方北曽根２０４,,,https://www.esthe-ranking.jp/owari/shop-detail/d112e72c-931f-4586-887b-9a6831841268/,https://en.bdd.jp/,木曽川駅から近くてアクセス抜群！当店で至高の施術を体験してください,080-7797-0386,24時間営業
ドキドキChu～,西春駅,"35.2445549409919, 136.8675663837517",35.2445549409919,136.8675663837517,https://www.esthe-ranking.jp/owari/shop-detail/a74b4d60-07a3-41fc-80c7-20aac02c94c2/,https://dokidokichu.eei.jp/,あいち銀行に着きましたらお電話して下さい,080-9333-3003,12:00～翌 03:00
至高の一夜,印場駅,"35.20002135618267, 137.01632467112034",35.20002135618267,137.01632467112034,https://www.esthe-ranking.jp/owari/shop-detail/54ff6fe1-89f6-4b6a-b607-58c5cafb28b6/,https://shikounoichiya.eei.jp/,地図の場所(駐車場センチュリー21)に着きましたらお電話お願いします,070-4203-1429,12:00～翌 03:00
秘心～ひしん～,江南駅,"35.344239939913386, 136.86345906322435",35.344239939913386,136.86345906322435,https://www.esthe-ranking.jp/owari/shop-detail/716175cc-15a2-4686-9b89-8da159ec63ec/,https://hisin.xnn.jp/,駐車場あります。,080-5298-2716,11:00～翌 06:00
キスの癒し,国府宮駅,"35.249503, 136.787818",35.249503,136.787818,https://www.esthe-ranking.jp/owari/shop-detail/d5c60a99-384d-4d61-a7b1-6842c2394dc5/,https://kissnoiyashi.ooa.jp/,駐車場 店舗前に3台ございます。,080-8015-2845,24時間営業
癒しの間,蟹江駅,"35.140056, 136.790824",35.140056,136.790824,https://www.esthe-ranking.jp/owari/shop-detail/3ba85451-9c37-492a-b830-9bd8a0295d0b/,https://iyashinoma.eei.jp/,駐車場 あり,090-6586-3399,10:00～LAST
はな夢,七宝駅,"35.174036, 136.819059",35.174036,136.819059,https://www.esthe-ranking.jp/owari/shop-detail/78f81080-9359-44aa-bb0b-e7180ca75dca/,https://nightpresent.eei.jp/,地図の中心点（月極駐車場）に着きましたらお電話ください,080-9737-5666,11:00～翌 02:00
ご褒美time,津島駅,愛知県津島市藤里町1丁目,,,https://www.esthe-ranking.jp/owari/shop-detail/fb7ade7c-b468-4b1a-8c65-f6d71feede77/,https://gohoubitime.eei.jp/,アクセス欄に住所あり,070-4460-9681,12:00～LAST
誘惑のパラダイス,西春駅,"35.250709, 136.844557",35.250709,136.844557,https://www.esthe-ranking.jp/owari/shop-detail/4c73e803-cbb5-497c-8f31-7aa78ddb2e39/,https://yuuwakunoparadaisu.eei.jp/,駐車場 無料駐車場をご利用可能、DVD漫画喫茶とレストラン坂元の共同駐車場をご利用下さい,080-6659-2973,12:00～LAST
マンゴー姫（まんごーひめ）,佐古木駅,佐古木駅,,,https://www.esthe-ranking.jp/owari/shop-detail/65fce10c-86f0-4356-beda-d83811142c75/,http://hime.sh-zp.tokyo/,ここに着きましたら、お電話ください。,050-6868-6891,10:30～LAST
メンズの極楽基地,西春駅,愛知県北名古屋市西之保深坪１３−１,,,https://www.esthe-ranking.jp/owari/shop-detail/70289225-d2df-41a0-a6c2-a3faf37d4a2b/,https://menes-band.navi.mn/,アクセス欄に住所あり,050-6863-9049,24時間営業
誘惑ベイビー,名鉄一宮駅,"35.298876, 136.81806",35.298876,136.81806,https://www.esthe-ranking.jp/owari/shop-detail/3a74206b-7656-48df-bc5b-9e8a50ef6733/,https://yuuwakubaby.eei.jp/,アクセス欄に緯度経度と住所あり,080-2466-8839,12:00～翌 03:00
StarrySky（スタリースカイ）,西春駅,"35.24449478264747, 136.8675025630965",35.24449478264747,136.8675025630965,https://www.esthe-ranking.jp/owari/shop-detail/254c538d-1978-4d81-a3d7-0522a8127956/,https://bellefemme.eei.jp/,あいち銀行近くでお電話してください♪ご案内します☆,080-9333-4378,12:00～翌 03:00
Mrs.Lemon（ミセスレモン）,木曽川駅,愛知県一宮市木曽川町里小牧字清水４１番地４,,,https://www.esthe-ranking.jp/owari/shop-detail/8f696117-4fa0-4acb-a853-cda25fe80fdd/,https://mrslemon.eei.jp/,"☆新規のお客様はいつでも初回2,000円引きです☆JR木曽川駅近くからアクセス抜群【Mrs.Lemon~ミセスレモン~】お客様一人一人に合わせた施術をご提供いたします。高い魅力のスタッフによる癒しでゆったりリラックスできることでしょう。",080-1611-7623,24時間営業
極楽もも,木曽川駅・奥町駅,愛知県一宮市木曽川町黒田山１−２,,,https://www.esthe-ranking.jp/owari/shop-detail/f41d3134-7f58-450e-9c7e-ffe955f72138/,http://gokuraku-momon.ajn-esute.asia/,フィットイージー 木曽川店付近着きましたら電話してください。,070-3369-0629,12:00～翌 03:00
美人の癒しアロマ,西春駅,西春駅,,,https://www.esthe-ranking.jp/owari/shop-detail/ac982c3c-0e7a-422f-9872-99a1a23e447f/,http://aroma.sh-qeftxtu.tokyo/,西春駅に着きましたらお電話ください。,080-4834-8530,24時間営業
どストライク！,甚目寺駅,"35.191306549965255, 136.82630783126066",35.191306549965255,136.82630783126066,https://www.esthe-ranking.jp/owari/shop-detail/a7b03036-8d02-4971-ab43-03bdb3f35efe/,http://perfect-hit.sh-yypa.tokyo/,甚目寺駅徒歩8分,080-7745-4293,11:00～LAST
LILLY Mocha（リリーモカ）,尾張旭駅,"35.19491, 137.04216",35.19491,137.04216,https://www.esthe-ranking.jp/owari/shop-detail/67eb6c38-0e72-45b3-94c6-9cee97d2e1bf/,https://lillymocha.eei.jp/,アクセス欄に緯度経度と住所あり,080-8095-2887,12:00～翌 03:00
溌剌Lady,尾張一宮駅,愛知県一宮市緑1-2-1,,,https://www.esthe-ranking.jp/owari/shop-detail/c2d50df5-892e-4681-aa18-ba895d867117/,https://momoka.dgg.jp/,駐車場：店舗前共用駐車場をご利用ください。,080-4308-8999,24時間営業
ViVi（ヴィヴィ）,名鉄一宮駅,"35.300488, 136.796465",35.300488,136.796465,https://www.esthe-ranking.jp/owari/shop-detail/11ede627-3e8d-4a19-9b1e-540a3f788493/,https://vivi.bdd.jp/,駐車場あります,090-1789-5688,11:00～翌 02:00
激安おしゃれ貴族美女クラブ,尾張一宮駅,愛知県一宮市栄２丁目,,,https://www.esthe-ranking.jp/owari/shop-detail/5beceb44-0fec-4ac8-92fb-b8278faf4317/,http://kizoku.refle.shop/,（お近くに着いたら、ご連絡ください）,080-3621-1555,12:00～LAST
小野猫（ショウイェマオ）,三郷駅,愛知県尾張旭市東本地ケ原町3丁目104,,,https://www.esthe-ranking.jp/komaki/shop-detail/f7fa2ba3-39b1-4b1f-88fb-925c090c019e/,https://xiaoyemao.eei.jp/,アクセス欄に住所あり,090-1759-4059,24時間営業
海棠花～ベゴニア～,弥富駅,"35.10956000000094, 136.7296656583865",35.10956000000094,136.7296656583865,https://www.esthe-ranking.jp/owari/shop-detail/fa21a013-ff7b-4666-b83d-38ddb68179b8/,https://dreamland.eeh.jp/,駐車場あり,080-6963-8899,11:00～翌 02:00
夜の色（ヨルノイロ）,甚目寺駅,愛知県あま巿坂牧大塚122-5,,,https://www.esthe-ranking.jp/owari/shop-detail/4a6b36d5-5b16-49dc-b1e3-5e3461d422fd/,https://banana-love.com/,アクセス欄に住所あり,080-7530-4962,12:00～翌 02:00
Princess（プリンセス）,藤浪駅,"35.18941161592237, 136.74005031777557",35.18941161592237,136.74005031777557,https://www.esthe-ranking.jp/owari/shop-detail/79b7ce36-5e7f-448d-9c4f-b8c1f82ced18/,http://princess.refle.shop/,ファミリーマート 佐織諏訪店の近くに着いたら、ご連絡ください。,090-1070-2129,10:00～LAST
アリス,岩塚駅,愛知県知多市にしの台１丁目２３１１,,,https://www.esthe-ranking.jp/chita/shop-detail/a99c465b-0da3-43e7-906f-bd3156fb051c/,http://aly1.sh-rjb.tokyo/,愛知県知多市にしの台1丁目2311に着きましたらお電話ください。,080-3637-2488,11:00～24:00(受付：10:00～22:00)
癒しの館,蟹江駅,"35.142067, 136.812466",35.142067,136.812466,https://www.esthe-ranking.jp/tokaidori/shop-detail/117aca4f-ba28-4f6c-934a-6ff42882ea93/,https://iyasinoyakata.eei.jp/,専用駐車場あり,090-8186-6789,10:00～翌 02:30
恋の季節,今伊勢駅,"35.31628652038517, 136.78608093042578",35.31628652038517,136.78608093042578,https://www.esthe-ranking.jp/owari/shop-detail/6a0ba8a2-f64f-497f-a25f-2a1ffd82a85c/,https://koinokisetu.bdd.jp/,駐車場あり,080-3618-0591,11:00～翌 03:00
癒し姫,奥町駅,愛知県一宮市小信中島仁井西１１−１,,,https://www.esthe-ranking.jp/owari/shop-detail/192748bc-151e-45af-9a39-1e6019dcd6ab/,https://iyashihime.bdd.jp/,NEW OPEN！！駐車場完備！クーポンもありますよ！綺麗な女性スタッフによる甘美でとろけるマッサージを実感してください。,070-1676-0718,12:00～LAST(最終受付：翌3:00)
yuragi（ゆらぎ）,名鉄一宮駅,愛知県一宮市浅野大曲り23-1,,,https://www.esthe-ranking.jp/owari/shop-detail/8c4b3cb9-29c3-4008-95e1-b108d9a3f8ad/,https://yuragi.eei.jp/,★新人入店★お客様の満足を第一の目的としています。店内の環境は清潔でアカスリ専用ルームもございます。そのほか、無料駐車場も設けており、お車でのご来店に便利です。心地よい空間で、心身がリラックスする素晴らしい時間をご堪能ください。スタッフ一同、皆様のお越しを心よりお待ちしております。,070-5351-4056,12:00～翌 02:00
最高のenjoy,岩倉駅,"35.280986, 136.86858",35.280986,136.86858,https://www.esthe-ranking.jp/owari/shop-detail/5049a203-7b61-4c72-a915-5453b719006c/,https://saikounoenjoy.eev.jp/,★岩倉市に誕生した話題のリラクゼーションサロン！岩倉駅から徒歩すぐ★喧騒を離れて、心がゆっくりほどける癒しの時間をご提供♪こだわり抜かれたセラピストによる心地よい手技で、全身が深くリフレッシュ☆彡落ち着いた雰囲気のプライベート空間をお楽しみください！,090-9300-3444,13:00～LAST
ステキラ,新木曽川駅,"35.338711511697596, 136.7807974914258",35.338711511697596,136.7807974914258,https://www.esthe-ranking.jp/owari/shop-detail/b27741f9-4aa3-4d96-89c2-3fa371dfbf47/,https://sutekira.eei.jp/,駐車場：有ります,090-5581-5086,12:00～翌 03:00
たっぷりおねだり,江南駅,江南駅,,,https://www.esthe-ranking.jp/owari/shop-detail/ed5b90ea-f348-4925-8e84-71466013d251/,http://pleading.sh-gyrvcyi.tokyo/,江南駅に着きましたら、お電話ください。,080-7745-4293,10:30～LAST
癒の館,新木曾川駅,愛知県一宮市奥町宮東３１-６,,,https://www.esthe-ranking.jp/owari/shop-detail/e100cf4a-7e73-4e98-95ee-f173582ae574/,https://iyashinoyakata.eei.jp/,アクセス欄に住所あり,080-6981-8864,12:00～翌 03:00
いちご,岩倉駅,"35.27872176023053, 136.8696439532932",35.27872176023053,136.8696439532932,https://www.esthe-ranking.jp/owari/shop-detail/02b3694f-94e3-4258-aa38-64d0d9e63a76/,http://strawberry.sh-oik.tokyo/,ここに着きましたら、お電話ください。,070-2344-0406,12:00～翌 02:00
もえきゅんスパ,稲沢駅,愛知県稲沢市治郎丸大角町,,,https://www.esthe-ranking.jp/owari/shop-detail/4b6ca914-fea9-419a-a4fb-33e4b230f30e/,https://moekyun.crayonsite.net/,お近くにコインパーキングあり,070-8521-3947,11:00～翌 03:00
新世界,七宝駅,"35.171066, 136.800766",35.171066,136.800766,https://www.esthe-ranking.jp/owari/shop-detail/b18c6ad1-1949-46d2-9ef6-5773c291df28/,https://shinsekai.eei.jp/,新規OPEN！クーポン有り！七宝駅から近くてアクセス抜群！駐車場あり！,080-4535-3177,11:00～翌 03:00
Astyle,名鉄一宮駅,愛知県名古屋市中区丸の内3丁目15-7-2,,,https://www.esthe-ranking.jp/sakae/shop-detail/611dedc5-d1a5-4933-8771-5219398ffd87/,http://paopao.sh-haa.tokyo/,久屋大通駅徒歩6分/丸の内駅5分/栄駅14分,05-2887-8071,12:00～翌 03:00(受付：11:30～翌1:00)
森の恋,津島駅,愛知県津島市今市場町4-22,,,https://www.esthe-ranking.jp/owari/shop-detail/bac3d036-3a50-4a28-9e09-32229a2bca7b/,https://morinokoi.eey.jp/,駐車場 店舗前にあります,070-9318-8350,12:00～翌 02:00
愛のロマンス,西春駅,愛知県北名古屋市六ツ師道毛182-1,,,https://www.esthe-ranking.jp/owari/shop-detail/e0baca51-aa45-4056-b45a-a460a3e07f99/,https://luckynohana.eei.jp/,地図の中心店は専用駐車場です,070-1689-5666,11:00～LAST
よいづき～宵月～,徳重・名古屋芸大駅,愛知県小牧市藤島町梵天40,,,https://www.esthe-ranking.jp/owari/shop-detail/d7202cd4-5666-4a1e-b895-7df7449de8dc/,https://yoiduki.eei.jp/,お店の裏側に専用駐車場あり,080-4077-6588,10:00～22:00
夢の夜,蟹江駅,蟹江駅,,,https://www.esthe-ranking.jp/owari/shop-detail/0c419591-fc66-4b50-9274-91bf88172562/,http://mengde.mensest.xyz/,アクセス欄に住所あり,080-1570-3045,11:00～翌 02:00
リラックスサロン オーシャン,江南駅,■愛知県,,,https://www.esthe-ranking.jp/owari/shop-detail/290955fe-ac5c-4c09-b5cc-ff478a962de5/,https://ocean.eev.jp/,アクセス欄に住所あり,0587-55-7187,10:00～LAST
オリーブ～Olive～,尾張一宮駅,■愛知県,,,https://www.esthe-ranking.jp/owari/shop-detail/461f94d0-bd54-4a5f-a8dd-5ddbbdab42a5/,https://olive.evv.jp/,尾張一宮駅徒歩6分,090-6070-1112,12:00～LAST
ソウル＆SOUL,甚目寺駅,■愛知県,,,https://www.esthe-ranking.jp/owari/shop-detail/51ab96cc-fe07-4534-bee0-1ef9d6f62f6c/,https://shop2.es-johokan.com/soul-j/,アクセス欄に住所あり,052-441-5833,13:00～23:30(金土日：13:00～24:00)
佳華健康館,江南駅,■愛知県,,,https://www.esthe-ranking.jp/owari/shop-detail/b5e3ddb9-1040-442e-8e4b-e6d4fce048a5/,https://keika.eev.jp/,アクセス欄に住所あり,090-8073-6536,12:00～24:00
Summer Land（サマーランド）,西春駅,■愛知県,,,https://www.esthe-ranking.jp/owari/shop-detail/1cc4addc-c2ea-4964-b57d-0023c951be29/,https://summerland.eew.jp/,アクセス欄に住所あり,070-2332-3786,12:00～LAST
夏,甚目寺駅,■愛知県,,,https://www.esthe-ranking.jp/owari/shop-detail/13a2011d-5e41-4fe4-8f10-540e0c90cd93/,https://rakuen-amagun.eev.jp/,アクセス欄に住所あり,080-3688-1666,12:00～翌 02:00
健康ハウスSOU,石仏駅,■愛知県,,,https://www.esthe-ranking.jp/owari/shop-detail/ce7dc4db-a8cb-47ed-a421-83a85bc15bbb/,https://kennkouhausu.eev.jp/,アクセス欄に住所あり,090-9662-5544,11:00～翌 02:00
桃香縁（とうかえん）,栄駅12番出口,愛知県名古屋市中区栄4-5-5 セントラル栄ビル５Ｆ,,,https://www.esthe-ranking.jp/sakae/shop-detail/3728b4c5-b6fe-4744-94a5-7e67160217cd/,https://toukaen.eei.jp/,栄駅12番出口徒歩2分,052-238-2586,10:00～LAST
快楽,伏見駅,"35.16977155192645, 136.89475102836278",35.16977155192645,136.89475102836278,https://www.esthe-ranking.jp/sakae/shop-detail/4b770438-e332-46ec-8944-92b2d288b6d4/,https://happytime.ddv.jp/,伏見駅から近くてアクセス抜群！極上の癒しの快感をたっぷり感じてください。,080-5789-6788,11:00～翌 04:00
心美（シンメイ）,伏見駅5番出口,愛知県名古屋市中区栄2-8-7,,,https://www.esthe-ranking.jp/sakae/shop-detail/2a450109-1279-454b-94b8-bcc5e1c41355/,https://shinmei.eei.jp/,地下鉄東山線・鶴舞線伏見駅5番出口徒歩2分5番出口をでましたら科学館の方面へ1つ目の交差点を左へ50Mほどで当店です。,090-9192-5718,11:00～翌 03:00
蜜柑（みかん）,丸の内駅・久屋大通駅,愛知県名古屋市中区丸の内2丁目18-32,,,https://www.esthe-ranking.jp/sakae/shop-detail/550aa65f-b517-4d6c-b7cd-0726c98a25c2/,https://orange-orange.navi.mn/,丸の内駅3番出口徒歩1分,090-9898-6789,24時間営業
君のとなり,久屋大通駅1番出口,"35.173763, 136.90545",35.173763,136.90545,https://www.esthe-ranking.jp/sakae/shop-detail/bb537ece-2aaf-428e-9a65-487a6f055ad8/,https://kiminotonari.eei.jp/,栄エリアのアジアンエステ - 君のとなりのアクセス - 全国メンズエステランキング,080-6946-8427,12:00～LAST
豫園（よえん）,栄駅,愛知県名古屋市中区栄3-9-17,,,https://www.esthe-ranking.jp/sakae/shop-detail/6d7bbd86-f276-4037-bf89-91c1e5ce7bda/,http://yoen.online81.jp/,栄駅徒歩3分,080-8488-6688,24時間営業
セレブタイムズ,栄駅,愛知県名古屋市中区栄3-12-6,,,https://www.esthe-ranking.jp/sakae/shop-detail/331ee2d7-5e76-4aeb-b0fe-e58ea5a7b0cd/,http://celebtimes.online81.jp/,栄のヘルスケアセレブタイムズ~CELEB TIMESです♪ 栄駅から近くてアクセス抜群！,090-3935-1933,12:00～LAST
悠子（ゆうこ）,栄駅,愛知県名古屋市中区栄5-3-2,,,https://www.esthe-ranking.jp/sakae/shop-detail/7d4a520b-618f-4ee1-917a-4089ae65c32a/,http://yuko.online81.jp/,駐車場：近所に有料駐車場がございます。,070-5449-6888,12:00～LAST
ルネッスミョンドン,矢場町駅3番出口,■愛知県,,,https://www.esthe-ranking.jp/sakae/shop-detail/dbf69920-4615-4aca-9216-2afe2d8333df/,https://myondon.eei.jp/,矢場町駅3番出口徒歩5分,052-242-2294,12:00～24:00
リピート,久屋大通駅1番出口,■愛知県,,,https://www.esthe-ranking.jp/sakae/shop-detail/53ed41d4-c464-49f1-af89-82609bbbe064/,https://repeat.eei.jp/,久屋大通駅1番出口徒歩1分,090-3582-1717,12:00～翌 05:00
癒し娘の物語,伏見駅4番出口,■愛知県,,,https://www.esthe-ranking.jp/sakae/shop-detail/43038042-ea03-44ab-abd6-fe8762637a69/,http://iyashi.online81.jp/,伏見駅4番出口徒歩1分,080-9485-5436,12:00～翌 03:00
もみっ娘,新栄町駅,愛知県名古屋市中区新栄町3丁目4-1,,,https://www.esthe-ranking.jp/shinsakae/shop-detail/6da1effd-2bad-4a2e-9580-752ac02a4eb4/,https://momikko.eei.jp/,アクセス欄に住所あり,052-212-8026,12:00～LAST
奈斯（ナイス）,今池駅8番出口,愛知県名古屋市千種区春岡1-11-17,,,https://www.esthe-ranking.jp/shinsakae/shop-detail/d953881d-e792-4b42-81f1-9bc5c03857dd/,https://nice.uuo.jp/,今池駅から近くてアクセス抜群！,090-5861-5841,24時間営業
癒しの小町,今池駅8番出口,愛知県名古屋市千種区今池5丁目12-18,,,https://www.esthe-ranking.jp/shinsakae/shop-detail/04a65f9b-1d83-4983-88ca-3e3eae7f5b72/,https://komachi.eei.jp/,今池駅8番出口すぐに新しリラクゼーションスポットが誕生★中国式リラクゼーションマッサージ「癒しの小町」♪,070-5330-9088,12:00～翌 02:30(受付：11:00~)
康楽（こうらく）,池下駅,愛知県名古屋市千種区春岡1-6-14,,,https://www.esthe-ranking.jp/shinsakae/shop-detail/3c18ff4f-e291-4310-aa9b-9f2df73b7267/,https://kouraku.qqo.jp/,池下駅徒歩約2分,090-8488-5168,13:00～LAST
可愛い猫,今池駅9番出口,"35.25233437532605, 136.80215375613903",35.25233437532605,136.80215375613903,https://www.esthe-ranking.jp/owari/shop-detail/2b508167-3af5-433c-b9fb-52db1c3c0d29/,http://kwink.sh-yi.tokyo/,松清本店 駅前店に着きましたら、お電話ください。,080-9496-1395,12:00～翌 01:00
初見（しょけん）,新栄町駅,愛知県名古屋市中区新栄１丁目２７−７,,,https://www.esthe-ranking.jp/shinsakae/shop-detail/a41c56ff-55ce-400e-92d2-328248a92d07/,http://yogiri.hl-web.work/,新栄町駅徒歩8分,080-3650-6888,24時間営業
猫の誘惑,新栄町駅,愛知県名古屋市中区新栄2-9-28,,,https://www.esthe-ranking.jp/shinsakae/shop-detail/26df4ffd-a3ca-4fd2-bb4e-8e3135e7688e/,https://nekonoyuwaku.uuo.jp/,新栄町駅徒歩3分,090-2137-6888,12:00～翌 04:00(受付時間：11:40～翌4:00)
フラワーガール,今池駅2番出口,"35.175219972873414, 136.93925798500044",35.175219972873414,136.93925798500044,https://www.esthe-ranking.jp/shinsakae/shop-detail/a15eb68d-0534-48a6-9179-6ed77e78b985/,https://hurawagirl-blue.navi.mn/,今池駅2番出口徒歩5分,080-5296-6868,10:00～LAST
Enjoy Room,新栄町駅,愛知県名古屋市中区新栄1丁目27−7,,,https://www.esthe-ranking.jp/shinsakae/shop-detail/4f33e775-ef89-47f0-bb62-c362cdebaa79/,http://enjoyroom.hl-web23.work/,新栄町駅徒歩8分,080-9991-6038,12:00～LAST
幸（さち）,千種駅4番出口,"35.16979433725622, 136.93492573949914",35.16979433725622,136.93492573949914,https://www.esthe-ranking.jp/shinsakae/shop-detail/0ea1b538-d46e-4a97-a349-9ca3a112efe0/,https://yuga.eei.jp/,駐車場 近くのコインパーキングご利用ください。,070-2802-0347,13:00～LAST
舞（マイ）,今池駅4号口,愛知県名古屋市千種区仲田２丁目１９−１０,,,https://www.esthe-ranking.jp/shinsakae/shop-detail/f5c6b953-e7f1-4e32-9d3e-c9212e8e4a11/,https://mai-bu.navi.mn/,今池駅4号口徒歩3分,080-4544-7046,12:00～翌 05:00
momoランド,今池駅8番出口,愛知県名古屋市千種区今池５丁目２２−１６,,,https://www.esthe-ranking.jp/shinsakae/shop-detail/a84977bf-6b6a-4238-b0af-4be83b90ded0/,https://momoland.eei.jp/,今池駅8番出口徒歩1分,090-3967-9898,12:00～翌 02:00
MoonLight（ムーンライト）,池下駅1番出口,愛知県名古屋市千種区春岡1-2-3,,,https://www.esthe-ranking.jp/shinsakae/shop-detail/c54cf877-fe40-40e3-98d2-57df6762b990/,https://moonlight.ooj.jp/,池下駅1番出口徒歩3分,052-753-9819,12:00～翌 05:00
馴れ初め,今池駅,愛知県名古屋市千種区仲田2丁目,,,https://www.esthe-ranking.jp/shinsakae/shop-detail/1c63f63b-17c6-4c02-9957-72470c2e7a79/,http://dfg.odl-esute.asia/,地図の位置に着きましたら、ご連絡ください。,090-9626-0592,10:00～LAST
Nightbeauty,今池駅11番出口,愛知県名古屋市千種区内山3-31-14,,,https://www.esthe-ranking.jp/shinsakae/shop-detail/7884ee75-0b07-40a4-8a20-560f145070cb/,https://honobono.eev.jp/,今池駅11番出口徒歩3分,090-6086-6688,12:00～LAST
星の女神,池下駅,愛知県名古屋市千種区池下２丁目２−１６,,,https://www.esthe-ranking.jp/shinsakae/shop-detail/de904870-9a68-4d25-8aaf-f79f7727012c/,https://hosinomegami.eei.jp/,千種区のリラクゼーション【星の女神】です♪ 池下駅から近くてアクセス抜群！,080-6706-7888,12:00～翌 03:00
彩葉,新栄町駅,愛知県名古屋市中区新栄１丁目１−14,,,https://www.esthe-ranking.jp/shinsakae/shop-detail/6495b7c9-0c09-4270-9ba2-7664299909ed/,https://ayaha.eei.jp/,中区のリラクゼーション【彩葉 - あやは】です♪ 新栄町駅から近くてアクセス抜群！,070-9458-8885,11:00～LAST
魅惑のユートピア,新栄町駅,愛知県名古屋市中区栄4-6-3 ピボット東新町ビル,,,https://www.esthe-ranking.jp/shinsakae/shop-detail/268ebb9e-a1fa-4b1a-a54e-2a98342fceb6/,https://miwaku-utopia.eev.jp/,アクセス欄に住所あり,052-746-9471,12:00～LAST
Mitsubatch（ミツバチ）,高岳駅,愛知県名古屋市東区泉1丁目5-31,,,https://www.esthe-ranking.jp/shinsakae/shop-detail/9edd41e7-7cdc-42a0-a87a-e3b9605e499a/,http://www.mitsubat184.info/,コインパーキングスグ・付近でお電話くださいね♪,080-4953-1007,12:00～翌 01:00(最終受付：24:00)
伶美（れいみ）,新栄町駅,愛知県名古屋市中区新栄1-12-3,,,https://www.esthe-ranking.jp/shinsakae/shop-detail/c8f07e22-e9ec-43c0-93a9-f99c8fe9a360/,https://reimi.eew.jp/,近くにコインパーキングあり,080-9726-1867,13:00～翌 02:00
奈奈（ナナ）,今池駅8番出口,愛知県名古屋市千種区今池5丁目14番地5号,,,https://www.esthe-ranking.jp/shinsakae/shop-detail/77ec5472-9e93-4cb2-92b6-d2e834bc9d50/,https://nana.eei.jp/,今池駅8番出口徒歩3分,070-8383-1166,12:00～翌 02:00
チューリップ,新栄町駅,■愛知県,,,https://www.esthe-ranking.jp/shinsakae/shop-detail/170ec30d-0e28-412c-9c9d-b2348e9205e5/,http://tulip.online81.jp/,アクセス欄に住所あり,080-7637-4581,11:00～翌 01:00
優香,新栄町駅,■愛知県,,,https://www.esthe-ranking.jp/shinsakae/shop-detail/e923357e-2605-46b1-8b4e-aacf0ae6dc53/,https://yuuka-nagoya.jimdofree.com/,新栄町駅徒歩5分,080-6155-1991,12:00～翌 03:00
モネ,新栄町駅,■愛知県,,,https://www.esthe-ranking.jp/shinsakae/shop-detail/c6d6176b-008c-47b9-a59a-7f223cbe30f8/,https://shop2.es-johokan.com/monet-s/,アクセス欄に住所あり,090-4412-6668,24時間営業
ドキドキ苑,新栄駅,■愛知県,,,https://www.esthe-ranking.jp/shinsakae/shop-detail/3e6d0228-8989-4b48-8893-198d9a3b0f5c/,http://dokidokien.online81.jp/default.aspx,新栄駅徒歩3分,080-4942-2286,24時間営業
ちょうちょう,平針駅,"35.121202, 137.008933",35.121202,137.008933,https://www.esthe-ranking.jp/showa/shop-detail/4c4f985a-529d-47d3-9bf7-fef67e85f84b/,https://chouchou.eew.jp/,駐車場：あります,090-5778-5399,24時間営業
cherry,塩釜口駅,"35.13248078203447, 136.9780261256137",35.13248078203447,136.9780261256137,https://www.esthe-ranking.jp/showa/shop-detail/5c61f56e-192c-400d-a90c-8a3e5a04ba6e/,https://cherry.eeq.jp/,塩釜口駅から近くてアクセス抜群！,080-2123-0029,12:00～LAST
秘密のオアシス,平針駅,"35.12469025594226, 137.00264233145055",35.12469025594226,137.00264233145055,https://www.esthe-ranking.jp/showa/shop-detail/9cd3e1b0-b01f-42e4-85c5-184276ac45e4/,http://orenoreijyo.refle.shop/,（お近くに着いたら、ご連絡ください）,070-5649-3869,24時間営業
エフル,植田駅,愛知県名古屋市天白区井口１丁目１６０１,,,https://www.esthe-ranking.jp/showa/shop-detail/e7b790f4-e823-41ee-bf69-954ba21c52e5/,http://beer.sh-ght.tokyo/,植田駅徒歩10分,070-2344-0406,12:00～翌 02:00
部屋のラブラブ,平針駅1番出口,愛知県名古屋市天白区平針3,,,https://www.esthe-ranking.jp/showa/shop-detail/2b471227-5d52-40f5-a8d3-0053c66fef6c/,https://heyanolovelove.eei.jp/,近くにコインパーキングあります。,080-2514-0793,12:00～翌 03:00
あなたの隠れ家,荒畑駅,"35.144626, 136.922122",35.144626,136.922122,https://www.esthe-ranking.jp/showa/shop-detail/24e99755-c22b-4988-8eb3-f80a0415d88d/,https://anatanokakurega.eei.jp/,村雲公園電話ボックスまで着きましたらご連絡ください,052-990-6386,11:00～LAST
夢の家,塩釜口駅,"35.138521, 136.986326",35.138521,136.986326,https://www.esthe-ranking.jp/showa/shop-detail/8c2896f0-7974-4f41-9863-b19a9e2bf53a/,https://yumenoie.bdd.jp/,地下鉄鶴舞線塩釜口駅から徒歩10分・R153（高針線）植田一本松交差点から南へ300m ・サンドラッグ植田一本松店が目印で道路向かい側,070-6588-1421,12:00～翌 03:00
誘惑ガール,御器所駅,愛知県名古屋市昭和区阿由知通２丁目６−２,,,https://www.esthe-ranking.jp/showa/shop-detail/65d783b3-8a2d-4585-8007-c08d584cbedd/,http://yhnl.sh-mxe.tokyo/,御器所駅徒歩4分,080-3661-3325,10:00～翌 03:00
凛（りん）,平針駅,"35.123721, 137.002719",35.123721,137.002719,https://www.esthe-ranking.jp/showa/shop-detail/90af4651-00a1-4d89-80d7-dfaedd2c68df/,https://rin.xdd.jp/,サンシャインKYORAKU平針 に着きましたらお電話して下さい,090-3563-2770,12:00～LAST
台湾美人癒心,塩釜口駅,愛知県名古屋市天白区植田西３丁目１２１９,,,https://www.esthe-ranking.jp/showa/shop-detail/3858dc56-0b89-4281-b39e-ed75f7a2900d/,http://heals.sh-ujp.xyz/,塩釜口駅徒歩5分,070-6954-0100,12:00～LAST
セカンド・ラブ,原駅,"35.124455, 137.002105",35.124455,137.002105,https://www.esthe-ranking.jp/showa/shop-detail/0462cb80-02a1-41ce-a624-ea4468052726/,https://machinokimi.eei.jp/,アクセス欄に緯度経度と住所あり,090-5583-4081,10:30～翌 03:30
チャペル,植田駅,"35.127761, 136.987042",35.127761,136.987042,https://www.esthe-ranking.jp/showa/shop-detail/41865911-7d8d-4919-adbe-0b059157fe96/,https://chapel.eei.jp/,植田駅徒歩3分,090-7310-1346,11:00～翌 03:00
M女学院,植田駅・平針駅,愛知県名古屋市天白区植田３丁目６０２,,,https://www.esthe-ranking.jp/showa/shop-detail/c1e6cc6a-636c-44d4-9751-296d80b1aae6/,http://onnagakuin.xin-huf.online/,植田駅から徒歩5分,070-9206-4046,11:30～LAST
1番女子,平針駅,"34.99566546602186, 137.00526442568906",34.99566546602186,137.00526442568906,https://www.esthe-ranking.jp/toyota/shop-detail/4f67bd55-2284-401d-9462-a279969240df/,https://ichibanjosi.eei.jp/,アクセス欄に緯度経度と住所あり,070-5442-4567,24時間営業
Rose Star （ローズスター）,平針駅,愛知県名古屋市天白区平針３丁目１５０４−３,,,https://www.esthe-ranking.jp/showa/shop-detail/080f2a89-eff2-48b5-90ec-c8fbbb17e924/,https://rosestar.eei.jp/,アクセス欄に住所あり,090-7717-1184,12:00～翌 02:00
優来里（ゆらり）,高畑駅3番出口,愛知県名古屋市中川区高畑１丁目５０番地,,,https://www.esthe-ranking.jp/tokaidori/shop-detail/b8be8ccb-71fa-4516-9294-22344a5d5389/,https://yurari.bdd.jp/,高畑駅3番出口徒歩3分,052-387-9883,12:00～翌 03:00(最終受付：翌2:30)
マレーシア可愛い美女,築地口駅,"35.09914324016684, 136.88540729959718",35.09914324016684,136.88540729959718,https://www.esthe-ranking.jp/tokaidori/shop-detail/d010e5fb-5c34-4eec-a9d6-04cd82811206/,http://malaysia.sh-ximjyu.tokyo/,ここに着きましたら、お電話ください。,080-9580-6089,24時間営業
桃恋,港北駅,"35.110711, 136.855204",35.110711,136.855204,https://www.esthe-ranking.jp/tokaidori/shop-detail/546b0958-bc89-4d95-b4b3-81e38ccc4134/,https://momokoi.eei.jp/,アクセス欄に緯度経度と住所あり,090-8549-6668,12:00～翌 02:00
恋人の部屋,高畑駅,"35.141967669617, 136.85382844226177",35.141967669617,136.85382844226177,https://www.esthe-ranking.jp/tokaidori/shop-detail/9b393fff-b9ad-4882-97ed-d99730f51f27/,https://senjuya-ya.navi.mn/,アクセス欄に緯度経度と住所あり,080-3384-2382,12:00～翌 05:00
ハグハグ,築地口駅,"35.098817, 136.881626",35.098817,136.881626,https://www.esthe-ranking.jp/tokaidori/shop-detail/b7869f05-5e9e-4996-8423-4e431837a2f4/,https://haguhagu.eev.jp/,★台湾出身の20代新星降臨！小柄！本人保証！☆港区・築地口駅徒歩3分上質な空間で味わう至福のリラクゼーション♪いつでも3000円割引大キャンペーン★PayPay対応・完全個室で安心！優しく包み込む繊細な手技と温かな癒しで、贅沢な時間をお楽しみください☆,070-6580-6789,11:00～LAST
Emmi（エミ）,高畑駅,"35°08'33.7""N 136°51'15.2""E",,,https://www.esthe-ranking.jp/tokaidori/shop-detail/5577bb13-4e5c-4f0c-ae7a-deb43d712820/,https://karen.evv.jp/,高畑駅から徒歩４分,080-9730-1326,12:00～LAST
Hug me（ハグミー）,港区役所駅,港区役所駅,,,https://www.esthe-ranking.jp/tokaidori/shop-detail/3fa22463-a64a-41b0-bb8c-a0d952eb56aa/,http://healingrose.byb-esute.asia/,地図の位置に着きましたら、ご連絡ください。,080-9488-6789,24時間営業
Sweet Queen,高畑駅,愛知県名古屋市中川区高畑３丁目４４,,,https://www.esthe-ranking.jp/tokaidori/shop-detail/c9ed5cd0-2faf-405d-9324-3560e525e9b3/,http://sweet-queen.xin-kioi.online/,名古屋市中川区高畑駅西名鉄協商パーキング 高畑駅西第３に近く着いたら電話してください,070-5258-2857,24時間営業
癒しのハウス,港北駅,"35.112743, 136.823727",35.112743,136.823727,https://www.esthe-ranking.jp/tokaidori/shop-detail/0c76d653-85db-455c-8af5-2bdb0faa14ef/,https://iyashinohouse.eei.jp/,共用駐車場があります。,090-8557-0616,12:00～LAST
ピンクの光,高畑駅,"35.13930441493242, 136.85252818344452",35.13930441493242,136.85252818344452,https://www.esthe-ranking.jp/tokaidori/shop-detail/737efd33-b6ab-4ea8-8b8d-360d71dcb10c/,http://pinklight.menzu-soi.sbs/,近くのデイリーヤマザキ中川高畑店に到着したらご連絡ください。,090-6462-5888,14:00～翌 02:00
極（KIWAMI）,高畑駅,"35.140257, 136.849496",35.140257,136.849496,https://www.esthe-ranking.jp/tokaidori/shop-detail/e0a6777f-124c-4371-b6ed-8cf46596af82/,https://kiwami.zzo.jp/,近くに着きましたらお電話してください,090-6070-9966,11:00～翌 04:00
雅,港北駅,"35.11104751164784, 136.85527137301395",35.11104751164784,136.85527137301395,https://www.esthe-ranking.jp/tokaidori/shop-detail/01055633-bd8f-4421-a03c-b76438524503/,https://hyakushiki-nagoya.navi.mn/,アクセス欄に緯度経度と住所あり,080-4537-5888,11:00～翌 01:00
ラブラボ愛の研究室,戸田駅,"35.12577, 136.821227",35.12577,136.821227,https://www.esthe-ranking.jp/tokaidori/shop-detail/4a0781a9-dc24-4dce-bbc8-f1fef2be7443/,https://lovelabainokenkyuujo.eeh.jp/,アクセス欄に緯度経度と住所あり,090-8544-4788,11:00～LAST
煌（きら）,高畑駅,"35.130458, 136.853867",35.130458,136.853867,https://www.esthe-ranking.jp/tokaidori/shop-detail/8cf1332f-48e7-4795-8895-2391235f861b/,https://kira.eei.jp/,高畑駅徒歩10分/荒子駅/中島駅,080-6079-7047,12:00～翌 03:00
御康養生館（ごこうようじょうかん）,中島駅,"35.12487001001839, 136.84966630907212",35.12487001001839,136.84966630907212,https://www.esthe-ranking.jp/tokaidori/shop-detail/cd9e3ab9-5d22-4ed1-bf8c-a13fc4232bf4/,https://gokouyoujoukan.eei.jp/,アクセス欄に緯度経度と住所あり,070-1656-8838,12:00～翌 02:00
エンジェル,南荒子駅,愛知県名古屋市中川区葉池町１丁目,,,https://www.esthe-ranking.jp/tokaidori/shop-detail/664571f1-fe10-443c-a986-723beca4740f/,http://smile.sh-hop.tokyo/,南荒子駅徒歩6分,080-5220-6863,12:00～翌 02:00
セクシーレディー,高畑駅,"35.143631, 136.853568",35.143631,136.853568,https://www.esthe-ranking.jp/tokaidori/shop-detail/2b9fbd12-98b5-4632-90b7-df22f6ce38ee/,https://sexylady.eei.jp/,アクセス欄に緯度経度と住所あり,080-2026-7019,24時間営業
初めまして,高畑駅,"35.142523, 136.841003",35.142523,136.841003,https://www.esthe-ranking.jp/tokaidori/shop-detail/bbcec8bc-ba22-4373-a3fe-0dc36ac87135/,https://hajimemasite.eei.jp/,駐車場：あり,090-9183-0318,14:00～翌 01:00
とにかくキュンキュン,中島駅,愛知県名古屋市中川区中郷２丁目８−８,,,https://www.esthe-ranking.jp/tokaidori/shop-detail/e2b36eeb-790d-4722-afdb-a9194c3949e8/,http://flutter.sh-sqa.tokyo/,アクセス欄に住所あり,080-3120-3065,11:00～LAST
めぐり愛,東海通駅,愛知県一宮市木曽川町黒田山９４−１,,,https://www.esthe-ranking.jp/owari/shop-detail/a1eb29e5-bc58-43fd-a1e1-6ede46197b17/,http://megumi.xin-loji.online/,セブン-イレブン 一宮黒田北店着きましたら電話してください。,080-8700-9338,11:00～翌 03:00
東海・匠庵,高畑駅,愛知県名古屋市中川区野田１丁目６５６,,,https://www.esthe-ranking.jp/tokaidori/shop-detail/80e75018-1ddf-4dc8-b0c5-07964d369621/,https://yurakuan-tokai.navi.mn/,高畑駅徒歩3分,070-9146-6525,11:00～翌 04:00
美人館,築地口駅,愛知県名古屋市港区港楽3-4-8,,,https://www.esthe-ranking.jp/tokaidori/shop-detail/8b3d4e4f-d305-47fc-ade4-477cfde73de9/,https://bijinkan.bdd.jp/,駐車場 お近くのコインパーキングをご利用ください。,080-1826-3515,10:00～翌 03:00
姫（ひめ）,荒子川公園駅,愛知県名古屋市港区甚兵衛通4-37-6,,,https://www.esthe-ranking.jp/tokaidori/shop-detail/405d811e-4023-4388-8710-08b52c569bc7/,https://hime.sso.jp/,無料駐車場あり。７番と８番,070-8902-4747,12:00～翌 02:00
人魚の恋,諏訪町駅・下地駅,"34.818726365085844, 137.36466388412592",34.818726365085844,137.36466388412592,https://www.esthe-ranking.jp/toyohashi/shop-detail/8874720a-0182-4bca-b2f8-c2a64160a954/,http://mermaids.bdh-esute.asia/,カネスエ 蔵子店着きましたら電話してください。,090-7358-3383,12:00～翌 03:00
月下の美娘,二川駅,"34.73615394306058, 137.42268439245817",34.73615394306058,137.42268439245817,https://www.esthe-ranking.jp/toyohashi/shop-detail/77ef631e-bcf8-4965-a29f-2ce3f16fa6cb/,https://gekkanomiko.eei.jp/,完全個室★完全予約制★駐車場完備★OPEN記念キャンペーン実施中★,080-6110-9649,12:00～翌 03:00
姉妹の誘惑,二川駅,"34.736295, 137.422095",34.736295,137.422095,https://www.esthe-ranking.jp/toyohashi/shop-detail/d76a61e1-dd31-4f00-8d6d-d7640ce4caa7/,https://shimainoyuuwaku.eei.jp/,二川駅から近くてアクセス抜群！,080-8524-2308,11:00～翌 02:00
お兄ちゃん来い,豊橋駅,愛知県豊橋市藤沢町１４１,,,https://www.esthe-ranking.jp/toyohashi/shop-detail/1b0d7656-91a8-4342-ac3c-1ff10e88ddd1/,https://simai-itasubu.navi.mn/,アクセス欄に住所あり,070-1650-5430,11:00～翌 03:00
ロマンス,二川駅北口,愛知県豊橋市大岩町字北元屋敷２８−１,,,https://www.esthe-ranking.jp/toyohashi/shop-detail/531be8f1-d713-41c3-9d67-d0ca8a084101/,http://xn--vckg5a9gug.in.net/,JR二川駅北口から300mの所で駐車場（20台）があります。,080-5046-2687,13:00～翌 01:00
HeartのA（ハートのエース）,愛知大学前駅,愛知県豊橋市柱一番町17-1,,,https://www.esthe-ranking.jp/toyohashi/shop-detail/5a04497b-361e-43e0-bb34-3020f058089d/,https://heartnoa.ooa.jp/,3台+共同駐車場あり,090-2709-9926,12:00～翌 02:00
らぴっと,柳生橋駅,"34.75634150563126, 137.39248632944776",34.75634150563126,137.39248632944776,https://www.esthe-ranking.jp/toyohashi/shop-detail/1af66f13-f1a1-465f-84e5-d67610ca5c11/,https://lapito.eei.jp/,柳生橋駅・新川駅から徒歩圏内の好立地で、忙しい日々の合間にも気軽に立ち寄れます♪落ち着いた空間で味わう極上のリラクゼーションは、心も体もリセットできる特別なひととき★,070-3274-4428,12:00～翌 03:00
願い星,二川駅,"34.736019939396684, 137.42260938772733",34.736019939396684,137.42260938772733,https://www.esthe-ranking.jp/toyohashi/shop-detail/be3a0bf4-05f7-4389-8636-7b0d68dc8cad/,https://negaiboshi.eei.jp/,駐車場6台あります,080-5843-6688,12:00～翌 03:00
PinkRoom（ぴんくるーむ）,諏訪町駅,愛知県豊川市南大通5-21,,,https://www.esthe-ranking.jp/toyohashi/shop-detail/828a4373-9985-4a91-825b-8d745c72ece8/,https://www.pinkroom184.info/,アクセス欄に住所あり,050-6871-9599,12:00～LAST
メイド楽園,豊橋駅東口,愛知県豊橋市菰口町６丁目３０−３０,,,https://www.esthe-ranking.jp/toyohashi/shop-detail/97844346-b40d-4f5b-95bd-071a7be5286b/,https://maid-paradise.navi.mn/,豊橋駅東口徒歩5分,080-7952-2655,12:00～LAST
縁結び,新豊橋駅,"34.756454, 137.363757",34.756454,137.363757,https://www.esthe-ranking.jp/toyohashi/shop-detail/c46a9cd9-cebd-4e78-97f6-68f0e7a62581/,https://enmusubi.bdd.jp/,アクセス欄に緯度経度と住所あり,070-8954-5976,12:00～翌 03:00
ソウルメイトリラクゼーション,諏訪駅,愛知県豊川市西塚町3丁目8,,,https://www.esthe-ranking.jp/toyohashi/shop-detail/d55cfce1-64ba-4cc2-8f9a-8c78a409168c/,https://www.soulmate184.info/,ガソリンスタンド付近でお電話,050-6866-3298,12:00～翌 02:30
ふんわり庵,蒲郡駅北口,"34.82422603289227, 137.22501573108232",34.82422603289227,137.22501573108232,https://www.esthe-ranking.jp/toyohashi/shop-detail/b63c55b5-e331-428d-8eac-8f0943acd6d7/,https://funwarian.eei.jp/,アクセス 蒲郡駅北口徒歩2分,080-3612-1888,13:00～翌 04:00
夢恋（ゆめこい）,蒲郡駅,"34.8259, 137.220972",34.8259,137.220972,https://www.esthe-ranking.jp/toyohashi/shop-detail/3fd4f344-e34d-4058-8109-3beafa5a5d7d/,https://yumekoi.rrp.jp/,アクセス欄に緯度経度と住所あり,080-9733-2081,24時間営業
手もみ ぽかぽか,豊川駅,愛知県豊川市西豊町2‐16,,,https://www.esthe-ranking.jp/toyohashi/shop-detail/89a8abfa-450d-4d2f-950d-05acce408265/,https://pokapoka1208.com/,アクセス欄に住所あり,080-2266-1515,11:00～22:00
CuteBaby ～キュートベービー～,南栄駅,"34.734551346250385, 137.3960467480739",34.734551346250385,137.3960467480739,https://www.esthe-ranking.jp/toyohashi/shop-detail/943e8efc-0a2a-4e37-9adb-a66352b55f38/,https://cutebaby.eei.jp/,博多屋豊橋店近くにつきましたらご連絡ください。,080-9739-9263,24時間営業
濡れ濡れガール,小坂井駅,愛知県豊橋市瓜郷町前川４０−１,,,https://www.esthe-ranking.jp/toyohashi/shop-detail/838dda3f-18e6-44fa-8ef5-84b7728e0a52/,http://drenched.sh-her.tokyo/,ここに着きましたら、お電話ください。,070-1302-1990,11:00～LAST
ROOM,豊川駅西口,愛知県豊川市中央通２丁目５７−１,,,https://www.esthe-ranking.jp/toyohashi/shop-detail/55023fa5-bcb1-4b99-abb5-27fd2891a1d9/,https://room-esute.navi.mn/,アクセス欄に住所あり,070-4130-6740,11:30～LAST
イチャラブ,稲荷口駅,稲荷口駅,,,https://www.esthe-ranking.jp/toyohashi/shop-detail/91c859db-2046-49d9-9391-a69c66f8bcc5/,http://ichai.sh-vxf.tokyo/,ここに着きましたら、お電話ください。,070-3165-1358,11:00～LAST
美月,新城駅,愛知県新城市西入船30-1,,,https://www.esthe-ranking.jp/toyohashi/shop-detail/9d101510-db29-42c1-9fdf-78b5cd5917e6/,https://mitsuki.eew.jp/,駐車場 駐車場あります。,080-3634-6896,11:00～LAST
spring（スプリング）,蒲郡駅,愛知県蒲郡市三谷北通６丁目１,,,https://www.esthe-ranking.jp/toyohashi/shop-detail/9d5b1c24-b54c-4285-9bbc-c28ddb6d6ec0/,https://spring.eev.jp/,PAYPAY利用可能♪蒲郡駅から近くてアクセス抜群！☆店内に二十代の女の子がいます☆,080-1610-9457,12:00～LAST
神のエステ,豊橋駅,愛知県豊橋市菰口町６丁目５０−４,,,https://www.esthe-ranking.jp/toyohashi/shop-detail/85a09d90-e1da-4dc1-b429-78b28d11f7f3/,https://kaminoesthe.navi.mn/,アクセス欄に住所あり,050-6874-0893,12:00～LAST
悠杏（ユウアン）,二川駅,愛知県豊橋市大脇町字大脇20-42,,,https://www.esthe-ranking.jp/toyohashi/shop-detail/d4e18d3c-eff9-4415-b3e3-ba3da1f5b331/,http://yuuan.refle.shop/,駐車場 ９台あり,080-5154-1118,10:00～24:00
瑞希,豊橋駅,"34.763991, 137.38512",34.763991,137.38512,https://www.esthe-ranking.jp/toyohashi/shop-detail/e2948be9-fa08-46e2-88c4-63baeb066940/,https://mizuki.eei.jp/,【豊橋駅より徒歩5分】,0532-58-6330,12:00～LAST
純情美人,蒲郡駅,"34.826062, 137.214547",34.826062,137.214547,https://www.esthe-ranking.jp/toyohashi/shop-detail/8031c371-9ce1-4226-9823-5e862d35f5bb/,https://zyunzyoubizin.eei.jp/,アクセス欄に緯度経度と住所あり,080-1291-3405,11:00～翌 03:00
癒し屋,二川駅,愛知県豊橋市大岩町字北元屋敷28-1,,,https://www.esthe-ranking.jp/toyohashi/shop-detail/761320f0-7662-4d58-9ea0-76e295cb3716/,http://kagetora3970.jp/,駐車場２０台,070-2227-4254,12:00～翌 03:00
艾麗莎SPA（アリサスパ）,国府駅東口,愛知県豊川市八幡町上宿14-2,,,https://www.esthe-ranking.jp/toyohashi/shop-detail/a5791489-0a26-4d23-a7d2-e98ba6ffbe90/,https://alisa-spa.jimdosite.com/,国府駅東口徒歩3分,080-5150-6868,13:00～翌 01:00
極楽ベイビー,南栄駅,"34.731539, 137.394526",34.731539,137.394526,https://www.esthe-ranking.jp/toyohashi/shop-detail/b4c548de-af7f-4557-adcc-913f0012279e/,https://gokurakubaby.eei.jp/,アクセス欄に緯度経度と住所あり,080-8499-1821,11:00～翌 03:00
粋美,下地駅,"34.78589720573414, 137.37413296541718",34.78589720573414,137.37413296541718,https://www.esthe-ranking.jp/toyohashi/shop-detail/cac260b4-4d7c-48c8-b47a-28cde5f76109/,https://suibi.eei.jp/,駐車場：3台あります,090-4667-6896,11:00～LAST
昴（すばる）,豊橋駅,■愛知県,,,https://www.esthe-ranking.jp/toyohashi/shop-detail/a512b87f-ceda-47ac-a74b-40256b432db8/,http://www.toyohashi-0004.xyz/,豊橋駅徒歩2分,0532-56-8256,12:00～翌 02:00
美心（びしん）,国府駅,■愛知県,,,https://www.esthe-ranking.jp/toyohashi/shop-detail/d31858a2-a4bf-4dc3-8559-ab1360d018ee/,https://www.mens-es.com/bishin/,アクセス欄に住所あり,0533-86-7881,13:00～翌 01:00
アリラン,豊橋駅,■愛知県,,,https://www.esthe-ranking.jp/toyohashi/shop-detail/85ef2637-7c2c-4d71-9a72-ade61a91d17d/,http://www.toyohashi-0008.xyz/,豊橋駅徒歩2分,0532-56-5766,
ひまわり,豊橋駅,■愛知県,,,https://www.esthe-ranking.jp/toyohashi/shop-detail/b7d08333-7e07-4c7a-a6e6-1d19bbb19b81/,http://www.toyohashi-0005.xyz/,アクセス欄に住所あり,0532-53-1775,12:30～LAST
奇跡の薔薇,鶴舞駅6番出口,"35.153614, 136.91357",35.153614,136.91357,https://www.esthe-ranking.jp/tsurumai/shop-detail/d5466e9c-818d-4ac7-a491-3d7b9117a067/,https://kisekinobara.eei.jp/,鶴舞駅から近くてアクセス抜群！心まで癒されるマッサージをご体験頂けます♪,080-6666-3344,11:00～翌 03:00
出会い,上前津駅6番出口,愛知県名古屋市中区上前津1-14-11,,,https://www.esthe-ranking.jp/tsurumai/shop-detail/a51dc4e8-c6cd-4d83-ba5a-e667c945fbd5/,https://deai.eey.jp/,上前津のリラクゼーション出会いです♪ 上前津駅6番出口から近くてアクセス抜群！美人セラピストの笑顔と共に、ここでしか得ることのできない満足感をご提供します。セラピストが与える贅沢な安らぎに包まれることで、また次の日も頑張れること間違いなし♪,080-6696-1215,12:00～翌 03:00
Sugar spot（シュガースポット）,上前津駅12番出口,"35.158286, 136.906841",35.158286,136.906841,https://www.esthe-ranking.jp/tsurumai/shop-detail/89223198-c5fe-44c6-a1f8-5ea45e039120/,https://sugarspot.eei.jp/,新規OPEN！「Sugar spot（シュガースポット）」上前津駅 12番出口から徒歩１分！駅チカ！クーポンあり！身体はもちろんのこと心も癒されること間違いなしです！,070-9193-3796,13:00～LAST
ドキドキ学園,大須観音駅,"35.15957150652624, 136.89103479292328",35.15957150652624,136.89103479292328,https://www.esthe-ranking.jp/tsurumai/shop-detail/43cef44d-c470-4bdb-a2a8-4e4b6034764f/,https://dokidokigakuen.eei.jp/,アクセス欄に緯度経度と住所あり,090-5364-7477,11:00～LAST
marron（マロン）,上前津駅8番出口,愛知県名古屋市中区大須3-44-44,,,https://www.esthe-ranking.jp/tsurumai/shop-detail/bc1d4835-e14f-48f3-81d5-26aed87ff674/,https://mugennoaroma.eei.jp/,駐車場：コインパーキングをご利用ください,080-3066-6298,12:00～翌 02:00
女神の指先,上前津駅10番出口,"35.157500258875565, 136.90610768833173",35.157500258875565,136.90610768833173,https://www.esthe-ranking.jp/tsurumai/shop-detail/14e9402a-6a29-4295-97ab-dc43cd36202f/,https://megaminoyubisaki.eei.jp/,中区のリラクゼーション【女神の指先】です♪上前津駅から近くてアクセス抜群！今までに体験したことのない気持ちよさをご堪能下さい。心の籠った本格施術で心身ともにご満足いただけるはず。永遠に続いてほしいと思えるほどの癒しの時間をぜひご堪能くださいませ,090-9182-1688,11:30～翌 03:00
DiamondLilly（ダイヤモンドリリー）,豊明駅,"35.0570157775922, 137.01692090141896",35.0570157775922,137.01692090141896,https://www.esthe-ranking.jp/komaki/shop-detail/282afaa9-f753-4aa2-966b-eaa578a258f4/,https://diamondlilly.eei.jp/,駐車場：店舗前に2台、隣(手前)の月極駐車場の17番になります。,090-5895-7742,12:00～翌 03:00
水仙花（すいせんか）,瑞穂運動場西駅,稲荷口駅,,,https://www.esthe-ranking.jp/toyohashi/shop-detail/15a5a346-22fb-4740-995d-eeb0b12b84e1/,http://daffodil.xin-dfgi.online/,稲荷口駅付近着きましたら電話してください,070-2446-3088,12:00～翌 03:00
鑫（シン）,名古屋駅,"35.17010345186054, 136.87643000000827",35.17010345186054,136.87643000000827,https://www.esthe-ranking.jp/nagoya/shop-detail/c3a8e41b-8598-40cb-a0fc-dacc7182b752/,https://sin.zzm.jp/,太閤通口よりビックカメラ方面へ、牛次郎様（ラーメン屋）付近に着いたらTEL下さい,090-8225-8666,12:00～翌 04:00(受付：11:00～翌3:00)
月姫,千種駅,"35.169887607850576, 136.93154178946412",35.169887607850576,136.93154178946412,https://www.esthe-ranking.jp/shinsakae/shop-detail/a3672e48-1b2f-45b8-8313-a3be34928590/,https://skrnren.est-relax.com/,コメダ珈琲店 千種駅前店に着きましたら、電話ください。,090-2123-4395,12:00～翌 03:00
ぷにぷに,新豊田駅,"35.087172, 137.151443",35.087172,137.151443,https://www.esthe-ranking.jp/toyota/shop-detail/7fd55205-16f4-4a4e-bbb2-0f4f6e678678/,https://punipuni.eei.jp/,豊田市のリラクゼーション【ぷにぷに】です♪ 新豊田駅から近くてアクセス抜群！,080-4306-2805,11:00～LAST
美桜,豊橋駅,愛知県豊橋市飯村北3-23-9,,,https://www.esthe-ranking.jp/toyohashi/shop-detail/17f4c453-7290-4748-8ce8-fa6cbe2b95cd/,https://peachlove.eev.jp/,豊橋駅から近くてアクセス抜群☆美桜☆笑顔が自慢のセラピストの手で、至福の時間をご提供いたします。体の疲れが気になるときはぜひ一度当店へお越しくださいませ♪,080-3067-5702,11:00～LAST
Secret香気,八田駅,"35.14930124227533, 136.85329910752242",35.14930124227533,136.85329910752242,https://www.esthe-ranking.jp/nagoya/shop-detail/32c5a307-8b7d-4815-b4de-ad7f3c10a839/,https://kakurega.eei.jp/,八田駅から近くてアクセス便利。身体はもちろん心まで満たされるサービスをお届けいたします。体の事を考えた,080-8574-9653,10:30～翌 03:30
夜の恋人,太閤通駅,愛知県名古屋市中村区竹橋町２８−２１,,,https://www.esthe-ranking.jp/nagoya/shop-detail/09c9cb3a-80b2-4bf8-b345-775398c63aa6/,http://rose.xin-dfgi.online/,地図付近着きましたら電話してください,090-7145-9216,12:00～翌 03:00
夜の香り,丸の内駅3号番口,丸の内駅 愛知県,,,https://www.esthe-ranking.jp/sakae/shop-detail/051a851f-7b3f-45f1-89ad-76f4738ecb72/,http://scent-night.menzu-fbv.sbs/,丸の内駅3号番口徒歩2分,070-8570-8969,24時間営業
メロン,栄駅,愛知県名古屋市中区新栄１丁目12-21,,,https://www.esthe-ranking.jp/sakae/shop-detail/5b22d1db-8307-4b10-b2ff-86843848b346/,http://melon.refle.shop/,駐車場 お近くコインパーキングあり,090-6083-6868,24時間営業
バーバラ,大曽根駅,"35.192648331319894, 136.93787841481148",35.192648331319894,136.93787841481148,https://www.esthe-ranking.jp/kurokawa/shop-detail/dcc9b31f-b847-41af-b0c9-d5d765b1ee15/,https://barbara.ddv.jp/,東区大曽根のリラクゼーション【バーバラ】です♪ 大曽根駅から近くてアクセス抜群！,080-2515-4348,12:00～翌 03:00
Secret（シークレット）,黒川駅,"35.198148728139195, 136.9128521396132",35.198148728139195,136.9128521396132,https://www.esthe-ranking.jp/kurokawa/shop-detail/4504cc8d-1f0a-4ae5-9213-c37e8ab6e72f/,https://secret.eeh.jp/,北区のリラクゼーション【Secret~シークレット】です♪ 黒川駅から近くてアクセス抜群！ 落ち着いた雰囲気の店内で疲れた体をリフレッシュして頂けるよう、心掛けて施術しています。 心のこもったサービスによって、疲れやストレスの解消を体感します！,070-7422-3129,12:00～翌 05:00
Love Queen,藤が丘駅,"35.191409, 136.996152",35.191409,136.996152,https://www.esthe-ranking.jp/hoshigaoka/shop-detail/b860bb38-ab95-403b-be10-a6cf1147967b/,https://lovequeen.bdd.jp/,【LoveQueen】喜多山駅から近くてアクセス抜群！皆様が元気になれるような極上な時間を味わっていただけます。疲れ具合に合わせた癒しの技で虜になること間違いなし♪体の疲れが気になるときはぜひ一度当店へお越しくださいませ♪,090-6428-9226,12:00～翌 02:00
ゴシップガール,藤が丘駅,愛知県名古屋市名東区藤見が丘１２９−２,,,https://www.esthe-ranking.jp/hoshigaoka/shop-detail/c269ec38-4ef0-4104-a9fc-4e0d1dfa9da4/,http://gossip.refle.shop/,ファミリーマート 藤が丘南店のお近くに着いたら、ご連絡ください。,070-2616-3435,24時間営業
Mellia（メリア）,藤が丘駅,"35.18592253571445, 137.02305967241116",35.18592253571445,137.02305967241116,https://www.esthe-ranking.jp/hoshigaoka/shop-detail/f965866b-22fa-4118-8e6f-1921678d7edc/,http://mellia.refle.shop/,藤が丘駅から徒歩6分,070-1680-2299,11:00～翌 01:00
癒し処 鈴蘭（すずらん）,瓢箪山駅,愛知県名古屋市守山区西新9-1,,,https://www.esthe-ranking.jp/moriyama/shop-detail/bc8f37ec-ac10-4a38-b19a-a2501ddaf7ee/,https://suzuran.ooa.jp/,守山区に【癒し処 鈴蘭~すずらん】が新規オープン♪瓢箪山駅から近くてアクセス抜群！,080-9484-4412,11:00～LAST
Oh！姉さん,庄内緑地公園駅,"35.21725180997585, 136.88365534189413",35.21725180997585,136.88365534189413,https://www.esthe-ranking.jp/otai/shop-detail/36ca6e7a-d2ae-4e08-b36d-35ef37fc73d4/,https://hapihapihappy.eei.jp/,庄内緑地公園駅から近くてアクセス抜群！,070-2250-8374,12:00～翌 03:00
夢の媚薬,庄内緑地公園駅,"35.21760819901787, 136.88231869367868",35.21760819901787,136.88231869367868,https://www.esthe-ranking.jp/otai/shop-detail/83cc71f6-ffd7-446e-8aea-6eef86c4fc38/,https://yumenobiyaku.eei.jp/,駐車場：近隣のコインパーキングをご利用ください（最寄り：名鉄協商パーキング 南川町）,080-3280-6688,12:00～翌 03:00
エ～MISSYOU,高畑駅,"35.140648, 136.854099",35.140648,136.854099,https://www.esthe-ranking.jp/tokaidori/shop-detail/c334d233-7cb6-40af-bdc2-025e35707ea1/,https://emissyou.eei.jp/,駐車場 近くにコインパーキングあります。,080-9981-3760,12:00～LAST
Jasmine,高畑駅,"35.13293237853796, 136.8428139999999",35.13293237853796,136.8428139999999,https://www.esthe-ranking.jp/tokaidori/shop-detail/99725788-3905-43f4-84dc-82465f88c9f1/,https://cyuhouse.eei.jp/,高畑駅・南荒子駅から近くてアクセス抜群！,090-5647-0106,12:00～LAST
anan（アンアン）,大高駅,愛知県名古屋市緑区鳴海町下汐田152番地6,,,https://www.esthe-ranking.jp/kurokawa/shop-detail/5eddd2a8-e014-445d-acc6-e9c211160edd/,https://anan.eev.jp/,緑区のリラクゼーション【anan~アンアン】です♪ 大高駅から近くてアクセス抜群！,080-1888-6104,12:00～LAST
海の癒,笠寺駅,愛知県名古屋市南区本地通１丁目５,,,https://www.esthe-ranking.jp/kasadera/shop-detail/73522186-3ab7-48c4-a3cc-69c0c0c6e097/,http://healing-sea.menzu-iio.sbs/,笠寺駅 に着きましたら、ご連絡ください。,080-6020-6888,12:00～LAST
もみもみ,柴田駅,愛知県名古屋市南区柴田本通１丁目５−６,,,https://www.esthe-ranking.jp/kasadera/shop-detail/40e2fbfa-4d0b-47a2-a2a9-6fc3b3dfb0fb/,https://kawaii-esute.navi.mn/,アクセス欄に住所あり,070-4140-6294,24時間営業
秘密な気持ち,上挙母駅・一ツ木駅・三河安城駅,愛知県豊田市前田町３丁目７６−３,,,https://www.esthe-ranking.jp/toyota/shop-detail/2b1ab1f4-0cb8-4bda-91c4-12782147f1e6/,http://secret-feelings.xin-dfgi.online/,丸源ラーメン 豊田下市場店着きましたら電話してください,070-4756-6331,12:00～翌 03:00
流れ星,上前津駅,"35.15600829633629, 136.91019941412233",35.15600829633629,136.91019941412233,https://www.esthe-ranking.jp/tsurumai/shop-detail/26421e60-9de4-4379-95ea-41565cba875d/,http://comets.menzu-fbv.sbs/,地図の位置に着きましたら、ご連絡ください。,090-5769-3067,11:00～LAST
美人,平針駅,"35.12402692871817, 137.00061598405978",35.12402692871817,137.00061598405978,https://www.esthe-ranking.jp/showa/shop-detail/782af2ec-01f5-44f8-bffe-ad785fb05be8/,https://fantasy-meng.navi.mn/,平針駅徒歩8分,050-6879-2567,24時間営業
泡泡夢,平針駅,"35.1217434839129, 137.0088340714458",35.1217434839129,137.0088340714458,https://www.esthe-ranking.jp/showa/shop-detail/cfc404a8-1a15-40d9-b9ac-fa353b225739/,https://taiwanhoney.eei.jp/,アクセス欄に緯度経度と住所あり,090-5129-3646,24時間営業
愛Angel（アイエンジェル）,豊明駅,"35.05231260930091, 137.0086225047341",35.05231260930091,137.0086225047341,https://www.esthe-ranking.jp/komaki/shop-detail/e8dcfa32-3042-4616-b9cd-83091d8f130c/,https://aiangel.eev.jp/,駐車場完備で、お車でもお気軽にご来店いただけます。明るく親しみやすい美人セラピストが多数在籍しており、丁寧な接客と心を込めた施術で多くのお客様にご好評いただいております。癒しと安らぎの時間を、ぜひ当店でお楽しみください♪,080-3872-1777,11:00～LAST
夢,蟹江駅,愛知県海部郡蟹江町今二之坪５３−１,,,https://www.esthe-ranking.jp/owari/shop-detail/a7b4219c-7afe-4426-bb7e-a77edd05a529/,http://dream.menzu-cbf.sbs/,蟹江駅付近着きましたら電話してください,090-4059-5870,24時間営業
とろけるhoney,徳重・名古屋芸大駅,"35.25178565987065, 136.87411003100533",35.25178565987065,136.87411003100533,https://www.esthe-ranking.jp/owari/shop-detail/d9fd30c6-dd57-4ded-8b00-b67692da1f1b/,https://torokeruhoney.eev.jp/,地図のところ（月極駐車場）に着きましたらお電話して下さい,090-5335-2054,11:00～翌 04:00
キスの楽園,稲沢駅,"35.24822478151274, 136.81617291673268",35.24822478151274,136.81617291673268,https://www.esthe-ranking.jp/owari/shop-detail/f686ca01-e673-4548-ada1-da06c3a4d0c9/,https://kissnorakuen.eeh.jp/,駐車場あり ※ご予約時に案内いたします,080-8071-9517,11:00～翌 03:00
秘密の楽園,奥町駅,"35.32689240705596, 136.75854692717576",35.32689240705596,136.75854692717576,https://www.esthe-ranking.jp/owari/shop-detail/a6d928a9-e5dd-4966-b709-0b598e340ed0/,https://himitunorakuen.eei.jp/,駐車場あります,080-9871-7965,11:00～翌 03:00
秘書の薫り,共和駅,共和駅,,,https://www.esthe-ranking.jp/chita/shop-detail/dd1ee958-157c-4b75-894f-527bb6bd93d6/,https://meromeromeron.eei.jp/,駐車場：コインパーキングをご利用ください,080-2637-6008,24時間営業
色っぽい,共和駅,共和駅,,,https://www.esthe-ranking.jp/chita/shop-detail/3b8332a1-7172-4c84-9eb7-c86662b855db/,https://honeymilk.eei.jp/,アクセス欄に住所あり,090-4544-4084,10:00～翌 04:00
心ゆくままで,尾張横須賀駅,"35.01021438739203, 136.8857875972128",35.01021438739203,136.8857875972128,https://www.esthe-ranking.jp/chita/shop-detail/2a0c974f-e66b-46ac-bd2c-2ad1866b60e4/,https://lspa.eei.jp/,尾張横須賀駅近くのリラックス,070-1640-2900,10:30～翌 03:30
花音（半田）,成岩駅,"34.887401, 136.921632",34.887401,136.921632,https://www.esthe-ranking.jp/chita/shop-detail/f522f805-4441-4d88-8431-c658ce5e1fa9/,https://kanon.zzh.jp/,駐車場 店舗前2台あります、裏駐車場1台あります。,080-9546-9089,11:00～翌 05:00
Love you,豊橋駅,愛知県豊橋市神野新田町ロノ割１７２−１,,,https://www.esthe-ranking.jp/toyohashi/shop-detail/07cab2c0-05ac-43c3-8f4a-f88ed03d8d1d/,http://love-you.hfb-111.site/,駐車場 3台あり ２Fの枠に車をお停めください,080-5817-6789,12:00～LAST
Rose Spa,岩塚駅,黒川駅 愛知県,,,https://www.esthe-ranking.jp/kurokawa/shop-detail/077457a0-f62e-4528-b06f-84c970554fe4/,http://rosespaaa.mensest.xyz/,アクセス欄に住所あり,050-6876-0254,11:00～翌 02:00
ラブリーハニー,栄駅,"35.1657750963383, 136.91160131779088",35.1657750963383,136.91160131779088,https://www.esthe-ranking.jp/sakae/shop-detail/83bdb7ce-2ec1-4e69-9336-39fa4defd9e9/,https://lovelyhoney.eei.jp/,地下鉄「栄」・「矢場町」駅から徒歩5分,080-4967-6885,24時間営業
癒し,今池駅4番出口,愛知県名古屋市千種区池下１丁目１０−１,,,https://www.esthe-ranking.jp/shinsakae/shop-detail/5cd06f0c-05ea-4f8a-bbc4-11feeb46df2e/,http://healing.menzu-mao.sbs/,今池駅4番出口徒歩2分,080-6422-8612,10:30～翌 03:00
花火kiss,千種駅,"35.17023783985268, 136.9315675742125",35.17023783985268,136.9315675742125,https://www.esthe-ranking.jp/shinsakae/shop-detail/67753855-7340-4d3d-b84a-bd107dd6f65e/,https://hana-kissesute.navi.mn/,アクセス欄に緯度経度と住所あり,080-1026-5102,10:00～翌 02:00
初恋の気持ち,金山駅北口,金山駅,,,https://www.esthe-ranking.jp/kanayama/shop-detail/343add1c-b1ba-445e-9fda-5c1d02824a10/,https://nighttime-play.navi.mn/,金山駅北口徒歩1分,090-1328-0337,09:30～翌 03:30
蛍（ほたる）,尾頭橋駅,"35.14402360574186, 136.8939819985363",35.14402360574186,136.8939819985363,https://www.esthe-ranking.jp/kanayama/shop-detail/76d34c7e-93d6-475a-a6ba-bdde0096b17a/,https://hotaru.zzs.jp/,金山のリラクゼーション【蛍~ほたる】です♪ 尾頭橋・金山から近くてアクセス抜群！,080-2958-4680,10:00～17:00
OnlyOne（オンリーワン）,印場駅,愛知県尾張旭市庄南町4丁目3-1,,,https://www.esthe-ranking.jp/moriyama/shop-detail/8eaf93a9-c6eb-437c-90d1-ba44abc927a3/,https://onlyone.xxo.jp/,店舗裏駐車場、裏口からの入店が便利です,070-8992-6667,12:00～翌 02:00(最終受付：翌1:00)
森林,稲永駅,愛知県名古屋市港区錦町１５−２１,,,https://www.esthe-ranking.jp/tokaidori/shop-detail/7db0089a-d690-47db-8bac-8ee63785a550/,https://shinrin.oos.jp/,アクセス欄に住所あり,080-8807-7430,11:00～LAST
ChuChu（チューチュー）,高畑駅,"35.140553996705485, 136.85326204786313",35.140553996705485,136.85326204786313,https://www.esthe-ranking.jp/tokaidori/shop-detail/f3f6bc02-2ee1-4970-8b7a-83547c652f1c/,https://chuchu.eey.jp/,アクセス欄に緯度経度と住所あり,090-6088-6688,12:00～翌 02:00
Spring,東海通駅1番出口,愛知県名古屋市港区七番町3-13-2,,,https://www.esthe-ranking.jp/tokaidori/shop-detail/e4cd3af4-5b1e-4b2b-97a7-947c4b405c9d/,https://spring.bdd.jp/,駐車場 あります。8番、9番をご利用ください,090-5721-6026,24時間営業
癒しのアリス（若いスタッフ在籍）,高畑駅,"35.13255690642784, 136.84513655337227",35.13255690642784,136.84513655337227,https://www.esthe-ranking.jp/tokaidori/shop-detail/1ab8691a-a1bd-4ab6-8a9b-4e5753c6fcee/,https://arisu-esute.navi.mn/,アクセス欄に緯度経度と住所あり,080-8030-0458,12:00～LAST
ほっと♡ミルク,高畑駅,愛知県名古屋市中川区中郷2-230,,,https://www.esthe-ranking.jp/tokaidori/shop-detail/13d4e162-75a4-47aa-bfbf-32cb8bbf4f1f/,https://hotmilk.crayonsite.net/,近くの【セブンイレブン（名古屋中郷2丁目店）】に着きましたら、ご連絡ください。,080-7896-3062,11:00～翌 03:00
心の癒し,鳴海駅,"35.07371746438411, 136.95682636439784",35.07371746438411,136.95682636439784,https://www.esthe-ranking.jp/kasadera/shop-detail/a80c67a5-96a6-49c6-b1b6-cb985fa73407/,https://kokoronoiyashi.bdd.jp/,駐車場あります,090-4866-5282,12:00～翌 05:00
ミューズ（Muse）,大高駅,"35.074804, 136.94151",35.074804,136.94151,https://www.esthe-ranking.jp/kasadera/shop-detail/6cd2d5cb-9a36-4393-a1fb-b78cb27f196d/,https://muse.llo.jp/,大高駅徒歩10分,070-8930-8575,24時間営業
楽しい,道徳駅,愛知県名古屋市南区豊田4-5-31,,,https://www.esthe-ranking.jp/kasadera/shop-detail/0cd2cf31-83ac-4dc4-ade2-b7d93bd9723e/,https://tanosii.eei.jp/,南区のリラクゼーション【楽しい】です♪名鉄道徳駅から近くてアクセス抜群！,080-6963-6888,12:00～LAST
Lunelle（ルネル）,米野木駅,"35.086632883056474, 137.08194554236147",35.086632883056474,137.08194554236147,https://www.esthe-ranking.jp/toyota/shop-detail/69d493ce-8d4e-4322-aae7-d28c8b16e7bd/,https://lunelle.eei.jp/,駐車場 駐車場あります。,090-5408-9432,12:00～翌 03:00
ふくらく～福楽～,東刈谷駅北口,"34.97860146046488, 137.04279433531207",34.97860146046488,137.04279433531207,https://www.esthe-ranking.jp/toyota/shop-detail/4da7d098-045c-4271-bcf1-e9b2e974467d/,https://fukuraku.eei.jp/,☆NEW OPEN☆東刈谷駅から近くてアクセス抜群！落ち着いた空間で他では体感できないような癒しをお届けします。高い魅力のスタッフによる癒しで心と体のメンテナンスもバッチリです♪,080-9153-1911,11:00～翌 03:00
ぬくもり,三河高浜駅,"34.932394, 137.006497",34.932394,137.006497,https://www.esthe-ranking.jp/toyota/shop-detail/2387086c-fe40-4073-8960-bd7d0ebfe40c/,https://ruby.eev.jp/,共用駐車場あります。（裏も入口あり，裏も駐車場あり，お電話で確認）,080-7245-7827,12:00～翌 04:00
蜜の味（みつのあじ）,若林駅,愛知県豊田市若林東町上り戸２０−１,,,https://www.esthe-ranking.jp/toyota/shop-detail/6e756444-c1bc-4585-abdc-8a1c597c5fc4/,http://honey.xin-loji.online/,100%本人保証！最大3000円OFF！駅から近くてアクセス抜群！！魅力あふれる笑顔と、日々磨き上げた確かな技術を持つ新メンバーが、スタッフの柔らかな接客と丁寧な施術で、心身をほっと解放。,070-4800-1880,11:00～翌 03:00
恋わずらい,安城駅,"34.96394143934047, 137.0768020030762",34.96394143934047,137.0768020030762,https://www.esthe-ranking.jp/toyota/shop-detail/2716673d-f8be-4006-a1dd-1f18b6c00872/,http://love-me.xin-loji.online/,マルハン安城店着きましたら電話してください。,090-6947-0346,11:00～翌 03:00
フラワー,西岡崎駅,愛知県岡崎市大和町荒田３７−１,,,https://www.esthe-ranking.jp/toyota/shop-detail/6824afd6-7a84-4777-a7d1-343b49e8d265/,http://xyc.sh-wchunxiaq.xyz/,ミニストップ 岡崎矢作南店に着きましたらお電話ください。,090-5394-3350,11:00～翌 02:00
夢心地,西尾駅,"34.860514604116936, 137.04713337786526",34.860514604116936,137.04713337786526,https://www.esthe-ranking.jp/toyota/shop-detail/8855ac04-e097-4fe3-a875-447ee23815a2/,https://yumegokoti.ddq.jp/,アクセス欄に緯度経度と住所あり,070-3148-5321,11:00～翌 03:00
ニャン〜,瑞穂運動場西駅・新瑞橋駅,瑞穂運動場西駅,,,https://www.esthe-ranking.jp/horita/shop-detail/5491305d-6691-4426-8084-2abb604bcebe/,http://nyannnnn.mensest.xyz/,アクセス欄に住所あり,050-6876-0254,10:00～翌 02:00
誘惑の瞬間,犬山駅,愛知県犬山市松本町３丁目９０,,,https://www.esthe-ranking.jp/komaki/shop-detail/38c7377f-a8cb-40b7-8d74-adb7fcae8dc1/,https://yuuwakunosyunkan.eei.jp/,アクセス欄に住所あり,070-4401-5042,11:00～翌 03:00
Baby doll,前後駅,"35.057441, 136.992855",35.057441,136.992855,https://www.esthe-ranking.jp/komaki/shop-detail/faec17c0-70b3-4d1c-8fd1-083856ac48d6/,https://babydoll.eev.jp/,前後駅徒歩10分,080-9242-0187,11:00～翌 02:00
Venus （ビーナス）,水野駅,愛知県瀬戸市共栄通５丁目5−３８,,,https://www.esthe-ranking.jp/komaki/shop-detail/1ba9de8f-e009-479e-8b7f-c0be8ef4608d/,http://venus.menzu-mao.sbs/,水野駅徒歩5分,080-1887-1240,12:00～翌 02:00
可愛い天使〜Cute Angel〜,犬山駅,"35.38122655938843, 136.94784720157662",35.38122655938843,136.94784720157662,https://www.esthe-ranking.jp/komaki/shop-detail/189cda04-3ca6-4907-8a6a-1f66d9198145/,https://cuteangel.eeq.jp/,【NEWOPEN】犬山駅近く！ キュートで元気いっぱいのセラピストたちが、弾ける笑顔であなたをお出迎え！明るく楽しい雰囲気の中で、日頃の疲れをやさしくリフレッシュします。思わず笑顔になれる癒しの時間と、ときめきあふれるひとときをぜひご体感ください♪,070-9165-6477,09:00～翌 02:00
ラクネ～,西春駅,愛知県北名古屋市西之保青野188-1,,,https://www.esthe-ranking.jp/owari/shop-detail/527ad62d-6d06-47a1-b56d-b4dbb373f850/,https://rakune.bdd.jp/,駐車場：あり,090-2577-2588,12:00～翌 03:00
うるる,江南駅,"35.332728027812664, 136.86217762065442",35.332728027812664,136.86217762065442,https://www.esthe-ranking.jp/owari/shop-detail/75faa16e-6f54-4d1b-8f6c-c65e3bb09990/,https://yorubijin.voo.jp/,新規OPEN！クーポンありご新規様は特典割引！駅からスグ！駐車場あり！完全個室！極上リラクゼーション。。。新人入店中。。。心まで癒される癒しのテクニックをご堪能下さい。,080-6699-8777,24時間営業
カワイイ恋人,木曽川駅,愛知県一宮市北方町中島東松本9−１,,,https://www.esthe-ranking.jp/owari/shop-detail/5327a4b5-294f-4e05-a9c5-a212e3502359/,http://bijyokiss.refle.shop/,（セブン-イレブン 一宮北方町中島店の近くに着いたら、ご連絡ください）,080-3356-1788,24時間営業
美人ハウス,名鉄一宮駅,名鉄一宮駅,,,https://www.esthe-ranking.jp/owari/shop-detail/ea65c69d-17c1-43d9-98bc-80d09639b373/,http://beautiful.menzu-xba.sbs/,名鉄一宮駅に着きましたら、ご連絡ください。,090-6469-9777,11:00～翌 02:00
シャーロット姫,大府駅,愛知県大府市月見町１丁目１２,,,https://www.esthe-ranking.jp/chita/shop-detail/0e6bb14e-0a5d-4764-b237-f98eef369c4b/,https://charlottehime.crayonsite.com/,駐車場：お近くのコインパーキングをご利用ください。,080-9525-8089,11:00～翌 03:00
ほわり,新舞子駅,愛知県知多市新舞子東町2-1-8,,,https://www.esthe-ranking.jp/chita/shop-detail/8c542899-a394-4be7-8ff2-5f81be5ae180/,https://howari.eei.jp/,駐車場 お店前に共有駐車場あります。,090-2923-7758,24時間営業
初夏日和（しょかびより）,共和駅,"35.029195384567615, 136.94418406499838",35.029195384567615,136.94418406499838,https://www.esthe-ranking.jp/chita/shop-detail/ce64561b-e484-44fa-a346-a5b9ff7c76fd/,http://summer.xin-loji.online/,★100%本人保証★ 駅から近く、アクセス抜群の立地です。安心・安全な環境と、お客様の体に合わせた丁寧な手技で、日々の疲れやストレスを芯から解きほぐします。 優しい笑顔と丁寧な対応で、貴方のご来店をお待ちしています,090-5988-4879,11:00～翌 03:00
Candy Relax（キャンディリラックス）,青山駅,愛知県半田市東郷町２丁目１１５,,,https://www.esthe-ranking.jp/chita/shop-detail/0a692a47-a949-426c-808a-fd4436a219c5/,https://candyrelax.crayonsite.info/,近くに着きましたら、お電話ください。,080-2223-7193,11:00～翌 03:00
ふくむつ,船町駅,"34.76512165825146, 137.35775942784548",34.76512165825146,137.35775942784548,https://www.esthe-ranking.jp/toyohashi/shop-detail/5b0c731e-dfcc-4de2-94ce-7887c4296571/,https://fukumutsu.eei.jp/,アクセス欄に緯度経度と住所あり,0532-39-9050,12:00～翌 02:00
癒しの宿,豊橋駅,"34.76875079667169, 137.37583368220908",34.76875079667169,137.37583368220908,https://www.esthe-ranking.jp/toyohashi/shop-detail/1b1c9b72-df35-42f5-ba91-0f53969deac4/,https://iyasinoyado.bdd.jp/,カルビ一丁豊橋花田店に着きましたらお電話ください。,070-3124-8530,24時間営業
月夜の恋,今池駅,"35.17039399983568, 136.9389780000207",35.17039399983568,136.9389780000207,https://www.esthe-ranking.jp/shinsakae/shop-detail/92a360fa-f519-4514-be50-ede401aa1cd0/,https://tukiyonokoi.eei.jp/,駐車場 近くのコインパーキングをご利用ください,080-3341-5190,24時間営業
Honey Spa,黒川駅,黒川駅 愛知県,,,https://www.esthe-ranking.jp/kurokawa/shop-detail/4d37b090-a17c-4c31-9f7f-ecc22b8cf068/,https://honeyspa-esute.navi.mn/,アクセス欄に住所あり,070-8461-6808,24時間営業
しずく,黒川駅,"35.20614106707243, 136.91075789041255",35.20614106707243,136.91075789041255,https://www.esthe-ranking.jp/kurokawa/shop-detail/079602be-59e4-4a8b-a762-1c6655720001/,https://kolucky.eei.jp/,北区のリラクゼーション【しずく】です♪ 黒川駅から近くてアクセス抜群！あなたの事を考えた施術を実感してください。心から喜んでいただけるようなサービスで、疲れやストレスの解消を体感できます！,070-9444-1439,12:00～LAST
甘い口づけ,藤が丘駅,愛知県名古屋市守山区白山４丁目１３０１,,,https://www.esthe-ranking.jp/hoshigaoka/shop-detail/947a5e11-8324-472a-a8b6-9d5768f68342/,http://tmda.sh-tva.xyz/,ジャパンレンタカーに着きましたらお電話ください。,070-5305-7913,11:00～翌 03:00
GALAXY（ギャラクシー）,印場駅,"35.19286471208128, 137.012573134079",35.19286471208128,137.012573134079,https://www.esthe-ranking.jp/moriyama/shop-detail/7a361a83-19fc-4809-a47a-5f348970b996/,https://galaxy.eei.jp/,☆NEW☆OPEN☆ご新規様優待クーポンあり！本人保証！新人続々入店中！藤が丘駅から近くてアクセス抜群！駐車場完備！裏口からも入店OK！優しいセラピスト達による癒しのおもてなしをご堪能して下さい。疲れ具合に合わせた癒しの技で明日も1日前向きに頑張れちゃいます♪,070-9042-0820,12:00～翌 02:00
カリ,上小田井駅,上小田井駅,,,https://www.esthe-ranking.jp/otai/shop-detail/54bf74cd-9b5e-4dc4-811e-467be1166fee/,http://kari.naj-dx.cfd/,上小田井駅に着きましたら、ご連絡ください。,090-4344-2336,11:00～翌 02:00
ましゅまろ,伏屋駅,"35.137186658503055, 136.8281845605016",35.137186658503055,136.8281845605016,https://www.esthe-ranking.jp/tokaidori/shop-detail/d3bc5f70-f635-40d9-841f-6a2be69c8385/,https://masyumaro.eei.jp/,伏屋駅から近くてアクセス抜群！優しい女性スタッフによる心安らぐおもてなしをご堪能頂けます♪,090-5748-6888,11:00～翌 02:00
紅葉,上前津駅,上前津駅,,,https://www.esthe-ranking.jp/tsurumai/shop-detail/cdedfaf5-1693-48ef-99c3-27f589c608ef/,http://autumn-leaves.menzu-hdn.sbs/,上前津駅付近着きましたら電話してください,090-7763-2179,12:00～翌 03:00
天使のゆびさき,はなみずき通駅,"35.174434731706604, 137.0275956580089",35.174434731706604,137.0275956580089,https://www.esthe-ranking.jp/komaki/shop-detail/4b56573c-7636-4e14-810f-89be45beb65d/,https://tenshinoyubisaki.eeh.jp/,名古屋長久手線【60号線】納田交差点 センチュリー21様となり,090-4448-1388,12:00～LAST(最終受付：翌2:30)
愛の天使,勝川駅,"35.23556668862853, 136.96154762137854",35.23556668862853,136.96154762137854,https://www.esthe-ranking.jp/komaki/shop-detail/b73ac81c-e68b-4350-a26f-245b86f011cb/,http://angel-love.naj-dx.cfd/,地図の位置に着きましたら、ご連絡ください。,070-3968-9944,12:00～LAST
Fortuna（フォルティーナ）,六番町駅1番出口,"35.124516530861065, 136.8904393292133",35.124516530861065,136.8904393292133,https://www.esthe-ranking.jp/kanayama/shop-detail/5a8863d2-0fb7-4c56-95dc-db16865671f5/,https://fortuna.eei.jp/,名港線 六番町駅の1番出口からすぐ近く。,090-9123-5454,12:00～LAST
Honey Kiss（ハニーキス）,三河安城駅,愛知県安城市篠目町童子２０９−２,,,https://www.esthe-ranking.jp/toyota/shop-detail/6944999a-153e-4d92-9306-80ff04befb41/,http://honeykiss.refle.shop/,（ステーキ宮 安城店の近くに着いたら、ご連絡ください）,070-7622-0812,11:00～LAST
黒蝶,勝川駅,"35.23300785551326, 136.95321661241763",35.23300785551326,136.95321661241763,https://www.esthe-ranking.jp/komaki/shop-detail/e27fc361-5bbc-4041-b4f0-d23af7582568/,https://kokuchou.eei.jp/,イタリアンレストラン付近でお電話して下さい（地図中心点）,090-6766-8140,10:30～翌 02:00
桜っ娘,日進駅,"35.11733, 137.048363",35.11733,137.048363,https://www.esthe-ranking.jp/komaki/shop-detail/9c04936f-f429-4faa-bfe4-8ea7ffbad27b/,https://sakurakko.eei.jp/,駐車場 日進駅のコインパーキングをご利用ください。駐車料金は当店が負担いたします。,080-1550-5929,11:00～翌 03:00
癒し心,黒田駅,愛知県一宮市木曽川町黒田字中沼北ノ切8番地1,,,https://www.esthe-ranking.jp/owari/shop-detail/ac57fdd4-130a-4052-a078-187d71e85075/,https://sun-flower.eev.jp/,駐車場 共同駐車場あり,080-6900-4150,13:00～翌 01:00
台湾癒楽館,上小田井駅,愛知県名古屋市西区平中町409,,,https://www.esthe-ranking.jp/otai/shop-detail/9e53b607-e766-43e1-a4b9-88ba8ea50439/,https://warawara.bdd.jp/,アクセス欄に住所あり,090-9730-0123,12:00～翌 02:00
For Love（フォーラブ）,東海通駅,"35.11599267952816, 136.88782929604386",35.11599267952816,136.88782929604386,https://www.esthe-ranking.jp/tokaidori/shop-detail/fa9d795f-8d1b-4c31-b2d8-0ffc8a8237fd/,https://forlove.eei.jp/,【岡崎信用金庫 港支店】に着きましたらお電話ください,090-4072-0674,10:00～LAST
Fカップ娘,東刈谷駅,"34.970670687546196, 137.05249256256533",34.970670687546196,137.05249256256533,https://www.esthe-ranking.jp/toyota/shop-detail/0576206c-623b-46a2-b08a-7cda06f0fb9b/,http://f-cup.sh-xijuytr.tokyo/,快活CLUB 三河安城店付近着きましたら電話してください。,090-6947-0249,11:00～翌 03:00
元気の里,野並駅1番出口,"35.10372143476029, 136.95200149115283",35.10372143476029,136.95200149115283,https://www.esthe-ranking.jp/horita/shop-detail/2f7d1372-528a-4d06-b5ea-6c101b73eeea/,https://genkinosato.eei.jp/,"駐車場： お店の後ろに1台駐車場と店舗近くのコインパーキングがあります。店舗利用者の方は駐車場代を1,000円分負担します。※6,000円以上のコースのみ",070-2359-8666,12:00～翌 02:00
優ソウル,鶴里駅2番出口,愛知県名古屋市南区鶴里町1丁目57,,,https://www.esthe-ranking.jp/horita/shop-detail/b80fdda4-d548-42cf-902b-8ad2f78e9867/,https://yuusoulu.eei.jp/,鶴里駅から近くてアクセス抜群！,090-4119-1872,13:00～翌 02:00
Lucky Baby～ラッキーなベイビー～,東田駅,"34.76430534880543, 137.4115873318176",34.76430534880543,137.4115873318176,https://www.esthe-ranking.jp/toyohashi/shop-detail/a9546422-0e0d-4e76-a360-84cd8e7ed95a/,https://luckynababy.eei.jp/,駐車場 4台あります,080-3711-6322,11:00～LAST
WhiteSnow（ホワイトスノウ）,青山駅,"34.87825885387853, 136.9169725162483",34.87825885387853,136.9169725162483,https://www.esthe-ranking.jp/chita/shop-detail/9b7d6338-56b0-4a51-b319-b50f6725eca7/,https://whitesnow.ooe.jp/,駐車場あります,080-9486-6437,24時間営業
ねこ娘,藤が丘駅,"35.182717306285845, 137.01756526004192",35.182717306285845,137.01756526004192,https://www.esthe-ranking.jp/hoshigaoka/shop-detail/7fef9d5e-ec59-425d-af2c-3a1e7c45b9a4/,https://nekomusume.zzm.jp/,駐車場 お近くのコインパーキングをご利用下さい。,070-8553-0368,11:00～翌 03:00
Lush~ラッシュ,安城駅,愛知県安城市百石町1丁目12番地17,,,https://www.esthe-ranking.jp/toyota/shop-detail/c95926db-72ba-4fc1-bfe6-40a4226c29a9/,https://lien.ooa.jp/,安城のリラクゼーション【Lush~ラッシュ】です♪ JR東海道本線・安城駅から近くてアクセス抜群！,080-8490-1032,24時間営業
聚盈堂（しゅうえいどう）,石刀駅,愛知県一宮市浅井町西浅井郷西７−１,,,https://www.esthe-ranking.jp/owari/shop-detail/3c0586ab-a489-498a-9eae-5b7b7d36bbf5/,http://house.xin-fhy.online/,天下一品「一宮店」から車で１分／テラスウォーク一宮近く,080-7289-9988,12:00～LAST
台湾Baby,碧南中央駅,愛知県碧南市松本町１４４,,,https://www.esthe-ranking.jp/toyota/shop-detail/3f817a22-e1a2-4d8c-9d5e-c422a0ddae52/,https://taiwanbaby.bdd.jp/,碧南中央駅徒歩6分,070-5505-8470,11:00～翌 01:00
only love（オンリーラブ）,津島駅,愛知県津島市片岡町６０,,,https://www.esthe-ranking.jp/owari/shop-detail/710f070d-1254-4562-86ee-e09e27a754b6/,https://onlylove-massage.iest.in/,アクセス欄に住所あり,090-8769-8890,11:00～翌 02:00
悠美,枇杷島駅,愛知県清須市助七東山中１１１,,,https://www.esthe-ranking.jp/owari/shop-detail/c475dd0c-a6d0-46ce-a799-e79809f4457c/,https://yuumi.bdd.jp/,枇杷島駅から近くてアクセス抜群！施術自慢のセラピストが心も体もリフレッシュして頂けます♪,090-7985-8199,12:00～LAST
Perfume~パフューム,岩倉駅,"35.275787680148085, 136.86468359566678",35.275787680148085,136.86468359566678,https://www.esthe-ranking.jp/owari/shop-detail/b35fbe3b-92ec-42a6-b131-21bc6fdff693/,https://perfume.bdd.jp/,店舗前に専用駐車場あり,080-6770-3798,24時間営業
蜜のアトリエ,共和駅,愛知県大府市共栄町8-10-8,,,https://www.esthe-ranking.jp/chita/shop-detail/7374aa49-6e86-4e43-996a-c422cfaa4312/,https://mitunoatorie.eei.jp/,駐車場 店舗前4台あります。,090-1498-8741,24時間営業
花恋（かれん）,金山駅2番出口,愛知県名古屋市中区金山4丁目3-1,,,https://www.esthe-ranking.jp/kanayama/shop-detail/913a945d-8552-44a3-ad08-42b361057341/,http://karen.refle.shop/,1ヶ月限定！新規OPENキャンペーン実施中！金山駅近くにNEW OPEN！「花恋～かれん～」大人の癒しを求める方へ贈る、隠れ家的リラクゼーションサロン。,080-3611-7888,11:00～LAST
kawaii恋人,高畑駅,"35.38607847344119, 136.94047046256532",35.38607847344119,136.94047046256532,https://www.esthe-ranking.jp/komaki/shop-detail/59b433ea-255b-45dc-8e81-d25cd42368eb/,http://kawaii.sh-uxt.xyz/,地図付近着きましたら電話してください。,080-3678-1688,11:00～翌 03:00
すいれん,高畑駅,"35.13793412863779, 136.85307288343364",35.13793412863779,136.85307288343364,https://www.esthe-ranking.jp/tokaidori/shop-detail/00ad8662-6e7c-4022-aecf-3eb53f9792cb/,https://suiren.eey.jp/,高畑駅徒歩3分,090-7614-3490,11:00～LAST
艶雅（えんが）,本星崎駅,愛知県名古屋市緑区浦里4丁目255,,,https://www.esthe-ranking.jp/kasadera/shop-detail/dc16bc78-c19b-4616-8e80-472e947dd659/,https://enga.eei.jp/,"オープン記念【2,000円OFF】★駐車場完備★PayPay対応★",080-3087-5888,12:00～翌 03:00
楽楽（らくらく）,犬山口駅,愛知県犬山市橋爪西浦8-1,,,https://www.esthe-ranking.jp/komaki/shop-detail/854334a8-3e1b-460a-8737-18dd32813c45/,https://www.inuyama.hp-navi.com/,駐車場：店舗敷地内２台分あり/夜間は【清水屋 犬山橋爪店】様の駐車場もご利用できます,080-3081-5666,24時間営業
Dakki,高横須賀駅,"35.00954944674777, 136.8930456438913",35.00954944674777,136.8930456438913,https://www.esthe-ranking.jp/chita/shop-detail/4847125b-be24-4b85-a319-1feabd6c97f0/,https://dakki.eev.jp/,東海市のリラクゼーション【Dakki - だっき】です♪ 高横須賀駅から近くてアクセス抜群！,080-9117-3111,12:00～翌 02:00
Apple,岩塚駅,岩塚駅,,,https://www.esthe-ranking.jp/nagoya/shop-detail/881e892a-e1a6-4a0d-866c-ee1f52af8a51/,https://apple.menzu-ika.sbs/,岩塚駅に着きましたら、ご連絡ください。,090-6766-8140,10:30～翌 02:00
愛の小屋,今池駅,"35.16770425369891, 136.9343313686266",35.16770425369891,136.9343313686266,https://www.esthe-ranking.jp/shinsakae/shop-detail/b8b38f37-26bd-4395-bcbb-8f23b11cd8ea/,https://lovely-home.navi.mn/,アクセス欄に緯度経度と住所あり,080-3657-5888,24時間営業
Pink Veil（ピンクヴェール）,尾頭橋駅,愛知県名古屋市中川区尾頭橋１丁目５−１６,,,https://www.esthe-ranking.jp/kanayama/shop-detail/a1e3445f-509e-4380-9888-9dd8ac1ed5d4/,http://pinkveil.refle.shop/,セブンイレブン 名古屋尾頭橋店のお近くについたら、ご連絡ください,090-6887-3827,11:00～LAST
風月閣（ふうげつかく）,茶屋ヶ坂駅,"35.18475013199613, 136.96200090531275",35.18475013199613,136.96200090531275,https://www.esthe-ranking.jp/kurokawa/shop-detail/41d49fd1-a1e5-48f3-988e-0f98af40d74f/,https://fuugetukaku-esute.navi.mn/,アクセス欄に緯度経度と住所あり,080-9137-5710,11:00～翌 05:00
Aurora&#039;s Kiss（オーロラのキス）,東海通駅,愛知県名古屋市港区七番町１丁目2番1,,,https://www.esthe-ranking.jp/tokaidori/shop-detail/02fb68d5-39c1-4ec7-8630-65d9b728a38d/,http://aurorakiss.refle.shop/,スギ薬局 みなと七番町店の近くに着いたら、ご連絡ください。,080-4547-3492,11:00～LAST
芳香（ほうこう）,桜町前駅,愛知県西尾市上町北荒子31-2,,,https://www.esthe-ranking.jp/toyota/shop-detail/21ad37af-45fe-462e-b726-b74f65b88eb7/,https://houkou.bdd.jp/,駐車場 店舗前にあります,080-9737-8800,12:00～翌 02:00
癒しの部屋,黒笹駅,愛知県みよし市黒笹いずみ１丁目 10番地8,,,https://www.esthe-ranking.jp/toyota/shop-detail/eac2d689-2d88-4243-8f58-8272509e5af6/,http://lyashi.sh-leiqio.tokyo/,ピアゴ付近着きましたら電話してください。,080-8069-8786,11:00～翌 03:00
甘いピーチ,西春駅,"35.210356234758734, 136.8345856078298",35.210356234758734,136.8345856078298,https://www.esthe-ranking.jp/owari/shop-detail/aace8834-c0c3-46e3-aebf-520c58cfe20e/,https://amai-peach.navi.mn/,アクセス欄に緯度経度と住所あり,090-8674-3502,10:00～翌 04:00
Luxe Doll（リュクスドール）,日比野駅,愛知県津島市西愛宕町２丁目９６−３,,,https://www.esthe-ranking.jp/owari/shop-detail/112c7e8c-a1f3-4c5b-b3f0-16b20b7a6192/,http://luxedoll.refle.shop/,お近くに着いたら、ご連絡ください。,090-7402-1703,11:00～翌 03:00
魔法の手,木曽川駅,愛知県一宮市北方町中島東松本31-2,,,https://www.esthe-ranking.jp/owari/shop-detail/865c29dc-7370-4d9f-a1c2-69f440554201/,http://remei-ksgw.oyiiihuu.name/,地図の位置に着きましたら、ご連絡ください。,080-4173-5168,24時間営業
Serene SPA,東成岩駅,"34.86815429355395, 136.91127507977487",34.86815429355395,136.91127507977487,https://www.esthe-ranking.jp/chita/shop-detail/103b321a-82a0-48ea-826c-2f0680f35197/,https://serenespa.eei.jp/,駐車場あります,080-5505-9988,11:00～LAST
神秘の誘惑,共和駅,共和駅,,,https://www.esthe-ranking.jp/chita/shop-detail/841efec7-72f2-4495-b092-ce0c5839657e/,https://mystery-ofmystery.navi.mn/,共和駅徒歩1分,090-9189-7406,12:00～翌 02:00
LANI MOKU（ラニモク）,名古屋駅西4出口,"35.170062, 136.878958",35.170062,136.878958,https://www.esthe-ranking.jp/nagoya/shop-detail/b582e2d5-5c16-4688-85a8-9b1a51c02549/,https://lanimoku.eei.jp/,名古屋駅近くお仕事帰りにも気軽にご来店いただける！心を込めた施術と快適な空間で、疲れた身体を優しくリフレッシュ☆,090-4268-9966,12:00～翌 03:00
あなたの寄り道～よりみち for U,三河安城駅,"34.971037623137825, 137.0517853166566",34.971037623137825,137.0517853166566,https://www.esthe-ranking.jp/toyota/shop-detail/b8a3a483-d562-4382-8ee2-319ad17623a2/,https://anatanoyorimitiforu.eei.jp/,本人保証！☆7月19日☆親しみやすい笑顔と丁寧なおもてなしが魅力♪注目のセラピスト2名がそろってデビュー★OPEN記念2000円OFF★三河安城駅徒歩すぐの便利なロケーション！経験豊かなセラピストによる丁寧な施術で、心も身体も軽やかになる癒しをご体感ください！,090-6590-9966,12:00～翌 03:00
ハッピーパンダ,若林駅,愛知県豊田市大島町錦39-2,,,https://www.esthe-ranking.jp/toyota/shop-detail/5f55ca5e-59db-464f-9319-6a8e2291ff3a/,https://happypanda.eei.jp/,駐車場: 店舗前に10台あります。,090-7699-8512,13:00～翌 04:00
色っぽ花火,安城駅,愛知県安城市御幸本町7-8,,,https://www.esthe-ranking.jp/toyota/shop-detail/77c3c046-fb50-4cb1-892d-f74af9078028/,https://iroppohanabi.uud.jp/,駐車場 近くのコインパーキングをご利用ください。,070-5048-5272,24時間営業
甘美～かんび,土橋駅,"35.04962854545117, 137.13275311408557",35.04962854545117,137.13275311408557,https://www.esthe-ranking.jp/toyota/shop-detail/6be58210-8f15-4eca-9307-d3cd7aa6c512/,https://kanbi.eev.jp/,豊田市のリラクゼーション【甘美】です♪ 土橋駅から徒歩5分とアクセス抜群！,080-2629-7571,12:00～LAST
ラバーズ,東岡崎駅,"34.96042613650238, 137.16178087268716",34.96042613650238,137.16178087268716,https://www.esthe-ranking.jp/toyota/shop-detail/5550cae2-d510-4b05-a8f6-f3f1952d646a/,https://rabazu.eei.jp/,駐車場 近くのコインパーキングをご利用ください。,070-8496-4541,12:00～翌 02:00
Lady Spa,徳重駅,"35.09898890509981, 136.9932643233624",35.09898890509981,136.9932643233624,https://www.esthe-ranking.jp/horita/shop-detail/f83ae189-7ef9-4463-a08f-75b9b8a61980/,https://ladyspa.eei.jp/,緑区のリラクゼーション【LadySpa - レディスパ】です♪ 徳重駅から近くてアクセス抜群！,090-1789-5688,11:00～翌 02:00
桃の娘,味美駅,"35.244502345616695, 136.9441997665929",35.244502345616695,136.9441997665929,https://www.esthe-ranking.jp/komaki/shop-detail/e5935caa-3c5f-44cc-9e59-210fc39bd179/,https://momonomusume.eei.jp/,駐車場 あり,070-8386-3829,11:00～翌 03:00
蝶々（ちょうちょう）,西春駅,"35.24437954146906, 136.87180971668616",35.24437954146906,136.87180971668616,https://www.esthe-ranking.jp/owari/shop-detail/784c4eaa-f37b-466d-bf7e-38702a9b18b8/,https://chouchou.eey.jp/,駐車場 お近くのコインパーキングをご利用下さい。,070-5051-7788,10:00～翌 04:00
ほっこり,東浦駅,"34.94462265713987, 136.96397086789506",34.94462265713987,136.96397086789506,https://www.esthe-ranking.jp/chita/shop-detail/5e420146-75dd-45e2-a5aa-1e02a5813a71/,https://koibito.ddv.jp/,☆店舗前、共同駐車場有り☆PayPay決済対応♪,070-5635-1328,24時間営業
虹,蒲郡駅,"34.820686174291, 137.22812843862093",34.820686174291,137.22812843862093,https://www.esthe-ranking.jp/toyohashi/shop-detail/f009470b-3a66-4d40-a330-bb4d73efdab9/,https://nizi.evv.jp/,駐車場あります。,070-9455-8679,10:00～LAST
Brisa（ブリーサ）,稲荷口駅,"34.820319, 137.394267",34.820319,137.394267,https://www.esthe-ranking.jp/toyohashi/shop-detail/c1862319-f108-4132-9dc4-1f231b3a930b/,https://brisa.eei.jp/,本人保証！☆7月20日☆新たな魅力を届ける実力派が仲間入り♪心を込めたおもてなしで満足のひと幕をお約束★2000円OFF実施中★稲荷口駅から徒歩すぐで通いやすさも抜群！磨き上げた手技と心温まるおもてなしで上質なリラックスタイムをお届けします☆,070-4343-9104,12:00～翌 03:00
Little Sweet,大曽根駅,"35.1899705559818, 136.92913699999676",35.1899705559818,136.92913699999676,https://www.esthe-ranking.jp/kurokawa/shop-detail/375295b3-d14c-4d4b-8f6d-07706962ca3a/,https://sweet-massage.navi.mn/,愛知県北区大曽根１丁目２０−１５P.ZONE大曽根1丁目 駐車場に着いたら、電話ください。,080-4541-3180,24時間営業
meets,藤が丘駅,"35.18469517323055, 137.02291852717582",35.18469517323055,137.02291852717582,https://www.esthe-ranking.jp/hoshigaoka/shop-detail/e77e534c-b985-46ee-8e00-8bbb1c89abb9/,https://meets.eei.jp/,駐車場：近くのコインパーキングをご利用ください,080-9002-3828,24時間営業
魔女のキャンディ,鳴海駅,"35.07962762492224, 136.94838720852425",35.07962762492224,136.94838720852425,https://www.esthe-ranking.jp/kasadera/shop-detail/c37f7ff9-0d22-4418-a9e5-dd3dcc288a38/,https://majonocandy.eei.jp/,駐車場 マンションすぐコインパーキングあります。,090-7409-2132,24時間営業
スイート憩い〜,上挙母駅,愛知県豊田市下市場町７丁目12−１,,,https://www.esthe-ranking.jp/toyota/shop-detail/f74cd10b-f10e-442f-b9f7-ac66c6425942/,http://rleisure.sh-wqv.xyz/,ZENT パチンコ屋着きましたら電話してください。,080-7543-2325,11:00～翌 03:00
お願いDear,中京競馬場前駅,"35.06253597670382, 136.99511862209712",35.06253597670382,136.99511862209712,https://www.esthe-ranking.jp/komaki/shop-detail/81f24ca5-63e4-478d-97be-b1af5cfe26b5/,https://onegaidear.zzb.jp/,地図の中心に着きましたらお電話ください,080-8852-2493,11:00～翌 02:00
初恋学園,久屋大通駅,"35.17333457965251, 136.9124282374399",35.17333457965251,136.9124282374399,https://www.esthe-ranking.jp/sakae/shop-detail/41c0b5e9-212b-4dfb-9341-800601bd9ae9/,http://firstlove.este88.com/,「三井のリパーク 東桜第８ 駐車場」着きましたら、ご連絡ください。スタッフより詳しく案内致します。,080-1664-4021,12:00～翌 03:00
いとしのレディ,原駅,原駅,,,https://www.esthe-ranking.jp/showa/shop-detail/88dcee33-10ea-4b6b-9fae-67320800e11e/,https://itoshinolady.eei.jp/,アクセス欄に住所あり,070-2676-1793,24時間営業
夏の誘惑,下地駅・小坂井駅,"34.785877577033816, 137.37409961553257",34.785877577033816,137.37409961553257,https://www.esthe-ranking.jp/toyohashi/shop-detail/43a73f75-ad5b-492f-af5c-b892c0a6877b/,http://suummer.sh-ko.tokyo/,ファミリーマート 着きましたら電話してください。,070-1245-6619,11:00～翌 03:00
美人物語,高畑駅,愛知県名古屋市中川区高畑３丁目３８,,,https://www.esthe-ranking.jp/tokaidori/shop-detail/45f53d26-3b2d-4eb0-aa23-82db622846bf/,http://gokujyo.refle.shop/,【リパーク高畑3丁目 第2コインパーキング】に着きましたら、お電話ください,070-4352-5122,11:00～翌 03:00
幸運,平針駅1番口,"35.12245186743262, 137.0075594313529",35.12245186743262,137.0075594313529,https://www.esthe-ranking.jp/showa/shop-detail/a3c3e021-45ef-41aa-b5b6-d05b436565af/,https://kouun.vvo.jp/,駐車場 近くのコインパーキングをご利用ください,080-7851-7498,24時間営業
OneMore～ワンモア,味鋺駅,"35.263912, 136.981335",35.263912,136.981335,https://www.esthe-ranking.jp/komaki/shop-detail/2a7c2d7b-40f0-49a0-8568-534b294038ef/,https://onemore.eei.jp/,駐車場 ※ご予約の電話時にお伝えします,070-5406-2678,12:00～翌 02:00
もえ娘,愛知大学前駅,"34.74351311530145, 137.3821113802522",34.74351311530145,137.3821113802522,https://www.esthe-ranking.jp/toyohashi/shop-detail/e1ea2cec-42d0-44c5-9c89-46b73f82cb77/,http://moe-chan.hfb-111.site/,地図ところ着きましたら電話してください,090-2191-3829,12:00～翌 03:00
静香（しずか）,栄駅,"35.16627004827971, 136.9109931098225",35.16627004827971,136.9109931098225,https://www.esthe-ranking.jp/sakae/shop-detail/4951cb75-b0c6-4bee-b4fa-8fd990cd19fe/,http://shizuka.refle.shop/,名古屋市営名城線 / 矢場町駅 徒歩6分,070-9100-8581,12:00～LAST
逢いに来て,新安城駅,愛知県安城市今本町3丁目6-8,,,https://www.esthe-ranking.jp/toyota/shop-detail/6df6fdea-7230-4798-9994-8e73515d5fdf/,https://daisuki.eei.jp/,安城市のリラクゼーション【逢いに来て】です♪ 新安城駅から近くてアクセス抜群！,090-9917-3666,12:00～LAST
Q.SPA,東刈谷駅,"34.97824213821595, 137.04324439713722",34.97824213821595,137.04324439713722,https://www.esthe-ranking.jp/toyota/shop-detail/6e7c287e-9c45-4c37-912c-0dd661b119fb/,https://qspa.eei.jp/,アクセス欄に緯度経度と住所あり,090-3936-0295,24時間営業
Soluna～ソルーナ～,蟹江駅,"35.14177068714238, 136.7935679361751",35.14177068714238,136.7935679361751,https://www.esthe-ranking.jp/owari/shop-detail/f4f410f2-b416-48c0-a4e1-8a08be184685/,https://soluna.eei.jp/,駐車場 駐車場あります。,090-7235-6503,12:00～翌 03:00
愛姫（あいひめ）,尾張一宮駅,"35.304664071982224, 136.79744069999998",35.304664071982224,136.79744069999998,https://www.esthe-ranking.jp/owari/shop-detail/5eb16638-5063-4b66-9517-d3ae9cd4790c/,http://aihime.refle.shop/,愛知県一宮市栄２丁目11-6（お近くに着いたら、ご連絡ください）,070-1616-1888,12:00～LAST
あいたいなっ♪,東刈谷駅,"34.971506311377716, 137.0496474916534",34.971506311377716,137.0496474916534,https://www.esthe-ranking.jp/toyota/shop-detail/ef2bc662-f7e4-4700-8297-4a8517c12c95/,https://aitaina.eei.jp/,東刈谷駅から近くてアクセス抜群！,080-5621-6994,12:00～翌 04:00
天使アロマ,蒲郡駅,蒲郡駅,,,https://www.esthe-ranking.jp/toyohashi/shop-detail/e0e0e6bf-a96e-4fa4-8875-ce0134ccf26f/,http://aroma.sh-dlq2.tokyo/,蒲郡駅付近着きましたら電話してください。,090-9226-2835,11:00～翌 03:00
いちごみるく,桜井駅,"34.912476, 137.092678",34.912476,137.092678,https://www.esthe-ranking.jp/toyota/shop-detail/2140230d-8524-4d14-bead-ae0a2de55ed0/,https://ichigomilk.evv.jp/,アクセス欄に緯度経度と住所あり,070-9188-8813,10:00～翌 01:00
熱い恋愛,春日井駅,愛知県春日井市瑞穂通３丁目６９−１,,,https://www.esthe-ranking.jp/komaki/shop-detail/294498bc-adb6-42cc-9d75-f23b12f3e67a/,http://passionate.hfb-111.site/,中央本線「春日井駅」バス7分 鳥居松下車 徒歩12分,090-4399-7731,12:00～翌 03:00
Only one（オンリーワン）,名古屋駅,"35.172228394646794, 136.87718833734039",35.172228394646794,136.87718833734039,https://www.esthe-ranking.jp/nagoya/shop-detail/9108274c-051d-4802-ac32-205c27bab3da/,https://onlyone.ooe.jp/,太閤通口のビックカメラから北へ向かい太閤通口の交差点を左に曲がって下さい（河合塾目印） そのまま直進し、ミニストップの向かいのマンションになります。 （1階 中華料理店：華明閣です）,090-9661-1215,11:00～翌 04:00
ドキドキ,今池駅,愛知県名古屋市千種区仲田２丁目１９−８,,,https://www.esthe-ranking.jp/shinsakae/shop-detail/be411481-55f0-485e-abb1-ef63dc49327f/,https://dowgood.navi.mn/,アクセス欄に住所あり,080-9730-6677,24時間営業
可愛い猫,今池駅9番出口,愛知県名古屋市千種区神田町２６−１６,,,https://www.esthe-ranking.jp/shinsakae/shop-detail/5c9b1dd2-bdf1-4534-998f-73d62f22603f/,https://cute-cat.navi.mn/,今池駅9番出口徒歩3分,050-6869-6392,11:00～LAST
フェアリーランド,池下駅1番出口,愛知県名古屋市千種区池下2丁目2番16号,,,https://www.esthe-ranking.jp/shinsakae/shop-detail/0e21f6da-38b3-4680-a7d7-c9445afae9bd/,https://fairyland.eei.jp/,池下駅1番出口,070-6583-6888,12:00～LAST
もみじ,金山駅南口,"35.14282508491888, 136.8949933947234",35.14282508491888,136.8949933947234,https://www.esthe-ranking.jp/kanayama/shop-detail/67e50056-d862-498b-9993-d9ec012221c8/,https://momiji.eey.jp/,金山駅南口徒歩8分,090-2945-7897,09:00～翌 05:00
萌え娘,黒川駅,愛知県名古屋市北区田幡２丁目１２−５,,,https://www.esthe-ranking.jp/kurokawa/shop-detail/d0f70b37-2db3-4bd6-8d7b-0d938a7b4213/,https://moe-massage.navi.mn/,アクセス欄に住所あり,080-2670-3134,10:00～翌 02:00
会いたい,大曽根駅,"35.18854517380474, 136.93546023277585",35.18854517380474,136.93546023277585,https://www.esthe-ranking.jp/kurokawa/shop-detail/0ad804b6-3c65-4e60-b7bd-23d043170449/,http://miss.sh-xihgas.tokyo/,大曽根駅徒歩2分,090-6700-6688,11:00～翌 03:00
マシュマロ,平安通駅1番出口,愛知県名古屋市北区平安1丁目2-13,,,https://www.esthe-ranking.jp/kurokawa/shop-detail/e24e74e0-c4b7-4eab-b1ee-d1bfd423dd7a/,https://otomenokoi.eei.jp/,☆NEW☆平安通の乙女の恋 平安通駅1番出口スグ アクセス抜群 かわいいセラピストの手で、極上のマッサージを体感♪癒しのプロの手によって、心も身体もリラックスしちゃいますよ☆,090-1280-6373,12:00～翌 03:00
LOVE,藤が丘駅,"35.20003803983538, 137.0164622433745",35.20003803983538,137.0164622433745,https://www.esthe-ranking.jp/hoshigaoka/shop-detail/5aebba16-7a50-4415-bf24-39514b0c9b09/,https://love-pinkmovie.navi.mn/,アクセス欄に緯度経度と住所あり,090-7572-8562,12:00～翌 03:00
Secret Room,藤が丘駅,"35.18246364416989, 137.02135335276108",35.18246364416989,137.02135335276108,https://www.esthe-ranking.jp/hoshigaoka/shop-detail/e5eb2233-af14-461b-99d4-2db5da13ba5f/,http://fdgb.xin-jnd.online/,名古屋市藤ヶ丘駅2番出口近くに着きましたらお電話ください,070-8939-9179,24時間営業
kawaii恋人,高畑駅,愛知県名古屋市中川区高畑１丁目５８,,,https://www.esthe-ranking.jp/tokaidori/shop-detail/98f9869d-6c00-4b2c-b242-b88a8e4723d1/,https://kawaii-koiesute.navi.mn,駐車場 コインパーキングご利用ください,070-6689-7371,11:00～LAST
愛,柴田駅,■愛知県,,,https://www.esthe-ranking.jp/kasadera/shop-detail/e35b214d-75fc-40ca-b598-3e5da7bea26c/,http://www.aisiba.info/,アクセス欄に住所あり,052-613-6066,13:00～翌 02:00
出会い,北岡崎駅,"34.97838656177299, 137.13939701353192",34.97838656177299,137.13939701353192,https://www.esthe-ranking.jp/toyota/shop-detail/6a3c3c54-342c-47a3-b531-b1622df29154/,http://deai.sh-uxt.xyz/,クスリのアオキ 着きましたら電話してください,090-4459-6550,11:00～翌 03:00
秘密俱楽部,上豊田駅・豊田市駅・東刈谷駅・西尾駅・逢妻駅・知立駅・大門駅,"35.11824183342559, 137.15431347400926",35.11824183342559,137.15431347400926,https://www.esthe-ranking.jp/toyota/shop-detail/1daaa63e-b813-4e1c-92bf-1eb57672309a/,https://club-department.navi.mn/,新豊田駅徒歩3分,080-7488-1237,24時間営業
さくらんぼ,富士松駅,"35.02629893739947, 137.00719302266532",35.02629893739947,137.00719302266532,https://www.esthe-ranking.jp/toyota/shop-detail/9dafe2d8-be22-4636-8b4b-e1e453b72d76/,http://sakuranbo.sh-uxt.xyz/,地図付近着きましたら電話してください,080-9026-1639,11:00～翌 03:00
Venus（ヴィーナス）,新豊田駅,"35.08966609737432, 137.15271700004575",35.08966609737432,137.15271700004575,https://www.esthe-ranking.jp/toyota/shop-detail/f8f157a5-2920-4e14-b681-70d8db284681/,https://venusvenus.iest.in/,地図の駐車場に着いたらお電話ください。,090-8189-5820,24時間営業
癒しの女神,新豊田駅,愛知県豊田市衣ケ原3丁目11,,,https://www.esthe-ranking.jp/toyota/shop-detail/fe35bd9c-aada-4caa-84d8-1cc122e976ac/,https://iyashinomegami.eeh.jp/,バス停 八迫山から徒歩5分群！,080-5859-1189,11:00～翌 03:00
なごみ,岡崎駅,愛知県岡崎市柱4丁目2-10,,,https://www.esthe-ranking.jp/toyota/shop-detail/edfbc13e-80d5-4f4a-a895-024764c2cfee/,https://nagomi.dgg.jp/,岡崎のリラクゼーション なごみ~nagomi です♪岡崎駅から徒歩約7分とアクセス抜群！,070-2004-9054,12:00～LAST
彼女の部屋,安城駅,愛知県安城市桜町４−１２ ４番１２号,,,https://www.esthe-ranking.jp/toyota/shop-detail/f5b09f8b-719b-45fe-8d80-cd1159908ff6/,https://kanojyoroom.navi.mn/,アクセス欄に住所あり,050-6864-0902,11:00～LAST
さくらんぼ,富士松駅,"35.035976, 137.038445",35.035976,137.038445,https://www.esthe-ranking.jp/toyota/shop-detail/25e5e878-b973-4eb3-b31c-35ccf9b5fcb5/,https://sakuranbo.gzz.jp/,新オープン【さくらんぼ】☆刈谷ハイウェイから近くてアクセス抜群！美人セラピストの笑顔と共に、唯一無二の極上の癒しを体感してください。癒しのプロの手によって、虜になること間違いなし♪疲れ気味、というかたは是非当店をお越しください♪,090-1293-1168,12:00～LAST
ラッキー,新豊田駅,愛知県豊田市三軒町8丁目22-1,,,https://www.esthe-ranking.jp/toyota/shop-detail/8677e8ef-9a27-4386-9b49-709e5e5b5be4/,https://lucky.zzf.jp/,キャッシュレス決済対応◎駐車場完備◎オープン記念【半額】実施中◎,070-2677-0976,24時間営業
こねこ,北岡崎駅・東岡崎駅,"34.976629, 137.160854",34.976629,137.160854,https://www.esthe-ranking.jp/toyota/shop-detail/48f0370c-c377-4858-acbb-f210f190a3f2/,https://all.eei.jp/,岡崎市のリラクゼーション【こねこ】です♪北岡崎駅から近くてアクセス抜群！,080-4549-3816,24時間営業
ツバメ,安城駅,愛知県安城市横山町毛賀知42-1,,,https://www.esthe-ranking.jp/toyota/shop-detail/6021abe8-77b3-46f9-9006-7f9457c008a0/,https://loveyou.eew.jp/,JR安城駅から近くてアクセス抜群！落ち着いた雰囲気の店内で極上の世界へとお連れします。疲れ具合に合わせた癒しの技で疲れやストレスの解消を体感できます！,080-2678-0195,12:00～翌 03:00
ラベンダー,岡崎駅,"34.93134790051062, 137.152431",34.93134790051062,137.152431,https://www.esthe-ranking.jp/toyota/shop-detail/1e6e3446-dc0c-4546-9447-372c8034d848/,https://lavender.voo.jp/,共有駐車場15台分あります,080-9679-2690,13:00～LAST
月の光,西岡崎駅,"34.94443, 137.119829",34.94443,137.119829,https://www.esthe-ranking.jp/toyota/shop-detail/6957d4f6-a7e5-45d5-a037-09e283fb67f4/,https://tukinohikari.eei.jp/,【岡崎市にNEW OPEN】リラクゼーション 月の光 です♪西岡崎駅 徒歩5分とアクセス抜群！,080-9495-9489,12:00～翌 03:00
リンス,新豊田駅,豊田市アジアンエステ,,,https://www.esthe-ranking.jp/toyota/shop-detail/26004fd2-8aac-4e64-85cc-cd0ea7a62e1d/,http://toyota-0004.xyz/,新豊田駅徒歩2分,0565-35-0833,14:00～LAST
ハニー,堀田駅2番出口,"35.11737139464235, 136.92194328327292",35.11737139464235,136.92194328327292,https://www.esthe-ranking.jp/horita/shop-detail/c3a8b5a1-1b0c-4705-8213-0253d58ad764/,https://honey.uuo.jp/,名古屋・堀田エリアに癒しの新スポット誕生♪【ハニー】がグランドオープン！堀田駅近くて気軽に立ち寄れるのも嬉しいポイント◎,090-9619-1688,12:00～LAST
美姫,上前津駅3番出口,"35.156775860689514, 136.9076781090328",35.156775860689514,136.9076781090328,https://www.esthe-ranking.jp/tsurumai/shop-detail/b7df14dc-c984-46c5-962f-f3e6fce0d355/,http://beauty.es-relax.info/,上前津駅3番出口徒歩2分,080-8532-6558,12:00～LAST
香港,小牧駅,"35.29504, 136.92031",35.29504,136.92031,https://www.esthe-ranking.jp/komaki/shop-detail/ac5acbe5-8901-4e8f-9350-d397019d04de/,https://hongkong.roo.jp/,☆☆お正月も営業してます☆☆小牧に癒しの新スポット誕生！【香港~hongkong】が新規オープン♪名鉄小牧駅から徒歩すぐのアクセス良好な立地で、お仕事帰りやお買い物ついでにも立ち寄りやすい！心身の疲れをプロの手技で、深いリラクゼーション体験をお届けします★,090-9195-3799,24時間営業
桜,春日井駅,愛知県春日井市高山町3-7-14,,,https://www.esthe-ranking.jp/komaki/shop-detail/bcd423e2-733e-4f68-b4fa-d60b07923c28/,https://sakura.xdd.jp/,春日井のにあるリラクゼーション【桜~さくら】です！クーポン有り！駐車場有り！,080-4528-2288,12:00～翌 02:00
花花,蟹江駅,愛知県海部郡蟹江町城4-546,,,https://www.esthe-ranking.jp/owari/shop-detail/ad7d4f45-0a52-4169-84b9-37b877c0772a/,https://hanahana.zzv.jp/,【2/25新人入店!!】近鉄蟹江より徒歩2分の★花花★です、,080-6102-2777,11:00～翌 02:00
魅惑,三郷駅,愛知県尾張旭市東本地ケ原町3丁目104,,,https://www.esthe-ranking.jp/owari/shop-detail/536db630-c522-4078-9af9-67ff7ea483f1/,https://miwaku.ddq.jp/,写真はすべて【本人保証】★【駐車場完備】★【24時間営業】★,070-4470-4146,24時間営業
一目惚れ,新清洲駅西口,"35.21034454037608, 136.83577965402193",35.21034454037608,136.83577965402193,https://www.esthe-ranking.jp/owari/shop-detail/47e281ef-8e43-4834-ab60-653683a7d0b0/,https://hitomebore.ooa.jp/,駐車場：お近くのコインパーキングをご利用ください。,090-8541-6868,24時間営業
温柔の郷,名鉄一宮駅,愛知県一宮市中島通5丁目35-2,,,https://www.esthe-ranking.jp/owari/shop-detail/13be5338-7b9c-4df3-bef5-2d96aa62a090/,https://onzyunosato.eei.jp/,"新規OPEN！充実のコース！クーポンあり！最大2,000円割引！駐車場完備の好立地☆",090-1750-4430,10:00～翌 01:00
夜桜（よざくら）,青山駅,"34.880748, 136.9071431",34.880748,136.9071431,https://www.esthe-ranking.jp/chita/shop-detail/381ed47c-1cad-4e17-bb00-a47a2b284dc1/,https://yozakura.ood.jp/,青山駅徒歩10分,080-4547-6969,11:00～翌 03:00
そら,土橋駅,愛知県豊田市美山町5丁目4−4,,,https://www.esthe-ranking.jp/toyota/shop-detail/889bdc57-65e2-4891-9daa-339183ba6bfb/,https://sora.ddq.jp/,駐車場 中華料理屋さんと共用の駐車場があります。,080-6826-8683,24時間営業
爽愛（ソウアイ）,三河豊田駅,愛知県豊田市山之手3丁目119,,,https://www.esthe-ranking.jp/toyota/shop-detail/d81f9ba0-cabd-40df-8aea-e246f7de7eb1/,https://souai.eei.jp/,豊田のリラクゼーション【爽愛~ソウアイ】です♪ 三河豊田駅から近くてアクセス抜群！,0565-28-3355,13:00～LAST
オレンジBaby,二川駅,愛知県豊橋市東幸東明８２−１４,,,https://www.esthe-ranking.jp/toyohashi/shop-detail/e184de06-074c-4e72-afa2-1ac7165f637b/,https://ang-kiss.navi.mn,アクセス欄に住所あり,070-6683-6135,24時間営業
いちごアイス,栄生駅,"35.182402147320445, 136.87472644310938",35.182402147320445,136.87472644310938,https://www.esthe-ranking.jp/nagoya/shop-detail/9b813c0a-9f07-427e-92f2-d428b023091e/,https://ichigoice.eei.jp/,西区のリラクゼーション【いちごアイス】です。栄生駅から近くてアクセス抜群！For Youの気持ちで伝える施術技術を実感してください。セラピストたちの心のこもったおもてなしで、心も体も軽くなります♪,090-8551-0666,11:00～LAST
SENZ SPA,久屋大通駅,"35.17362645942299, 136.91039698770234",35.17362645942299,136.91039698770234,https://www.esthe-ranking.jp/sakae/shop-detail/dc1703dc-75e4-425e-bfbf-2fe601fe8bb3/,https://senz-spa.navi.mn/,アクセス欄に緯度経度と住所あり,080-8807-7516,24時間営業
癒しの森,高岳駅,"35.17387175736667, 136.91345037716144",35.17387175736667,136.91345037716144,https://www.esthe-ranking.jp/shinsakae/shop-detail/6862d43c-3727-4376-a578-ff5fff1a2aa6/,https://forest-ofhealing.navi.mn/,今池駅徒歩1分,080-8807-7516,24時間営業
アリス,東海通駅,"35.168910354657484, 136.82134295751348",35.168910354657484,136.82134295751348,https://www.esthe-ranking.jp/tokaidori/shop-detail/9c51556b-1d78-4f43-bf8d-c7491a8a8c1e/,https://himawari.zzf.jp/,【完全個室】20代可愛いセラピスト在籍♪「アリス」♪クーポン掲載中！ご新規割引あり！岩塚駅すぐ近く♪駐車場完備♪セラピスト在籍多数♪お客様の気分に合わせた的確な施術をご提供いたします。マッサージ後、溢れる活力を感じてください！,090-3483-4235,24時間営業
NagoMi〜和み,港北駅,"35.11405877857212, 136.85342170089595",35.11405877857212,136.85342170089595,https://www.esthe-ranking.jp/tokaidori/shop-detail/504e26ee-f633-4bd9-a153-043fc9b2e3ff/,https://nagomi.oos.jp/,港区のリラクゼーション【NagoMi~和み】です。港北駅から徒歩10分とアクセス抜群！ベトナム美人セラピスト達の魅力的なマッサージによる癒しをご堪能頂けます♪,080-4463-5388,12:00～翌 03:00
天使の羽,東刈谷駅,"34.9786237015688, 137.04630258863267",34.9786237015688,137.04630258863267,https://www.esthe-ranking.jp/toyota/shop-detail/15f2807c-24b3-4996-a9b2-576d05d4c3a1/,https://tenshinohane.bdd.jp/,駐車場あります。 店舗前及び左側（焼き肉屋横）共用駐車場となります。,090-8671-1680,12:00～LAST
なごみ庵,豊田市駅,愛知県豊田市竹生町４丁目１３,,,https://www.esthe-ranking.jp/toyota/shop-detail/13fb0291-966a-4be2-8dca-43f3bad24fff/,https://nagomian.bdd.jp/,駐車場 近くのコインパーキングをご利用ください。駐車料金は、当店が負担いたします。,0565-34-5050,13:00～翌 05:00
ホームラン,上前津駅,"35.15603795831334, 136.90585908528794",35.15603795831334,136.90585908528794,https://www.esthe-ranking.jp/tsurumai/shop-detail/696e949b-1931-44c7-b97a-03812f7be25b/,http://home.sh-mxe.tokyo/,ここに着きましたら、お電話ください。,090-7896-4053,11:00～LAST
ラフィーネ ～raffiné～,赤池駅,愛知県愛知郡東郷町春木涼松185-13,,,https://www.esthe-ranking.jp/komaki/shop-detail/7c43d248-5fca-4c2d-88eb-1cf6fe3efcd6/,https://raffine.eei.jp/,駐車場 店舗前にございます。,070-8522-5189,13:00～翌 01:00
蒼の誘惑（あおのゆうわく）,前後駅,愛知県豊明市前後町螺貝１３８９−１,,,https://www.esthe-ranking.jp/komaki/shop-detail/0aa27ec8-c1cf-4dd6-992b-f1a5d2f87777/,http://ctyh.sh-qjs.tokyo/,ケンタッキー着きましたら電話してください。,080-8144-1675,11:00～翌 03:00
style,尾張一宮駅,愛知県一宮市新生３丁目１４−１５,,,https://www.esthe-ranking.jp/owari/shop-detail/5d858e83-3c35-4b55-abfd-d143a0b17596/,http://style.juj-dx.cfd/,カネスエ 新生店に着きましたら、ご連絡ください。,080-5335-2111,12:00～翌 03:00(受付：11:30～翌2:00)
碧蝶（あおちょう）,奥町駅,"35.31211431127201, 136.7522717822103",35.31211431127201,136.7522717822103,https://www.esthe-ranking.jp/owari/shop-detail/c40fafbb-9455-431e-83ab-6ce3b9960b66/,http://bdd.sh-qjs.tokyo/,ピアゴ 尾西店着きましたら電話してください。,080-9441-8168,11:00～翌 03:00
蜜桃ちゃん,甚目寺駅,"35.196919238175234, 136.82726028307593",35.196919238175234,136.82726028307593,https://www.esthe-ranking.jp/owari/shop-detail/5ad41c35-b253-4faf-a5af-789354db5b06/,https://mitumomotyan.ddv.jp/,アクセス欄に緯度経度と住所あり,080-2991-4289,11:00～翌 02:00
ハピネス～Happiness～,甚目寺駅,"35.16889739281508, 136.82132982617927",35.16889739281508,136.82132982617927,https://www.esthe-ranking.jp/owari/shop-detail/ef098d51-4f70-4d0e-aaee-e26c8c518d4f/,https://happiness.dgg.jp/,駐車場 あり,080-8097-9170,11:00～LAST
ハッピー,金山駅北口,"35.144251586508574, 136.89954892206234",35.144251586508574,136.89954892206234,https://www.esthe-ranking.jp/kanayama/shop-detail/9038f413-5e3e-4a42-93ee-dbfd34a6ff80/,http://happy.sh-ylma3.tokyo/,ここに着きましたら、お電話ください。,070-9318-8186,10:00～翌 03:00
魔女の手,藤が丘駅,"35.18230153058208, 137.02189864482094",35.18230153058208,137.02189864482094,https://www.esthe-ranking.jp/hoshigaoka/shop-detail/608fad33-f9fb-4334-8cae-bc76cb5ac8bf/,http://witch-hand.mao-111.site/,新規OPEN! 8月8日新人入りました、ク一ポンありご新規様は特典割引! 駅からスグ!駐車場あり!完全個室!極上リラクゼーション。高い魅力のスタッフによる癒しで明日からも頑張れる気分になっちゃいます，スタッフ可愛くて甘いサビスで、あなたの疲れを癒してくれます,070-4515-4467,09:00～LAST
甘い誘惑,喜多山駅,愛知県名古屋市守山区小幡５丁目１４−３０,,,https://www.esthe-ranking.jp/moriyama/shop-detail/8cdc4b07-93e6-44d0-9489-2015119dbe44/,http://dsg.mao-111.site/,ナフコ不二屋 喜多山店 に着きましたら、ご連絡ください。,090-6989-0432,24時間営業
LUNA（ルナ）,安城駅,"34.95869627559794, 137.08634815939268",34.95869627559794,137.08634815939268,https://www.esthe-ranking.jp/toyota/shop-detail/89f3a110-c5f9-4424-a5a9-1457eb489d63/,http://luna.juj-dx.cfd/,地図の位置に着きましたら、ご連絡ください。,090-8010-5491,24時間営業
美姫,知立駅,吉良吉田駅,,,https://www.esthe-ranking.jp/toyota/shop-detail/5bde2e9d-ad45-4812-b12d-f2e16ca07166/,http://meiji.sh-qjs.tokyo/,ここに着きましたら、お電話ください。,070-5330-7160,12:00～翌 03:00
君の楽園,共和駅西口,"35.03457808786717, 136.95425582254882",35.03457808786717,136.95425582254882,https://www.esthe-ranking.jp/chita/shop-detail/2a699803-2ed4-428b-8bfe-0564d14faa46/,https://hibiki-one.navi.mn/,共和駅西口徒歩1分,090-1097-4066,12:00～翌 02:00
アダムとイブ,新栄町駅,名古屋市中区新栄1-6-24,,,https://www.esthe-ranking.jp/shinsakae/shop-detail/7a36d5fa-0984-48fe-93db-3045623bd7d2/,http://honey-salon.online81.jp/,新栄町駅徒歩7分,080-6909-5438,24時間営業
19歳の美少女,本郷駅,愛知県名古屋市名東区上社２丁目２００,,,https://www.esthe-ranking.jp/hoshigaoka/shop-detail/7754ea6e-b10b-4f22-84ea-acdb04eed661/,http://beautiful-girl.menzu-ipd.sbs/,本郷駅に着きましたら、ご連絡ください。,050-6874-1342,11:00～翌 03:00
ギューと,東海通駅,"35.07478760974592, 136.91132230613619",35.07478760974592,136.91132230613619,https://www.esthe-ranking.jp/tokaidori/shop-detail/393e1eb2-001a-49ab-afd3-b11273b8978a/,https://shinmajyo-brown.navi.mn/,柴田駅徒歩6分,080-1438-0692,24時間営業
恋姫,柴田駅,"35.168754199723146, 136.82118512577492",35.168754199723146,136.82118512577492,https://www.esthe-ranking.jp/kasadera/shop-detail/084a5c9c-eedb-45cb-867c-0be865fcd59b/,https://koihime-blackred.navi.mn/,駐車場:有り（奥の20番）,090-7297-9208,24時間営業
癒しサロン,笠寺駅,愛知県名古屋市南区本地通１丁目５−６,,,https://www.esthe-ranking.jp/kasadera/shop-detail/8b1ff94c-9f76-4280-b512-4c703b7a6cb0/,http://loving.sh-ght.tokyo/,ここに着きましたら、お電話ください,080-4559-9958,24時間営業
恋灯り,線勝川駅,愛知県春日井市勝川新町１丁目８１−８１,,,https://www.esthe-ranking.jp/komaki/shop-detail/9cde21a9-b278-488b-81d6-8b0e3afcb5d5/,http://roserose.refle.shop/,セブン-イレブン 春日井勝川新町店のお近くについたら、ご連絡ください,090-5311-5269,11:00～翌 03:00
癒し庵,白沢駅,愛知県知多郡阿久比町白沢天神前１４−１０,,,https://www.esthe-ranking.jp/chita/shop-detail/3e250f00-3f55-4e06-b659-b4c5c4ec7829/,http://healing-hut.mao-111.site/,アクセス・満足度抜群！ぜひご体験ください。☆PayPay利用可☆店裏駐車場6台完備,090-8385-9168,11:00～翌 02:00(受付：10:00～翌1:00)
Sweet誘惑,栄駅,栄駅,,,https://www.esthe-ranking.jp/sakae/shop-detail/3c752b23-c1d7-46ea-acc4-5accd1b20baf/,https://spalook-spa.navi.mn/,アクセス欄に住所あり,090-3939-2668,24時間営業
Baby Face,今池駅,"35.16804844776743, 136.93478400890376",35.16804844776743,136.93478400890376,https://www.esthe-ranking.jp/shinsakae/shop-detail/cccd72ca-9d80-4c28-b07b-2355fde89bdc/,http://baby-face.jid-dx.cfd/,地図の位置に着きましたら、ご連絡ください。,070-2663-1318,24時間営業
恋人,池下駅,"35.1677180146614, 136.94364800332133",35.1677180146614,136.94364800332133,https://www.esthe-ranking.jp/shinsakae/shop-detail/dab15518-fec3-4bf6-9cbf-f079ba65b2c9/,https://koibito.oou.jp/,新人入店中☆池下駅から徒歩2分から近くてアクセス抜群！,080-9871-7876,24時間営業
会いたい,金山駅北口,金山駅,,,https://www.esthe-ranking.jp/kanayama/shop-detail/6f141e63-1aa7-46c6-be0c-23ea3a0d79f7/,https://miss-youi.navi.mn/,アクセス欄に住所あり,070-4220-8738,09:00～翌 05:00
魅月,新豊田駅,"35.08461192065829, 137.1531514320474",35.08461192065829,137.1531514320474,https://www.esthe-ranking.jp/toyota/shop-detail/44aa9335-9e4f-4325-a459-da5058cd52f6/,https://mituki.bdd.jp/,豊田市のリラクゼーション【魅月】です♪ 新豊田駅から近くてアクセス抜群！,080-1296-4295,12:00～LAST
Eternity（エタニティ） 豊田店,上挙母駅,愛知県豊田市下市場町７丁目12−１,,,https://www.esthe-ranking.jp/toyota/shop-detail/c7731187-6b3a-45e8-8c74-6f1339bb8218/,https://eternity-toyota.esth.asia/,パチンコ店付近からお電話をお願いいたします。,080-7503-6577,12:00～LAST
幸せメモリー,植田駅,愛知県名古屋市天白区井口１丁目１１４番,,,https://www.esthe-ranking.jp/showa/shop-detail/ee005b87-a58b-41a9-93cb-8bbb54aa7f0e/,http://happym.refle.shop/,B&Dドラッグストア植田店の近くに着いたら、ご連絡ください,090-7450-5833,24時間営業
煌,前後駅,"35.053346940689586, 136.99487165084577",35.053346940689586,136.99487165084577,https://www.esthe-ranking.jp/komaki/shop-detail/e4d08863-3db4-4fc2-920e-cc5230ece9d4/,http://huang.kao-111.site/,アミカ豊明店 に着きましたら、ご連絡ください。駐車場あります。,080-8706-0460,13:00～翌 02:00
Milky（ミルキー）,豊橋駅西口,愛知県豊橋市新栄町字南小向10,,,https://www.esthe-ranking.jp/toyohashi/shop-detail/11070cf7-20b6-4e9e-96fc-69181ea17490/,https://milky.bdd.jp/,豊橋駅から近くてアクセス抜群！皆さまのエネルギーに繋がるような贅沢な癒しの空間をご提供します。,090-7315-3480,11:00～LAST
Eternity（エタニティ） 豊橋店,下地駅,愛知県豊橋市下五井町沖田63-1,,,https://www.esthe-ranking.jp/toyohashi/shop-detail/d4fc3f45-64e3-48c9-ab2d-9f3733beeecf/,https://eternity-toyohashi.esth.asia/,アクセス欄に住所あり,080-8158-5358,12:00～LAST
マレーシア美少女,藤が丘駅,藤が丘駅 愛知県,,,https://www.esthe-ranking.jp/hoshigaoka/shop-detail/af43e4a9-d188-4cf6-8745-069a3148a2c3/,https://malaysia-massage.navi.mn/,アクセス欄に住所あり,080-2940-8097,24時間営業
COCO美,碧海古井駅,愛知県安城市安城町天草77-1,,,https://www.esthe-ranking.jp/toyota/shop-detail/b14a3d56-13f2-47c3-909b-e548344266cc/,https://cocomi.ddq.jp/,駐車場 店舗前に4台あります。,080-5689-8889,12:00～翌 03:00
極上蜜恋（ごくじょうハニー）,新豊田駅,"35.08848057168595, 137.15256998669048",35.08848057168595,137.15256998669048,https://www.esthe-ranking.jp/toyota/shop-detail/7f99c2eb-ad67-4cdd-9a69-cecab1c6bcb0/,http://anan.kao-111.site/,アクセス欄に緯度経度と住所あり,070-1640-2805,24時間営業
陽光リラクゼーション,野並駅3番出口,愛知県名古屋市天白区野並３丁目５１２,,,https://www.esthe-ranking.jp/horita/shop-detail/cad238a2-14c6-4983-9d17-fa8fbe3d3be2/,https://rakuna.bdd.jp/,野並駅３番出口から近くてアクセス抜群！,052-784-6194,12:00～翌 02:00
ミツバチの館,西春駅,"35.24419192551249, 136.86959400000313",35.24419192551249,136.86959400000313,https://www.esthe-ranking.jp/owari/shop-detail/a8799cb9-4eb4-4dde-8a04-c85cc1c1ce89/,https://mitsubachinoyakata.eei.jp/,中日信用金庫 西春支店に着きましたらお電話して下さい,090-5687-6516,24時間営業
ぷりぷり,高畑駅,"35.00993690156498, 136.88582765889547",35.00993690156498,136.88582765889547,https://www.esthe-ranking.jp/tokaidori/shop-detail/88142ebe-20c1-4631-93eb-51eaa574f552/,https://bikkuriiine.eei.jp/,アクセス欄に緯度経度と住所あり,090-5367-9424,24時間営業
元気モリモリ,西尾駅,"34.86029551133573, 137.0535576805294",34.86029551133573,137.0535576805294,https://www.esthe-ranking.jp/toyota/shop-detail/eb2ca1be-ebb6-4d8f-98f6-c0ebb2a3d4b5/,http://mygirlnisio.hl-web23.work/,西尾駅より車４分、駐車場あり,080-7815-7560,10:00～翌 03:00
メルティ,三河豊田駅,"35.048738457083985, 137.14017199718901",35.048738457083985,137.14017199718901,https://www.esthe-ranking.jp/toyota/shop-detail/43b61ada-67ad-4929-aecd-100e323debd1/,https://melty.eei.jp/,メグリア本店すぐ近く,070-5400-2036,11:00～翌 02:00
癒し魔女,尾張横須賀駅,"34.96084, 137.081838",34.96084,137.081838,https://www.esthe-ranking.jp/chita/shop-detail/38d3db02-039a-4c9b-ba4a-b431babe9cc2/,https://iyashimajo.eei.jp/,アクセス欄に緯度経度と住所あり,080-8026-4028,24時間営業
ねこりん,鳴海駅,"35.196146643111895, 136.82535995978185",35.196146643111895,136.82535995978185,https://www.esthe-ranking.jp/kasadera/shop-detail/a20ab03c-03f8-460c-8f56-c778e83cdcc8/,https://nekorin.eei.jp/,【名鉄協商パーキング 甚目寺駅前】に着きましたらお電話ください,050-6860-8421,11:00～LAST
八月（はちがつ）,大高駅,愛知県名古屋市緑区大高町丸ノ内４１−４,,,https://www.esthe-ranking.jp/kasadera/shop-detail/8122ac54-5a66-40c4-b25f-fbb6872c7fac/,http://august.sh-dlq2.tokyo/,ここに着きましたら、お電話ください。,090-9585-1915,24時間営業
微妙な彼女,安城駅,"35.13903190330136, 136.85374600000003",35.13903190330136,136.85374600000003,https://www.esthe-ranking.jp/toyota/shop-detail/759c04c2-f967-4e9b-ac98-7cfce66e0905/,https://bimyounakanojo.eei.jp/,アクセス欄に緯度経度と住所あり,080-9004-9622,24時間営業
千尋,六名駅,"34.92988465244137, 137.14244013493024",34.92988465244137,137.14244013493024,https://www.esthe-ranking.jp/toyota/shop-detail/538d02cf-12c4-4cd4-8c0a-ff8434dbf4d5/,https://chihiro.bdd.jp/,お店の横に共有駐車場があります。,080-5298-7732,12:00～LAST
秘密の恋,上拳母駅・北岡崎駅・三河安城駅・東刈谷駅・三好ヶ丘駅,"35.06813665897995, 137.15486449043223",35.06813665897995,137.15486449043223,https://www.esthe-ranking.jp/toyota/shop-detail/ed13aac8-e274-4b9a-95c2-2de922d4b855/,http://pippi.ndj-dx.cfd/,セブン着きましたら電話してください。,080-7803-2414,12:00～翌 03:00
雪の花,小牧駅,"35.29168834008549, 136.92950369073685",35.29168834008549,136.92950369073685,https://www.esthe-ranking.jp/komaki/shop-detail/ffc6dffb-1f59-4b9b-bf1a-6b8d77decb5f/,http://amai.refle.shop/,（セブン-イレブン 小牧駅北店の近くに着いたら、ご連絡ください）,050-6882-8292,11:00～翌 03:00
ハッピーランド,春日井駅,愛知県春日井市割塚町130,,,https://www.esthe-ranking.jp/komaki/shop-detail/59e1222f-51bc-4fd9-8409-80307e9a8bdc/,https://happyland.ddq.jp/,春日井駅から近くてアクセス抜群！当店が贈る極上の癒しをどうぞご堪能くださいませ。,090-7922-2563,12:00～LAST
花の蜜,新豊橋駅,"34.76768, 137.363428",34.76768,137.363428,https://www.esthe-ranking.jp/toyohashi/shop-detail/9168c3a1-434e-485e-b081-a9ecbd58d72b/,https://benihana.eei.jp/,つり具の上州屋豊橋小向店 に着きましたらお電話ください。,080-9725-1717,12:00～翌 02:00
心癒,栄生駅,愛知県名古屋市西区則武新町4-1-41,,,https://www.esthe-ranking.jp/nagoya/shop-detail/a207d0aa-e7f6-45bc-a797-adc6cd1b6d17/,https://shinyu.eei.jp/,駐車場 コインパーキングをご利用ください ※三井のリバーク・栄生駅前第3が便利です,070-1626-0301,12:00～翌 02:00
七彩（ななさい）,伏見駅10番出口,"35.170585, 136.896828",35.170585,136.896828,https://www.esthe-ranking.jp/sakae/shop-detail/abad391f-a612-46ad-871b-442bdab7914c/,https://nanasai.bdd.jp/,伏見のリラクゼーション【七彩】です♪ 伏見駅から近くてアクセス抜群！心をこめたマッサージで、身も心もリフレッシュしていただけます。明日からも頑張りたいあなたにぴったりな、当店のマッサージをお楽しみください。セラピスト一同、お客様のご来店をお待ちしております。,080-5733-0185,12:00～翌 05:00(受付：11:00～翌 4:00)
魔性の城,中京競馬場前駅,中京競馬場前駅,,,https://www.esthe-ranking.jp/kasadera/shop-detail/54362f90-7a95-4af0-9ad5-0350c1094001/,https://www.mashounoshiro.com/,中京競馬場前駅付近にお着きになりましたらお電話ください,080-5328-6786,11:00～LAST
恋の感じ,三河安城駅南口,愛知県安城市三河安城本町１丁目３４−５,,,https://www.esthe-ranking.jp/toyota/shop-detail/90350b2d-587c-43cb-9222-3fa3d2b2c00d/,http://zxzy.sh-bab.tokyo/,ローソン 三河安城本町店に着きましたらお電話ください。,080-7162-0219,24時間営業
Lumina（ルミナ）,新豊田駅,"35.08815026170242, 137.15391033133824",35.08815026170242,137.15391033133824,https://www.esthe-ranking.jp/toyota/shop-detail/1ed75ac7-83dd-42b7-80de-b28fb139947e/,https://lumina.eei.jp/,新豊田駅から近くてアクセス抜群！,090-8666-2240,13:00～翌 03:00
Dear,野並駅,愛知県名古屋市天白区古川町142,,,https://www.esthe-ranking.jp/horita/shop-detail/c47856fa-0caf-4147-8dfd-0ea562477668/,http://dear.sh-fhs.tokyo/,ここに着きましたら、お電話ください。,080-2960-3528,11:00～翌 03:00
魅惑の女王,青山駅,"34.874249, 136.912908",34.874249,136.912908,https://www.esthe-ranking.jp/chita/shop-detail/e9dea2e7-65f5-48ad-b633-9a926f84287c/,https://miwakunozyouou.eei.jp/,半田市のリラクゼーション【魅惑の女王】です♪ 青山駅から近くてアクセス抜群！,080-4547-6898,24時間営業
AAA,新栄町駅,愛知県名古屋市中区新栄１丁目１−２７,,,https://www.esthe-ranking.jp/shinsakae/shop-detail/95371858-4805-4231-ae78-942473805d12/,https://ranking-deli.jp/aichi/area90/style8/47003/?ofc=1,アクセス欄に住所あり,052-242-3889,13:00～LAST
きらめくDream,川名駅,"35.14603185826618, 136.94621050172103",35.14603185826618,136.94621050172103,https://www.esthe-ranking.jp/showa/shop-detail/e04e539c-19a7-41ab-ba44-9d5d99fdaaa1/,https://kiramekudream.eei.jp/,駐車場 あります。,080-8076-1666,24時間営業
リラクゼーションサロンLUNA（ルナ）,勝川駅北口,"35.23339932867926, 136.95597751330146",35.23339932867926,136.95597751330146,https://www.esthe-ranking.jp/komaki/shop-detail/9a7161c4-1c08-4d15-9988-9ef4936e6463/,https://luna.eei.jp/,勝川フランテ近くに着いたらTEL下さい,070-8908-1688,12:00～翌 02:00
First Class（ファーストクラス）,青山駅,"34.87793587100907, 136.91570880366837",34.87793587100907,136.91570880366837,https://www.esthe-ranking.jp/chita/shop-detail/a5428eff-cebc-4020-b7f0-f20ef28f152e/,https://firstclass.eei.jp/,駐車場 あります,080-6978-5678,24時間営業
LINOA（リノア）,下地駅,"34.78590489857699, 137.37409499999256",34.78590489857699,137.37409499999256,https://www.esthe-ranking.jp/toyohashi/shop-detail/40fe90be-d4ab-4e0e-9df3-c53dacbd567d/,https://linoa.eei.jp/,☆8月1日☆期待高まる新メンバーがいよいよ初出勤♪優しさあふれる接客と確かな技術で皆さまをお迎えする★全員本人保証！JR飯田線下地駅近く！細部までこだわった上質空間がお出迎え♪最大2000円割引★疲れた心身を優しく満たす、忘れられない癒しのひとときをぜひ☆,090-3395-3293,12:00～翌 03:00
SEPIA（セピア）,丸の内駅,丸の内駅 愛知県,,,https://www.esthe-ranking.jp/sakae/shop-detail/713c7d50-f17d-40c0-9433-971aa69c5725/,http://sepia.hjd-dx.cfd/,丸の内駅に着きましたら、ご連絡ください。,080-3123-1315,24時間営業
満月マダム,金山駅,"35.14288960548266, 136.89341789537528",35.14288960548266,136.89341789537528,https://www.esthe-ranking.jp/kanayama/shop-detail/e1fb28f2-3f0e-4317-865a-c58d66a20a1f/,https://mangetumadamu.eei.jp/,セブンイレブン 名古屋尾頭橋店に着きましたらお電話して下さい,090-6360-8100,12:00～翌 02:00
バニラkiss,金山駅,金山駅,,,https://www.esthe-ranking.jp/kanayama/shop-detail/19d4bdaf-a8b3-49d2-9682-05a79526c952/,http://vanilla-kiss.hjd-dx.cfd/,金山駅 に着きましたら、ご連絡ください。,070-9130-4652,09:00～翌 03:00
恋愛100%,森下駅・大曽根駅,愛知県名古屋市東区東大曽根町１５−７,,,https://www.esthe-ranking.jp/kurokawa/shop-detail/1e102eeb-97b1-437c-b482-ac2292065dd4/,https://rennai100.navi.mn/,アクセス欄に住所あり,080-1580-6019,24時間営業
夢心地（ユメゴコチ）,茶屋ヶ坂駅,愛知県名古屋市千種区赤坂町１丁目３８,,,https://www.esthe-ranking.jp/kurokawa/shop-detail/1444b393-0f47-4124-b127-6bc03a7d43f3/,http://dream-heart.aok-111.site/,地図の位置に着きましたら、ご連絡ください。,080-6972-0253,12:00～LAST
ホットkiss,小幡駅,愛知県名古屋市守山区小幡南１丁目２３−１,,,https://www.esthe-ranking.jp/moriyama/shop-detail/25e80faf-244f-4f52-8466-b2bd5d3cafe3/,http://hotkiss.refle.shop/,お近くに着いたら、ご連絡ください,090-2277-6371,24時間営業
サファイア,印場駅,"35.19422467724313, 137.02539569087588",35.19422467724313,137.02539569087588,https://www.esthe-ranking.jp/moriyama/shop-detail/9e37ceb5-7ffa-4b36-838d-b9561f6d7263/,https://sapphire.eei.jp/,「ジャパンレンタカー四軒家店」近くに着いたらTELください。,080-3060-7687,12:00～翌 02:00
愛のときめき,上小田井駅,"35.22196928990733, 136.87679203398224",35.22196928990733,136.87679203398224,https://www.esthe-ranking.jp/otai/shop-detail/c0752e4d-0240-4de7-af6d-ff42e0813f5b/,https://ainotokimeki.eei.jp/,上小田井駅徒歩1分,080-6842-8800,10:00～翌 04:00
Tokimeki Memorial,笠寺駅,愛知県名古屋市南区元塩町５丁目６,,,https://www.esthe-ranking.jp/kasadera/shop-detail/5df91a1c-c07d-48ca-b8d6-23b601ec05bd/,https://tokimeki-memorial.navi.mn/,アクセス欄に住所あり,090-9910-4891,24時間営業
絆（きずな）,三河安城駅・東刈谷駅,愛知県安城市三河安城本町１丁目29−５,,,https://www.esthe-ranking.jp/toyota/shop-detail/9cf37c21-3038-4002-8252-ffc6a9744d5f/,https://sugina.navi.mn/,アクセス欄に住所あり,090-7506-0614,11:00～翌 03:00
小狐仙,美合駅,愛知県岡崎市岡町北保母境３−１,,,https://www.esthe-ranking.jp/toyota/shop-detail/c5ff1b87-752e-4c24-8545-aab6d2eb1385/,http://hua.sh-lo.tokyo/,ファミリーマート 岡崎岡町保母店に着きましたらお電話ください。,080-2756-9500,24時間営業
キスの癒し,西尾駅・豊田市駅,"34.863373422800976, 137.06143089076897",34.863373422800976,137.06143089076897,https://www.esthe-ranking.jp/toyota/shop-detail/3861daf8-3338-416b-8091-d285481dd448/,https://healing-forkiss.navi.mn/,上豊田駅徒歩3分,090-4791-3120,10:30～翌 02:00
SKY,新上拳母駅,愛知・豊田市司町 リラクゼーションエステ,,,https://www.esthe-ranking.jp/toyota/shop-detail/8cda8c74-f80f-426d-8cd8-db763d2116a5/,https://sky.bdd.jp/,アクセス欄に住所あり,080-8493-5837,11:00～LAST
HAPPY GIRL（ハッピーガール）,三河八橋駅,愛知・豊田市駒場町向金 リラクゼーション,,,https://www.esthe-ranking.jp/toyota/shop-detail/2092580f-65f0-49d9-9a7f-cfb97c04bd6c/,https://happygirl.eev.jp/,アクセス欄に住所あり,090-6352-8187,12:00～LAST
癒の森,豊田市駅,豊田市美里にある本格中国リラクゼーションのお店,,,https://www.esthe-ranking.jp/toyota/shop-detail/65fec6e2-162a-4535-ad66-2c56b953856f/,https://iyashimori.eei.jp/,アクセス欄に住所あり,090-6516-0790,10:00～LAST(最終受付：翌1:30)
ときめきのボタン,新瑞橋駅,"35.11290308646142, 136.93759666543792",35.11290308646142,136.93759666543792,https://www.esthe-ranking.jp/horita/shop-detail/54788e57-1c1b-4aaf-a3ab-dfe994f6ce77/,https://tokimekinobotan.eei.jp/,新瑞橋駅から近くてアクセス抜群！優しい女性スタッフによる心安らぐおもてなしを感じてください。,090-4262-6668,12:00～翌 03:00
憩いの森,上前津駅12番出口,"35.157326110643595, 136.91045324110442",35.157326110643595,136.91045324110442,https://www.esthe-ranking.jp/tsurumai/shop-detail/f21bf8a6-500a-4a73-a8c7-c37f53c6be94/,http://mori.sh-baby-girl.work/,ここに着きましたら、お電話ください。,090-8984-6121,24時間営業
癒しの天使,春日井駅,"35.24620645049886, 136.96815441736774",35.24620645049886,136.96815441736774,https://www.esthe-ranking.jp/komaki/shop-detail/053e1bbe-7a5a-406a-b12b-537e3839d9e8/,https://iyashinotenshi.evv.jp/,駐車場 店舗前にあります。,070-5257-2622,14:00～翌 03:00
HugHug,勝川駅,"35.231571049970945, 136.95586696941157",35.231571049970945,136.95586696941157,https://www.esthe-ranking.jp/komaki/shop-detail/5911033a-8293-40a6-9e26-67a88f9e2f7b/,https://hughug.eeq.jp/,エニタイムフィットネス 勝川駅前店 近くでお電話して下さい,080-1440-8034,24時間営業
ミルク,春日井駅,愛知県春日井市上条町1丁目190,,,https://www.esthe-ranking.jp/komaki/shop-detail/5603e2cb-9392-4007-bf5d-874924a156ef/,https://milk.oos.jp/,春日井にNEW OPEN【ミルク】です。駅チカ◎駐車場完備◎PayPay決済対応◎日常の喧騒を忘れ、心と身体を癒すリラクゼーション空間です♪お疲れのあなた、是非ご利用ください♪,090-8185-6688,24時間営業
猫系彼女,西春駅,"35.229856406340346, 136.95630162779278",35.229856406340346,136.95630162779278,https://www.esthe-ranking.jp/owari/shop-detail/c8123aba-9c2c-4a25-a4e1-2fc3d00826b3/,https://kaya.dgg.jp/,アクセス欄に緯度経度と住所あり,090-5286-0383,24時間営業
やんちゃ姫,日比野駅,愛知県津島市愛宕町７丁目３２−２,,,https://www.esthe-ranking.jp/owari/shop-detail/2a6f91f3-76e4-455a-97f6-07243beb0334/,http://yancha.sh-kp.tokyo/,ここに着きましたら、お電話ください。,090-8427-1706,11:00～LAST
Blueberry（ブルーベリー）,共和駅,愛知県大府市東新町4丁目86,,,https://www.esthe-ranking.jp/chita/shop-detail/2891d7b3-d673-4532-aaca-4526a6643735/,https://blueberry.ggo.jp/,大府市のリラクゼーション【Blueberry】です♪ 共和駅から近くてアクセス抜群！素敵な女性スタッフによる甘美でとろけるマッサージをご堪能して下さい。心の籠った本格施術で明日も1日前向きに頑張れちゃいます♪思いやりをもって最高のサービスをご堪能くださいませ。,080-8585-9439,11:00～翌 02:00
D-spa,太田川駅,"35.021132235731876, 136.89335637553995",35.021132235731876,136.89335637553995,https://www.esthe-ranking.jp/chita/shop-detail/b333e872-4978-443e-bb08-9965929172d4/,https://d-spa.eei.jp/,駐車場：近隣のコインパーキングをご利用してください,070-9150-3036,11:00～翌 03:00
キラキラ,二川駅,愛知県豊橋市岩屋町岩屋下４６−５,,,https://www.esthe-ranking.jp/toyohashi/shop-detail/3143bac0-c80a-4dd7-ba68-0783108ae220/,https://kirakira-esutea.navi.mn/,アクセス欄に住所あり,090-7223-3129,11:00～翌 03:00
Secret Charm（シークレットチャーム）,南栄駅,"34.7321965143216, 137.39290733739088",34.7321965143216,137.39290733739088,https://www.esthe-ranking.jp/toyohashi/shop-detail/05fe973f-438a-4bac-a9fa-3b10eaa98269/,http://secret-charm.ika-dx.cfd/,地図の位置に着きましたら、ご連絡ください。,080-2875-1826,12:00～翌 02:00
愛された夜,船町駅,"34.771888849187604, 137.3746887404934",34.771888849187604,137.3746887404934,https://www.esthe-ranking.jp/toyohashi/shop-detail/4d41700e-bee9-491b-ad25-a8bd27de47e7/,https://taitai-summer.navi.mn/,アクセス欄に緯度経度と住所あり,080-7488-1237,24時間営業
熟女の癒し,丸の内駅8番出口,"35.17674366183442, 136.895003006587",35.17674366183442,136.895003006587,https://www.esthe-ranking.jp/sakae/shop-detail/ffa429b5-3798-45d0-b38e-0961d816f2a0/,http://jkj.xhh-tokyo.vip/,三井のリパーク 名古屋丸の内1丁目第5 駐車場に着きましたらお電話ください。,090-9941-6999,13:00～翌 01:00
Honey kiss（ハニーキス）,黒川駅,"35.197104385556756, 136.90818334110455",35.197104385556756,136.90818334110455,https://www.esthe-ranking.jp/kurokawa/shop-detail/0247ddaf-a071-4f32-b869-151ad6931147/,http://scent.refle.shop/,（魚べい 黒川店の近くに着いたら、ご連絡ください）,080-4538-8433,11:00～翌 02:00
人魚のおめかし,鳴海駅,"35.201727, 136.980132",35.201727,136.980132,https://www.esthe-ranking.jp/kasadera/shop-detail/73d367de-b975-4007-bff3-5d6b0827b4dd/,https://ningyonoomekashi.eei.jp/,アクセス欄に緯度経度と住所あり,070-2648-7414,10:00～翌 03:00
20代の姫様,三河安城駅,愛知県安城市篠目町童子２０６−３,,,https://www.esthe-ranking.jp/toyota/shop-detail/accd356c-7440-4733-922a-444da54e855f/,http://mrdxs.sh-wtj.xyz/,三河安城駅徒歩1分,080-1813-9675,24時間営業
My all,桜井駅,"34.91796053207712, 137.08825227891245",34.91796053207712,137.08825227891245,https://www.esthe-ranking.jp/toyota/shop-detail/2f1a3e24-0f01-4932-9470-b7e06919ee2d/,https://myall.eei.jp/,駐車場 予約時に必要の旨をお伝えください。,080-8039-1953,24時間営業
Honey Kiss,植田駅・平針駅・原駅,植田駅,,,https://www.esthe-ranking.jp/showa/shop-detail/1e5e8ca8-0de6-4143-bafe-a61987e83592/,http://honeykissss.mensest.xyz/,アクセス欄に住所あり,050-6881-5424,11:00～翌 02:00
彼女の香り,川名駅,"35.14865058638928, 136.9384350381007",35.14865058638928,136.9384350381007,https://www.esthe-ranking.jp/showa/shop-detail/c6302c0e-5f5d-4358-95b7-65f6ce57b681/,https://kanojonokaori.eei.jp/,地図の駐車場に着いたらTEL下さい。,080-3791-5738,24時間営業
癒し ピュアハート,尾張一宮駅,愛知県一宮市貴船２丁目２−１,,,https://www.esthe-ranking.jp/owari/shop-detail/6e1c2636-b0ec-469f-a36f-3d30d9ee20cf/,http://yu.sh-cxi.tokyo/,尾張一宮駅に着きましたらお電話ください。,080-2902-6214,11:00～翌 03:00
激焔,森上駅,"35.24848527360481, 136.7387635006499",35.24848527360481,136.7387635006499,https://www.esthe-ranking.jp/owari/shop-detail/e2ba1dd9-38f9-4f29-9570-3dee58b098cc/,http://gekien.sh-kdr.tokyo/,ここに着きましたら、お電話ください。,090-9197-3332,24時間営業
秘密ピンク,奥町駅・扶桑駅・木曾川駅,奥町駅,,,https://www.esthe-ranking.jp/owari/shop-detail/18fbc616-b70f-426e-8a4c-102a1a514406/,https://secret-pink.navi.mn/,アクセス欄に住所あり,090-2191-1291,11:00～翌 03:00
NOX （ノックス）,乙川駅,"34.90863672235841, 136.9488191783512",34.90863672235841,136.9488191783512,https://www.esthe-ranking.jp/chita/shop-detail/45f09e2d-29f9-497d-bb05-a747aa70be56/,https://nox.eei.jp/,半田市のリラクゼーション【NOX-ノックス-】です♪乙川駅から近くてアクセス抜群！,050-6869-8859,24時間営業
Angela,新豊橋駅,"34.768962439876354, 137.3763419644182",34.768962439876354,137.3763419644182,https://www.esthe-ranking.jp/toyohashi/shop-detail/5f509269-9156-4f45-9a14-9196a0b21ac4/,http://angela.dk-dx.cfd/,アクセス欄に緯度経度と住所あり,090-6076-5222,24時間営業
養楽館,三河塩津駅,愛知県蒲郡市竹谷町土生37-1,,,https://www.esthe-ranking.jp/toyohashi/shop-detail/65491fd8-baee-4313-bd5c-df2ca074f143/,https://yourakukan.bdd.jp/,駐車場あります。,070-2633-5251,11:00～翌 03:00
愛ランド,伏見駅,"35.17419839616003, 136.8971057917927",35.17419839616003,136.8971057917927,https://www.esthe-ranking.jp/sakae/shop-detail/ad5e6114-9a89-4c94-9bce-3175da3449e1/,http://want-seeyou.xin-bnmi.online/,丸の内駅 2番出口徒歩 2 分,090-8472-8817,24時間営業
うらら,一社駅,"35.182022, 136.961974",35.182022,136.961974,https://www.esthe-ranking.jp/hoshigaoka/shop-detail/f149e211-9d88-44d2-a9e4-8957a1a22db0/,https://urara.evv.jp/,茶屋ヶ坂駅近くのマッサージです,090-7984-2201,09:30～翌 04:00
フレンチ・キス,徳重駅,"35.09670902669184, 136.99322454654123",35.09670902669184,136.99322454654123,https://www.esthe-ranking.jp/horita/shop-detail/7c3ea3f9-07d6-4550-9bb4-fd4566680448/,https://gokurakubanana.eei.jp/,ＤＣＭ鳴海店 付近でお電話して下さい,090-3084-4152,24時間営業
美人ランド,新瑞橋駅・瑞穂運動場西駅,新瑞橋駅,,,https://www.esthe-ranking.jp/horita/shop-detail/370cec80-8eb3-4e47-9d25-13ccaf86afb8/,http://meirenyuan.mensest.xyz/,アクセス欄に住所あり,050-6868-6141,11:00～翌 02:00
秘密の花園,神領駅,愛知県春日井市東野新町１丁目４−１５,,,https://www.esthe-ranking.jp/komaki/shop-detail/057cf402-e9d3-4148-9a06-62e49a4f3283/,https://hi-mitu.xyz/,アクセス欄に住所あり,080-6196-0520,24時間営業
ドキドキの恋,開明駅,"35.32407636960068, 136.77110466998104",35.32407636960068,136.77110466998104,https://www.esthe-ranking.jp/owari/shop-detail/450521b2-f7fb-48a4-bcf1-3ecd9256bc18/,http://dokidoki.sh-baby-girl.work/,ここに着きましたら、お電話ください。,080-9073-7011,13:00～翌 01:00
Lucky star（ラッキースター）,亀島駅,愛知県名古屋市中村区井深町１８−１３,,,https://www.esthe-ranking.jp/nagoya/shop-detail/dfe7cc60-15c4-4283-9b65-0c5aae46052c/,http://lucky-star.ikl-dx.cfd/,地図の位置に着きましたら、ご連絡ください。,090-8548-0710,24時間営業
フルーツ俱樂部,丸の内駅,愛知県名古屋市中区丸の内１丁目９−１,,,https://www.esthe-ranking.jp/sakae/shop-detail/bd05d2af-0f57-4945-ab6b-ffb3fd958b35/,http://sh-fclub.hfmi14.xyz/,丸の内駅徒歩2分,090-2350-9851,24時間営業
ジョウイ,西尾駅,西尾市アジアンエステ,,,https://www.esthe-ranking.jp/toyota/shop-detail/423e99d7-0b3a-4b91-8075-6211bc80c748/,http://www.nishio-0001.xyz/,西尾駅徒歩8分,0563-65-0533,14:00～翌 03:00
たっぷり愛して,新瑞橋駅8番出口,愛知県名古屋市南区菊住1-4-14,,,https://www.esthe-ranking.jp/horita/shop-detail/75fe6348-a316-463c-917b-0fe99ed015c4/,http://tappuriai.refle.shop/,駐車場 お近くにコインパーキングあり,090-6597-9777,11:00～LAST
一日の約束,金山駅・尾頭橋駅,"35.142569662493464, 136.90043689715392",35.142569662493464,136.90043689715392,https://www.esthe-ranking.jp/kanayama/shop-detail/bbd35978-884a-4501-afb4-9c74c649823f/,https://aday-one.navi.mn/,アクセス欄に緯度経度と住所あり,090-6887-5659,24時間営業
ぽわぽわ,平針駅,愛知県名古屋市天白区平針３丁目１５０４−３,,,https://www.esthe-ranking.jp/showa/shop-detail/40b11198-870d-43d2-bc09-4bd1df3f64d7/,https://zyda.sh-srx.tokyo/,平針駅徒歩3分/赤池駅徒歩10分,090-4970-8613,24時間営業
艶月（えんげつ）,富吉駅,富吉駅,,,https://www.esthe-ranking.jp/owari/shop-detail/09548dd1-1807-45c0-807f-4102481fde84/,https://engetsu-storypink.navi.mn/,アクセス欄に住所あり,080-7688-1679,24時間営業
ふわふわ泡,江南駅,"35.336086964905725, 136.8712942705517",35.336086964905725,136.8712942705517,https://www.esthe-ranking.jp/owari/shop-detail/8288c5cb-103f-4a81-a821-112bea903da7/,http://sh-kiss.hfml24.xyz/,江南駅徒歩1分,090-9367-8666,09:00～LAST
LOVER・恋人,青山駅・成岩駅,"34.879425444160375, 136.91810916376272",34.879425444160375,136.91810916376272,https://www.esthe-ranking.jp/chita/shop-detail/36c63f5a-01aa-433a-b787-ee3d92c31e6d/,https://korean-queen.navi.mn/,アクセス欄に緯度経度と住所あり,090-6887-5659,24時間営業
猫のキス,蒲郡駅,蒲郡駅,,,https://www.esthe-ranking.jp/toyohashi/shop-detail/8811200d-c9fd-4306-a10b-f2bc64bad1c1/,http://catkiss.hl-web23.work/,「蒲郡駅」に着きましたら、お電話ください。,080-5881-8080,10:00～翌 03:00
Aroma renren（アロマレンレン）,伏見駅6番出口,愛知県名古屋市中区栄1-１２-６,,,https://www.esthe-ranking.jp/sakae/shop-detail/ca3c8ddd-2910-41d3-a53d-3cbd86b65c96/,https://aromarenren.eei.jp/,中区栄・伏見のリラクゼーション【Aroma renren~アロマレンレン】です♪ 地下鉄「伏見」6番出口から近くてアクセス抜群！,070-1620-9882,11:00～LAST
美人茶屋,金山駅,"35.14310075827817, 136.89838816565373",35.14310075827817,136.89838816565373,https://www.esthe-ranking.jp/kanayama/shop-detail/afc8be9c-42d4-4cb8-ac84-393e37413c34/,https://beauty-tea.navi.mn/,アクセス欄に緯度経度と住所あり,080-8807-7516,10:30～翌 02:00
kiss,小幡駅,愛知県名古屋市守山区菱池町１０−５,,,https://www.esthe-ranking.jp/moriyama/shop-detail/12f4e04d-fa14-4e65-89b1-56fe6f8f6c9f/,http://sweet-temptation.menzu-iio.sbs/,地図の位置に着きましたら、ご連絡ください。,080-4848-6688,24時間営業
上海養生館,南荒子駅,"35.131862968210015, 136.8559577898081",35.131862968210015,136.8559577898081,https://www.esthe-ranking.jp/tokaidori/shop-detail/ed3fbd39-843f-4251-b066-9954f03e22a0/,http://yoshokan.menzu-ndh.sbs/,高畑駅徒歩8分,090-9916-6888,11:00～23:00
Blue Bell（ブルーベル）,新豊田駅,愛知県豊田市小坂本町１丁目５−１,,,https://www.esthe-ranking.jp/toyota/shop-detail/1010fcc0-1354-438b-ac31-5260abf9550d/,https://bluebell.eei.jp/,アクセス欄に住所あり,050-6871-4038,11:00～翌 02:00
パオパオ,平針駅,"35.122329, 137.005433",35.122329,137.005433,https://www.esthe-ranking.jp/showa/shop-detail/52289fb9-696e-41cb-b5b4-fdcaa532b637/,https://paopao.eei.jp/,アクセス欄に緯度経度と住所あり,080-5746-7380,12:00～翌 03:00
花の音,春日井駅,"35.249019, 136.977033",35.249019,136.977033,https://www.esthe-ranking.jp/komaki/shop-detail/27dd0f3a-dceb-44e0-981c-be0b16549928/,https://hananone.eei.jp/,"☆新店OPEN☆ 春日井駅から近く！クーポン最大3,000円割引あり！集中リンパ60分8,000円コースもあり！",070-8989-4595,24時間営業
セクシ-ONE,小牧駅,愛知県小牧市新町２丁目２９８,,,https://www.esthe-ranking.jp/komaki/shop-detail/1561182c-af07-4dc7-b912-f35563d3e681/,http://sexi-one.xin-hygi.online/,地図の位置に着きましたら、ご連絡ください。,080-7741-7417,10:00～翌 02:00
Luna,豊橋駅,"34.76898615852695, 137.37636880121732",34.76898615852695,137.37636880121732,https://www.esthe-ranking.jp/toyohashi/shop-detail/1c50d043-d402-47b0-b388-38c3aa325703/,http://honey.kdi-111.site/,地図の位置に着きましたら、ご連絡ください。,070-9196-2906,24時間営業
ひのき,新栄町駅,■愛知県,,,https://www.esthe-ranking.jp/shinsakae/shop-detail/23b36f48-69b7-49d7-ac18-5ab1e47bfe94/,http://la-vie-en-rose.online81.jp/,新栄町駅徒歩3分,090-2253-7922,24時間営業
HANAHANA,高蔵寺駅,■愛知県,,,https://www.esthe-ranking.jp/komaki/shop-detail/624481c2-e03a-4d67-b1a2-44a2507303f6/,https://hanahana112233.jimdofree.com/,アクセス欄に住所あり,090-6328-5566,14:00～24:00
Happy House,伏見駅,"35.16823614802001, 136.89467539918732",35.16823614802001,136.89467539918732,https://www.esthe-ranking.jp/sakae/shop-detail/0c7fea40-91f4-47c1-896b-7acac5896a16/,https://happy-love.navi.mn/,アクセス欄に緯度経度と住所あり,050-6867-3015,24時間営業
癒しの家,上社駅,上社駅,,,https://www.esthe-ranking.jp/hoshigaoka/shop-detail/4695be73-ead6-4ccd-ae23-743ca9981973/,http://shzyxw.wrjhebae4.tokyo/,上社駅に着きましたらお電話ください。,070-3888-0588,10:00～LAST
花の姫,藤が丘駅,"35.182384190718004, 137.0224691759824",35.182384190718004,137.0224691759824,https://www.esthe-ranking.jp/hoshigaoka/shop-detail/1f68f3f1-3ba2-4ddc-9c48-eb506257ce28/,https://beauty-girl.navi.mn/,藤が丘駅徒歩5分,050-6876-8287,11:00～LAST
ひまわり,豊田市駅,愛知県豊田市広路町１丁目１３,,,https://www.esthe-ranking.jp/toyota/shop-detail/96b27702-c424-4533-a52f-d530e5542b4c/,http://kui.sh-tiy.xyz/,ここに着きましたら、お電話ください。,080-2623-7971,24時間営業
美人の小屋,三河安城駅,"34.97065056739914, 137.06488421877575",34.97065056739914,137.06488421877575,https://www.esthe-ranking.jp/toyota/shop-detail/d4b9167d-3c4d-4f1b-b7ed-81fa1ee450b9/,http://tsdyh.sh-qia.tokyo/,三河安城駅の近くに着きましたらお電話ください。,080-2960-0891,24時間営業
コーヒー,勝川駅,"35.233834504008804, 136.95339472883595",35.233834504008804,136.95339472883595,https://www.esthe-ranking.jp/komaki/shop-detail/f6303dd9-7494-4f23-9f71-01242d8e3124/,http://coffee.lop-dx.cfd/,着きましたら、ご連絡ください。,090-3109-7972,10:30～翌 02:00
娇藏玫瑰,甚目寺駅,"35.19783749509354, 136.82778506563918",35.19783749509354,136.82778506563918,https://www.esthe-ranking.jp/owari/shop-detail/a06aabd0-5aef-4831-b53c-fa5da3b1487c/,http://romance.menzu-ndh.sbs/,甚目寺駅に着きましたら、ご連絡ください。,080-9298-1409,10:00～翌 03:00
花の楽園館,青山駅,"34.87992233158592, 136.91913097116404",34.87992233158592,136.91913097116404,https://www.esthe-ranking.jp/chita/shop-detail/02efc45e-0a82-40f9-9783-67fb9cc02078/,https://flower-paradise.navi.mn/,アクセス欄に緯度経度と住所あり,090-4791-3120,24時間営業